m.z	r.t	p.value	t.score
100.0757	0.821	0.962	0.04828127492221186
100.0757	0.957	0.726	-0.3607085111347885
104.0706	5.078	0.537	0.6397378449348108
104.0706	5.342	0.0125	3.03689465472075
104.0818	4.801	0.142	1.5961934291876356
104.107	2.695	0.349	-0.9836223603995338
106.0861	3.797	0.443	0.7988198843861324
106.0862	3.75	0.817	0.23698680474516293
110.0601	2.847	0.374	0.9310374343952595
114.055	5.645	0.406	0.8675391567233053
115.0866	4.961	0.44	0.8045020716882737
116.1071	0.643	0.588	-0.559508815177896
116.1072	2.001	0.496	0.7058231760007302
116.1073	1.209	0.382	-0.9141888170383676
116.1153	1.178	0.302	-1.087556940822669
116.1171	1.124	0.78	-0.28714873519256556
118.0612	6.417	0.556	0.6098687550764635
118.0867	4.678	0.888	-0.14400534464708536
120.0658	1.662	0.755	-0.3210027754714281
121.0283	3.861	0.773	-0.2957850676475566
121.0647	3.848	0.0728	2.00451585734776
122.0634	4.935	0.993	-0.008401602494405483
123.0553	5	0.116	1.7190455688874107
124.0759	2.019	0.55	0.6181663225791851
126.022	6.25	0.727	0.35869138955699825
126.1027	5.435	0.128	1.6613242881205994
127.0502	5.493	0.763	0.30932372070854397
128.0819	2.693	0.0331	2.46977626178596
129.0654	5.675	0.326	-1.0339750600012674
129.066	6.198	0.839	-0.20820707365034033
130.0499	4.245	0.76	0.3142899817882978
130.0863	7.575	0.333	1.0162318146798874
131.118	4.745	0.178	1.4496928521740549
132.0771	6.113	0.347	0.9861781823271651
134.06	3.798	0.483	0.7289014757583455
134.0964	3.15	0.932	0.08807764577808125
134.1175	3.699	0.336	1.0099685746392932
137.0458	2.887	0.327	1.0297841506390735
137.0458	2.938	0.255	1.207495522414585
137.071	3.764	0.0507	2.2193805792731744
137.071	3.801	0.0843	1.9161622462821382
138.0541	2.867	0.307	-1.076875742696453
138.0549	3.649	0.269	-1.1692406495709902
138.0556	4.837	0.863	0.1775785901721755
138.055	4.139	0.347	0.9864109216475145
138.0624	4.733	0.415	-0.851157522777438
138.0661	1.098	0.353	-0.9743176674979666
138.1025	5.435	0.607	0.5313835085768701
139.0607	1.079	0.884	0.14989691999996813
139.061	1.079	0.987	0.01646173722874942
141.0658	4.643	0.433	-0.8164997696221926
141.0661	5.379	0.0923	1.861126180172234
141.066	5.082	0.271	1.1638636520216314
141.067	0.564	0.908	-0.11862980252355479
142.0863	0.641	0.0435	2.3096848347863776
142.0973	1.094	0.165	1.4996355129160217
142.1225	3.003	0.208	-1.346208366352048
143.0815	5.028	0.647	0.47259028758588
143.0816	5.378	0.0074	3.347428940337909
143.0816	5.617	0.557	0.6075719654133538
144.1021	3.801	0.0366	-2.410643573104381
144.1028	4.464	0.157	-1.5281216063966288
144.102	5.362	0.202	1.364161347289212
145.133	4.296	0.751	0.32648343847117867
145.1699	7.412	0.101	-1.8058571127617291
146.0625	0.515	0.471	-0.749416305803484
146.0812	0.629	0.107	-1.7724775595374425
146.0812	5.106	0.366	0.9478801520628889
146.0812	5.63	0.931	-0.08887268842118995
146.0813	1.149	0.238	-1.2550998390134653
146.0919	1.119	0.0503	-2.2245965693845315
146.0921	5.109	0.641	0.48111499056684753
146.0925	2.629	0.012	3.0613034075507133
146.1176	5.027	0.862	-0.1779620658146895
146.1176	5.061	0.365	0.9488229200364289
147.0474	4.904	0.0209	2.7368322833701524
147.0765	6.582	0.655	-0.4605098715198836
147.1129	8.251	0.932	0.0875289391266029
148.0968	5.031	0.214	-1.3278716524705392
148.0968	5.08	0.695	-0.40325768383220534
148.1118	0.543	0.911	0.11486592689290347
148.1137	1.924	0.879	0.15599723399442061
148.1227	1.073	0.961	-0.05043256791823795
149.0597	5.975	0.112	-1.7416003266820177
149.1073	1.011	0.866	0.1734629562013529
150.0583	1.33	0.51	0.6830060016818897
150.0585	0.581	0.59	0.5566357364349263
150.0694	1.101	0.891	-0.14050052795240142
151.0615	0.588	0.992	0.00997680892069671
151.0615	1.336	0.208	1.3456477027520117
151.123	0.863	0.531	0.6493143263710003
151.145	3.083	0.518	-0.6702371204599219
152.0704	5.985	0.594	-0.5507842415930058
152.0705	3.686	0.995	-0.006502091516469689
152.0707	5.511	0.667	-0.4429956765176965
152.0805	5.528	0.556	-0.6089812393537989
153.0767	1.112	0.453	0.7807255563666686
153.1273	3.887	0.0431	-2.31565643005547
153.1276	0.538	0.0569	-2.1513049051023554
154.0587	5.989	0.22	1.307682899216676
156.0772	7.669	0.37	0.9394887073790753
156.0846	7.666	0.384	0.9107072609686742
156.1019	0.817	0.305	-1.0805508585859134
157.0608	6.057	0.26	-1.193108944776091
157.0971	5.014	0.474	0.74399376102213155
158.1176	4.212	0.796	0.26493482390774076
159.0764	6.269	0.275	-1.1552995705933384
159.1128	4.592	0.226	1.2913222826429245
159.1492	0.568	0.878	-0.15788873566187553
159.1496	7.852	0.0984	1.8222328241293058
159.149	3.721	0.775	0.29363522625700916
159.1571	7.853	0.532	-0.6475676959806907
160.0972	5.086	0.0938	-1.851879721767308
160.1051	5.081	0.529	-0.6514903022780676
160.108	1.102	0.601	-0.539898316791234
160.108	4.58	0.851	-0.19341407788254666
161.1285	7.824	0.947	-0.06779901717382245
161.1285	8.241	0.799	0.26188242086424257
161.1285	8.436	0.0505	2.2228032052605204
162.1128	5.221	0.823	0.23018411358698596
162.1129	5.651	0.812	0.24367363983322432
162.1205	5.226	0.972	-0.03602123379568891
163.1229	8.006	0.826	0.2257864365351202
163.123	2.224	0.807	0.2503567983345139
163.123	2.886	0.853	0.18950209782093033
165.1386	0.836	0.87	0.16799727161908637
166.0724	3.376	0.252	1.2149457694341361
166.0724	3.417	0.232	1.2711899154997162
166.0861	4.404	0.701	0.3952478602660651
166.0862	4.968	0.896	0.13423718912223548
166.1227	0.961	0.767	0.3046660778800137
166.1302	1.899	0.946	0.06946235806141259
166.1333	1.023	0.594	-0.5511215402123126
167.0563	1.285	0.764	0.30795880364330686
167.0564	0.555	0.763	0.3096059475504599
167.0727	0.556	0.214	-1.3274051125066475
168.1385	1.92	0.999	-8.087652555843368e-4
169.0495	0.477	0.274	1.1577931301157631
169.0608	5.613	0.345	0.9921073648621889
170.0601	2.773	0.913	-0.11237833685301266
170.0923	3.67	0.766	0.3061929419576797
170.0932	6.855	0.214	1.327627396374395
170.0932	7.795	0.398	0.8827005851403157
170.1004	7.738	0.534	-0.6445126841219534
170.1005	6.913	0.0315	-2.4996792976380036
170.1005	7.836	0.253	-1.2119975517263886
170.122	7.798	0.0948	1.8450106868313962
171.0765	5.52	0.295	1.105710153602606
171.0765	5.569	0.316	1.0564303064312206
172.0968	0.853	0.964	0.046605025803459814
172.1096	2.858	0.621	0.5097139695462505
173.092	5.448	0.326	1.0324718637357218
173.092	6.33	0.75	-0.3278062223817779
174.0921	0.831	0.979	-0.02722916295333317
174.1125	0.823	0.132	-1.6392300554845922
174.1237	3.273	0.472	-0.7478533469630517
175.0713	5.433	0.422	0.8370105696300775
175.0713	6.64	0.709	0.3841837830834843
175.119	8.106	0.556	-0.6094114048667809
175.1444	7.562	0.801	0.2583242439429421
175.1523	7.555	0.757	0.3175802830344248
176.0108	4.197	0.107	1.7701272608724503
176.0108	4.794	0.371	0.9366700723617075
176.0666	7.162	0.782	-0.28404826902134367
176.0708	1.349	0.416	0.8488440158554956
176.103	6.238	0.551	0.6178078445885713
176.1075	0.501	0.124	1.6810904988689783
179.1178	3.527	0.995	0.006385352020331347
180.0656	0.532	0.418	-0.8450000926652574
180.088	0.589	0.705	0.38904117507334257
181.0609	1.423	0.891	0.14042920581425516
181.0617	1.482	0.338	1.0060201874742796
181.0624	1.495	0.741	-0.33928063747617204
181.0671	1.616	0.541	-0.6322148667752557
181.0714	0.523	0.796	0.26511948971200494
181.0838	0.54	0.217	1.3185480631525863
182.0577	5.354	0.998	-0.0023672922652498087
182.0577	5.415	0.258	-1.198466720030761
182.0579	4.331	0.291	-1.1153220277559202
182.0808	5.647	0.57	-0.5869358537236684
182.0811	5.07	0.0456	2.2821325604198828
182.081	1.497	0.0974	-1.8284167368000193
182.081	5.498	0.983	0.021847623130656964
182.0917	0.888	0.382	0.9136154361274152
182.1285	0.539	0.822	-0.23062293471581402
182.1403	1.095	0.417	-0.8465372698912474
184.0621	3.682	0.773	0.29694275270774234
184.108	7.646	0.506	0.6896781396095317
185.1648	5.491	0.0841	1.91825120517352
186.1125	0.809	0.452	-0.7829103232947128
188.0705	0.471	0.00229	-4.059868876913974
188.1029	5.618	0.528	0.6537888550275108
188.1155	8.031	0.615	0.5193055775138494
188.1281	0.812	0.694	-0.4053179744944646
188.176	8.261	0.0736	1.9979396450808176
188.184	8.262	0.124	1.6786218571943416
189.0423	4.98	0.562	0.6003390049773422
189.087	5.641	0.916	-0.10870977837679136
189.1232	6.685	0.182	1.4328904683201116
189.1234	6.353	0.684	0.4193780634191436
189.1345	7.821	0.749	0.32859443562229784
189.1346	3.204	0.13	1.6516750657201957
189.1607	7.584	0.579	0.5727566368000829
189.168	7.64	0.982	0.02287536449228107
190.1186	6.676	0.328	1.0274179513068114
191.0662	7.745	0.775	0.29373585681342124
191.139	7.741	0.975	-0.03171145715574432
192.0743	6.855	0.279	1.1443584002187792
193.0836	4.971	0.896	0.13361453795084183
193.1319	7.203	0.189	1.4078900757634694
193.1547	4.681	0.398	-0.8828530106964286
193.155	3.944	0.777	-0.29130469144436416
195.0875	0.506	0.376	0.9262168856250351
196.0603	7.154	0.734	-0.34941069091037297
198.0529	5.13	0.0994	-1.8164001476058738
198.0873	5.991	0.874	0.1631831670667793
198.1236	6.476	0.582	-0.5681525475382924
199.0825	3.657	0.626	0.5024679884096618
199.0826	0.565	0.727	0.3585965729271336
199.096	3.252	0.306	-1.077665698543576
199.1075	0.555	0.468	0.7545061177794982
200.107	1.003	0.428	0.8268929054202689
202.1072	3.8	0.537	0.6393602834940907
202.1185	4.047	0.0968	1.8321273639378923
202.1187	4.623	0.0573	2.1479875093413354
202.1438	0.819	0.507	0.6888392904449709
203.0527	5.677	0.93	0.09067525131509112
203.1391	5.524	0.655	0.4611921494075654
203.1391	5.557	0.472	0.7468136291224536
203.1393	5.108	0.0872	1.8959073284131382
203.139	5.989	0.866	-0.17272082394231644
203.139	7.531	0.226	1.2908885951649196
203.1478	5.105	0.112	1.74055189563004
203.1485	5.527	0.687	0.4144172246996473
203.1513	6.974	0.2	1.3726004525124993
204.0866	0.88	0.551	0.6164709721129313
204.0866	8.005	0.982	-0.023598098847326245
204.1231	0.528	0.964	-0.04660962468852038
204.123	1.344	0.892	0.13893147843921533
204.1333	0.552	0.419	0.8425664931152713
204.1343	4.98	0.76	0.31463108025799386
204.1347	1.095	0.941	0.07585559396432982
204.1421	5.101	0.118	1.7101789152928815
205.0684	5.668	0.676	-0.4298733707574878
205.0822	7.274	0.433	0.8167372096874863
205.0972	4.752	0.994	0.007270286652637091
205.1184	8.039	0.549	0.6196967243172316
205.1261	3.722	0.944	-0.07186797087756748
205.155	7.708	0.863	-0.17727185364977405
205.1634	7.711	0.14	1.6051069589070377
206.0819	0.514	0.579	-0.5727419482874636
207.1049	0.834	0.408	0.8642539216989906
208.0429	5.441	0.837	0.2109517616077491
208.0968	0.848	0.00587	-3.4852025140962652
208.1807	5.435	0.107	1.7730480189388145
208.1	7.499	0.59	0.5572684532582156
209.0968	8.083	0.598	0.5452070925046203
209.1172	0.959	0.462	0.7653395803165463
209.1284	7.334	0.537	-0.638875507934779
211.1077	7.422	0.621	0.5094350011518208
212.0916	3.99	0.979	0.026623081411728537
212.1032	5.558	0.679	0.42654902701790365
213.0984	6.64	0.352	0.9755484719373905
213.1237	2.92	0.445	-0.795347058749682
214.1185	6.612	0.992	0.009687054797716385
215.0163	5.665	0.74	-0.3412704995096839
215.1391	5.03	0.0502	2.225326320762362
215.139	5.001	0.123	1.6830940215225805
217.1384	6.201	0.94	0.07702125748214488
217.13	6.202	0.842	0.20423205029701
217.1546	5.792	0.755	0.3208460854371745
217.1547	7.121	0.376	-0.9267144388026548
217.1548	5.348	0.234	1.2678687323870137
217.1647	5.35	0.397	0.8854912059301502
217.1656	3.908	0.201	-1.3686570392765685
218.1387	0.519	0.957	-0.055021353288150866
218.1387	2.855	0.764	0.30809017885928464
218.1498	8.373	0.446	0.7926993117332066
218.1862	3.124	0.37	0.9378617689945012
219.0266	5.653	0.95	-0.06382083841773778
219.0611	7.946	0.486	0.7231654888023503
219.0611	8.095	0.606	0.5329201206731597
219.1338	7.942	0.649	0.469781377521889
220.0637	4.274	0.564	0.5973679968132155
220.1182	0.536	0.182	-1.4335689886804943
221.0422	5.654	0.748	0.33016721476395194
221.0769	7.97	0.291	1.1141085068192116
221.1607	4.761	0.143	1.5881516905752406
222.1125	0.819	0.796	-0.26578749485868036
222.149	1.068	0.387	0.904901399206855
223.1665	5.438	0.372	0.9355479391180286
224.139	7.26	0.931	0.08822575516367392
224.139	7.455	0.568	0.5902274623452602
225.112	0.839	0.605	0.5336647337157688
225.1236	7.192	0.441	0.8016826660762956
226.082	3.788	0.848	0.19612890231983432
226.9517	5.826	0.322	-1.0413016616119903
227.1138	8.055	0.701	0.3948985762994935
227.1262	3.586	0.0351	2.4356846962591185
227.1263	3.423	0.0345	2.445615914399913
227.1277	0.83	0.606	0.5330867966578263
228.0868	4.611	0.144	1.5837843719869018
229.0852	3.063	0.208	1.3464396746239258
229.0864	0.532	0.31	1.0703198506891332
229.086	4.099	0.758	0.3161666175822847
229.1293	6.895	0.746	0.3332083243806171
229.1547	3.637	0.0275	2.577393859541344
229.1548	0.532	0.731	-0.35350633032022805
229.1548	5.62	0.07	2.028489049815223
229.1553	4.5	0.0219	2.711421125455107
229.155	5.116	0.194	1.3914997551691164
229.155	5.197	0.364	0.9518063943692958
229.1634	4.529	0.514	-0.676829183059975
229.1663	1.078	0.465	-0.7604500276905043
230.1217	6.531	0.918	0.10622947229682735
230.1247	5.055	0.00236	4.039951116072188
230.1863	4.368	0.0151	2.928834088820349
230.9901	5.64	0.915	0.10955469427264283
231.0378	5.108	0.262	1.1880108350032357
231.1451	5.95	0.536	0.6408584546941072
231.1702	5.351	0.34	1.0010340410093221
232.1179	0.789	0.858	-0.1840346598646061
232.1291	5.085	0.319	1.0486182614519182
232.1403	9.087	0.649	0.46895673564825174
232.1544	0.515	0.852	-0.19199319722219244
232.1661	1.064	0.575	-0.5794572723747068
233.0632	5.675	0.316	-1.0544325735532714
233.1495	8.034	0.743	0.3371044641060694
234.1136	0.825	1.28e-4	-6.02185322643992
236.1281	0.823	0.639	0.48402938016330593
238.1083	1.113	0.797	-0.2636618467275102
238.1548	5.5	0.795	0.2665094856556961
238.1548	7.049	0.513	0.6789329618485083
238.1549	6.221	0.207	1.3501116340656216
239.0726	0.758	0.28	-1.1418613497364163
239.1389	6.704	0.349	0.9823356883958336
239.1389	6.713	0.977	-0.029909151795240476
239.1389	7.307	0.175	-1.4597965289074168
239.139	0.892	0.744	-0.33513633434617845
241.0311	8.284	0.815	-0.23995168750822254
241.0948	5.126	0.0464	2.2725604792781215
241.1294	5.434	0.0738	1.9968115272282057
241.1295	4.812	0.14	1.6018482593618166
241.1295	7.948	0.265	1.1814490539748186
241.1296	7.647	0.824	0.22855115052913133
241.1398	7.647	0.568	0.5903571314822336
241.1547	4.545	0.0268	2.592767013032511
242.077	7.275	0.621	0.5098315112427965
242.1389	0.944	0.751	-0.32627954915015017
242.1402	1.026	0.964	0.04652033170175987
242.161	7.083	0.966	-0.0438367681192912
243.1339	2.784	0.0322	2.486086144855708
243.1341	3.697	0.753	-0.32362758919411017
243.134	0.517	0.192	1.3981651249402347
243.145	6.522	0.568	0.5900983731185524
244.1291	6.675	0.886	0.14752010537763366
244.1542	0.514	0.816	0.23871287073357572
244.1543	0.514	0.816	0.23871287073357572
244.1655	7.349	0.423	0.8349231498430779
244.1711	3.76	0.309	-1.0719534550710559
244.1782	1.066	0.697	-0.4010481907521308
245.0744	5.671	0.851	0.19234999443325027
245.0768	4.431	0.255	1.2066062766198875
245.1494	5.617	0.821	-0.2318956880304973
245.1502	0.513	0.12	1.6979960718692038
245.1607	5.031	0.509	0.6856408569660919
246.1701	0.513	0.859	0.18237944551806706
246.1703	1.784	0.75	0.3274493456827313
246.1812	7.713	0.425	0.8324665566292381
246.1817	1.057	0.864	-0.1754973925078521
247.0923	5.625	0.706	0.3885153556962435
247.0924	6.031	0.247	-1.2308696025690329
247.1288	5.996	0.513	0.6785273047218785
247.1289	6.343	0.55	0.6188954591250667
247.1398	7.906	0.42	-0.8411614329130379
247.1439	3.672	0.481	0.7326548996731334
247.1759	4.792	0.223	-1.2995455282363173
248.0219	3.653	0.852	-0.19093716211785824
248.0876	8.065	0.885	0.14832890884485972
248.0918	1.204	0.949	0.06574469624262455
248.1128	6.388	0.832	-0.21774385636078053
248.1129	6.726	0.894	0.13667001372131587
248.113	6.597	0.342	0.9972816103997266
248.1491	4.879	0.309	1.072680722660213
249.0371	5.647	0.143	-1.58937710784446
249.0715	8.062	0.597	-0.5461897547001484
249.1815	3.858	0.089	-1.8836348262071834
251.1134	3.627	0.353	-0.973402265331728
251.1279	0.811	0.29	1.1178847204473144
252.1343	7.787	0.811	-0.24595297991393858
254.1021	1.343	0.453	-0.781541140512221
254.1022	1.426	0.402	-0.8746659874388351
254.1399	0.822	0.681	-0.42346113705623256
254.1498	4.993	1.05e-5	8.107798802325561
254.161	4.479	0.105	1.7818381250409452
255.0466	7.917	0.907	0.1204660701840599
255.0974	5.375	0.109	1.760329384146795
255.11	5.346	0.358	0.9628977303287211
255.1338	4.731	0.826	-0.22521311676359967
255.1338	6.529	0.273	1.161217749362099
255.1338	6.666	0.798	0.2623061594497833
255.1338	7.244	0.138	-1.614409931271264
255.145	7.703	0.784	0.28169169530833266
255.145	7.9	0.44	0.8033781192195428
256.0926	7.215	0.353	0.9742780467183182
256.0927	6.58	0.481	0.7321768239879868
256.1125	1.174	0.989	-0.01460033557020803
256.1676	0.503	0.756	0.3198331575147524
257.1498	0.514	0.183	1.4301099858298234
257.1614	1.054	0.698	0.3996902151202623
258.1084	4.933	0.837	0.21116909907184755
258.1091	1.209	0.748	-0.3301517116684097
258.1102	6.605	0.669	0.4405227261728302
258.1176	1.152	0.96	-0.051213064342726475
258.1263	1.308	0.788	-0.2758464307566797
258.1831	1.076	0.134	-1.6322698472992259
259.0923	5.647	0.355	-0.9699846550700436
259.0924	6.027	0.238	-1.2540426153823714
259.0977	3.914	9.15e-9	17.233573494101325
259.1399	7.449	0.643	-0.4773261454363755
260.0553	4.577	0.946	0.0690534368840437
260.1491	3.321	0.134	1.6298466725162473
260.1492	0.522	0.985	0.019768908237840714
260.1646	3.678	0.434	0.8159493333938103
260.1714	7.614	0.597	0.545813247951797
260.1969	7.609	0.153	1.5459627656937383
261.0484	5.649	0.757	0.3186050916662644
261.0978	4.033	0.809	0.24867990351931296
261.1081	6.704	0.59	0.556003492698639
261.1237	0.961	0.937	-0.08085825371127597
261.1444	6.658	0.801	0.25831077831023186
261.1467	0.515	0.817	-0.23735502854340657
261.1807	3.948	0.0757	-1.980988502060774
261.1807	4.595	0.0655	-2.0684666403976633
261.1808	4.525	0.0576	-2.1441991318776155
262.0379	7.079	0.621	0.5103907201950877
262.0837	4.292	0.666	0.4449006727589252
262.1032	7.903	0.313	-1.062406008973414
262.1032	7.992	0.655	0.4601065755249887
262.1284	5.3	0.371	0.9359634582733155
262.1284	5.669	0.466	-0.7587279203329322
262.1284	5.688	0.532	-0.6465313276880724
262.1285	6.335	0.735	0.34774806544222386
262.1396	7.95	0.828	-0.22303103029937987
262.1396	8.205	0.725	0.3620136199963854
262.1644	0.838	0.486	0.7241592431207126
262.1646	0.527	0.88	-0.15527561845417248
262.1648	4.112	0.15	1.5590931170340216
263.0519	0.516	0.252	-1.2150209091880058
263.16	8.312	0.75	-0.32727152434183376
264.1191	6.316	0.554	-0.6120350839342469
265.0679	5.615	0.171	-1.4734000188941767
265.1117	4.669	0.821	-0.23293917812307857
265.1186	1.302	0.95	-0.06468954910969939
265.1191	0.536	0.792	0.27152940097361605
265.119	3.255	0.489	0.7180396641778574
265.1304	1.09	0.657	0.45701801998785024
265.1304	1.117	0.428	-0.8254398348452422
265.1524	0.556	0.108	-1.7664283063919963
265.1546	0.538	0.906	-0.12093297308658729
265.1623	0.765	0.762	0.31092731900769666
266.1595	6.173	0.266	-1.17904428779399
267.1102	4.521	0.0359	2.4232217742244964
267.1104	4.411	0.0433	2.312583909890075
267.1106	5.18	0.418	0.845580576593414
267.1246	0.529	0.817	0.23738141857309777
267.1331	0.956	0.939	-0.07886376465294172
267.1446	1.058	0.668	-0.4414394163915427
269.1243	5.618	0.664	-0.4476335916047083
269.1245	6.119	0.57	-0.5874738312543893
269.1382	0.482	0.101	1.8043014942945181
269.1488	0.515	0.561	0.6012964343451096
270.0849	5.113	0.242	1.2449627897786801
270.181	6.589	0.927	0.09419767027775522
270.1866	0.504	0.588	0.5589732808846668
271.0749	5.387	0.756	-0.3197173226502158
271.1036	7.939	0.969	0.04001991385186337
271.1654	0.513	0.0866	1.900493675593756
272.0764	5.633	0.251	1.2194885051906776
272.1239	7.242	0.152	-1.5495321940291806
272.1351	8.064	0.828	-0.22300521802370896
272.1603	7.087	0.12	-1.70225096618658
272.1669	0.804	0.743	-0.3371467270173202
272.1848	0.513	0.58	-0.5720559404315674
272.2102	1.101	0.907	-0.11938804740628255
272.2	0.839	0.622	-0.5092939617149881
273.108	6.263	0.841	-0.20564045663961975
273.1211	4.643	0.588	-0.5602076230920748
274.092	6.927	0.508	-0.6861031413560258
274.1032	7.233	0.505	-0.691082604990772
274.1827	0.517	0.109	1.7591743487477287
274.2014	1.11	0.915	-0.10997234440692351
274.2017	0.511	0.996	0.005253864936934879
274.204	0.853	0.029	-2.5467999985126992
274.213	1.103	0.803	-0.256089113919629
275.1025	4.835	0.956	-0.05690975245824986
275.1027	3.588	0.293	-1.1088527069793557
275.1964	4.494	0.503	-0.6953275448596211
276.1362	0.536	0.987	0.016512574333516543
276.1365	3.423	0.941	-0.07567455192623984
276.1442	5.613	0.535	0.6426074303059436
276.1443	0.534	0.232	-1.2714813563082343
276.144	5.168	0.623	0.5066787654612246
276.1453	1.041	0.864	-0.17511347133681351
276.145	0.594	0.696	0.4028716252359316
277.0892	5.723	0.398	-0.8829346008103571
277.1189	5.653	0.689	0.41154916669179087
277.1868	4.613	0.711	-0.3818947847846823
278.1233	7.262	0.517	-0.6711749951139278
279.0855	5.437	0.269	1.1698340181734792
279.1103	5.146	0.232	1.2718890118276227
279.1188	7.964	0.998	0.0021327686247908876
279.1553	8.49	0.889	0.14318032682437914
279.6859	6.11	0.874	0.1624865776549251
280.1183	0.99	0.03	-2.5283651168369974
280.1651	3.874	0.104	-1.7882910300928678
281.1493	4.837	0.229	-1.2821805648524123
281.1494	0.927	0.747	-0.3316771903552735
281.1496	3.679	0.154	-1.5406483425161983
281.1705	8.579	0.641	0.4804228987343967
282.12	4.907	0.964	-0.04619683226698199
282.1923	4.853	0.375	0.9284170435261337
283.1286	0.516	0.802	0.2571339320209619
283.1399	5.642	0.964	-0.046002012753153805
283.1399	7.299	0.513	0.6775890610903504
284.0796	7.959	0.113	-1.7374473973842341
284.1853	1.366	0.72	0.36919647716235493
284.1854	1.331	0.634	0.4916710200095397
285.1557	7.39	0.465	0.7596305477947966
285.1808	1.647	0.846	0.1989687192754749
285.1823	0.513	0.978	0.028516532637014987
286.1283	4.119	0.0216	2.7183213535689346
286.146	3.481	0.751	0.3263768135195295
286.1784	0.829	0.244	1.238141865000506
286.2017	0.511	0.516	0.6734691985809124
286.2017	1.13	0.555	0.6111698825947876
286.2373	0.511	0.667	0.4431391013137921
286.2374	0.512	0.866	0.1733189589301183
287.1002	0.56	0.777	0.29082380317631246
287.1373	4.543	0.45	0.7864868062965281
287.1598	3.82	0.247	1.2289546183483873
287.1968	4.478	0.128	-1.6614929657001938
287.244	7.296	0.0864	1.9017460461024747
288.1189	7.178	0.796	0.26578784882214296
288.1598	0.546	0.304	1.0831015246557376
288.1801	0.517	0.899	0.1305669521901034
288.1942	1.833	0.627	0.5018798479192829
288.1956	0.873	0.239	-1.2532630092272643
288.2081	1.122	0.747	0.3322540280891094
288.2166	0.952	0.921	0.10180847976587208
288.216	0.509	0.283	1.1348298647163781
289.1504	7.992	0.957	-0.05541699228122011
290.1021	0.834	0.544	-0.6285942097182218
290.1344	6.639	0.983	0.021840657916124655
290.1356	3.737	0.84	-0.20723852932309686
290.1459	8.196	0.571	0.5852915916276555
290.1597	0.522	0.258	-1.2001024239175473
290.1597	5.587	0.633	0.4925143608256979
290.1599	5.099	0.387	0.9050177856854871
290.1722	1.062	0.829	-0.22105236967632627
290.1764	0.527	0.512	0.6797770877455014
290.177	2.893	0.215	1.3231668750745245
290.8472	5.298	0.0506	-2.22106643767168
291.1062	6.1	0.912	-0.11296574275643734
291.1297	8.546	0.78	-0.28687562594784943
292.131	4.071	0.993	-0.009242936414644479
292.1576	1.593	0.128	-1.659506861906564
292.1577	0.516	0.0997	-1.8142164021453646
292.1687	7.349	0.799	-0.26086625133264324
292.2016	6.535	0.667	-0.44332260560939873
293.0632	5.651	0.247	-1.2308217640407217
293.0633	5.418	0.776	-0.2929049666190386
293.0895	4.725	0.891	-0.14023402997848158
293.1706	8.464	0.205	-1.3557188449178987
295.1498	8.885	0.256	-1.2060428474091176
296.0658	6.593	0.518	0.6702992080285819
296.149	3.657	0.174	1.4619293143974144
296.1853	0.806	0.242	-1.2430979826640747
297.1228	3.628	0.936	-0.08187488481790352
297.1938	0.496	0.613	0.5227590462811516
298.0967	0.547	0.56	-0.6024892684553129
298.0967	1.246	0.447	-0.791456997276017
298.1143	3.752	0.357	0.9660155913571041
298.1873	9.502	0.748	-0.3301309137161581
298.201	0.979	0.842	0.20472539092077705
299.126	3.683	0.917	0.10644842930560677
299.135	8.024	0.412	0.856658412308912
299.1366	4.533	0.118	-1.7082484363155177
300.1077	6.514	0.396	0.8866349933811337
300.1564	3.706	0.512	0.6800354290959055
300.217	0.93	0.579	-0.5733043461245393
302.0868	6.646	0.483	-0.7284252825937078
302.1348	8.135	0.564	0.5960028808294483
302.1415	0.545	0.804	0.25472700729050424
302.1597	5.093	0.465	0.7601346398321912
302.1959	1.349	0.113	1.7387445010816993
302.1962	0.515	0.181	1.4372637969336404
302.1962	1.924	0.166	1.4942716613124538
302.196	2.176	0.406	0.8668021264976541
302.2328	0.854	0.842	-0.20473392265006116
302.244	1.057	0.905	-0.12270692571312557
303.074	3.42	0.504	0.693819182517845
303.1184	6.154	0.762	-0.31094187578776494
303.1672	0.526	0.581	-0.570396970856645
303.1914	5.064	0.0215	-2.7224749790474094
303.2022	4.502	0.128	-1.6619593178068348
304.0483	7.9	0.304	-1.084420969844633
304.129	4.045	0.668	0.44139722385558194
304.1747	0.518	0.622	-0.5079593717205116
304.1751	1.535	0.874	-0.16326803619895383
304.189	4.071	0.987	-0.016205543432867835
304.1907	1.283	0.592	-0.5537538372824903
304.2115	0.514	0.478	0.7363769251675798
304.2115	1.134	0.899	0.12962843634020346
305.0866	4.783	0.222	-1.3030540629093879
305.1818	5.115	0.0737	-1.9970788089741955
305.1855	0.518	0.842	0.20480750374782541
306.0641	1.47	0.793	-0.2697546278741341
306.064	1.508	0.822	-0.23158501846817453
306.1705	1.305	0.0501	-2.226387193358783
306.1713	0.517	0.0719	-2.0121574245786182
307.044	4.081	0.641	0.48086047409390326
307.161	8.376	0.709	0.3840842687026633
307.1868	5.097	0.0972	-1.8300245375763302
307.2016	1.987	0.444	0.7975967814410995
308.1524	4.919	0.124	-1.6786030654110262
308.176	1.079	0.982	0.02313358923684506
308.1853	1.095	0.0954	-1.8413839858146472
308.1855	0.51	0.278	-1.1466579958621992
308.1999	0.517	0.619	-0.5131030456431592
310.2019	0.968	0.848	0.19699917624015395
310.2131	1.051	0.669	-0.4404797826027551
311.1306	0.539	0.647	0.47274589939650874
311.1494	0.538	0.173	-1.4674040172119178
311.1543	0.959	0.933	-0.08600468074661906
312.1301	3.316	0.534	0.6435677360791241
312.1302	0.589	0.921	-0.10149340875286132
312.2168	0.956	0.0773	-1.969146774540831
312.2284	1.053	0.0375	-2.3968972799836545
313.0582	4.803	0.994	-0.007301108538396643
313.0853	4.046	0.381	-0.9155030053019414
313.1521	4.481	0.748	-0.33042556807271645
313.1894	0.512	0.393	0.8935837306551682
314.1594	5.081	0.228	1.2833056590724992
314.1706	3.875	0.875	-0.16118926578086545
314.1708	8.331	0.704	0.3908296860303735
314.2326	0.846	0.97	0.03797727422817799
315.1773	6.535	0.297	-1.1014559370710963
316.2116	0.514	0.31	1.0700682003071937
316.2116	1.398	0.136	1.620412467681381
316.2339	4.229	0.494	-0.7104195010493637
316.2476	0.839	0.855	0.18693666067967535
316.2478	0.506	0.542	0.6318453379703741
318.1351	0.512	0.208	-1.3453132344826246
318.1705	4.031	0.872	-0.16548030615233839
318.1769	7.436	0.828	0.22302547725122127
319.0689	4.915	0.479	0.7347996886083048
319.1247	7.989	0.71	0.38220662553921336
319.1611	8.704	0.538	-0.6375044316288009
319.1644	0.958	0.128	1.6584723287638512
319.1647	0.799	0.25	1.2199971831530882
319.1651	2.866	0.443	0.7985449230890074
319.1866	5.073	0.0994	-1.8159620221321449
319.1974	4.634	0.28	1.143274512475063
321.0817	5.637	0.477	-0.7394329118594795
321.1793	0.952	0.235	1.2629101426395415
323.2063	0.497	0.664	0.4479057716584051
324.1254	3.727	0.88	-0.1542487975583168
324.1915	2.868	0.58	0.5722783714512738
324.2159	0.482	0.0291	-2.5459190350909897
325.0911	5.475	0.802	-0.25753360759138394
325.1527	4.364	0.115	-1.7271466001189333
325.1604	9.129	0.98	-0.02568408726359428
325.1744	0.519	0.771	0.29956211186173126
325.1745	5.495	0.458	-0.7713339702647892
325.188	0.522	0.553	0.6141062340820567
326.1959	0.963	0.588	-0.5589573934156725
327.0499	3.959	0.114	-1.730919980624571
327.1515	4.429	0.114	-1.7291794249889452
328.102	5.48	0.875	-0.16108646197610033
328.1875	0.548	0.983	-0.021458290678480475
328.2115	0.513	0.859	-0.1828589763551029
328.248	0.503	0.343	0.9949607616645803
328.248	0.84	0.683	0.42097852405517633
329.2067	3.328	0.897	-0.13233229045976605
330.1905	3.683	0.0787	1.9576222017228868
330.2273	1.14	0.138	1.61388845542261
330.2274	1.901	0.665	-0.4464998106939833
330.2275	0.513	0.95	0.06489231237034922
330.239	1.114	0.259	1.196570048665931
332.2422	0.515	0.178	1.448537931088197
334.1857	5.112	0.163	1.5058418005378817
336.1915	2.914	0.282	1.1381892908343758
336.2167	0.936	0.889	-0.14343844497107303
337.1424	2.92	0.179	1.444548269458942
337.1426	7.325	0.523	0.6624180463882187
337.1716	8.371	0.456	-0.7747666991132475
338.0821	3.245	0.933	-0.08627428983675373
338.1417	3.093	0.351	-0.9778893086925644
338.1759	1.329	0.944	-0.07197168709337853
338.2064	2.907	0.727	0.3589363836794964
338.2322	0.863	0.846	0.19881543348515157
339.1545	7.985	0.251	-1.2174747552333411
339.1549	5.726	0.903	-0.12440045699212264
339.166	4.664	0.43	0.8225020392758937
339.1871	0.5	0.887	0.14615115071343507
340.1023	4.899	0.565	-0.5954970692448667
340.1024	4.787	0.745	0.334655349440233
340.1319	7.149	0.751	-0.32686425062055147
340.1324	5.379	0.835	0.2143839983394664
340.1864	3.25	0.733	0.35132931500547193
340.2477	0.841	0.961	0.05021582951048002
341.0653	3.749	0.237	-1.25807298222941
341.1373	2.931	0.414	0.8517891931939424
341.1704	5.083	0.507	-0.6881454950667275
342.0848	4.055	0.0651	2.072049800677178
342.1724	3.926	0.531	0.6484648351777548
342.1728	0.923	0.807	0.25050870127432306
342.2272	0.514	0.369	0.9397919980427016
342.2272	1.198	0.2	1.3713393834913243
342.2272	1.218	0.149	1.5629743318738316
342.2634	0.839	0.923	-0.09943842932744339
342.2636	0.484	0.0912	-1.8685962383266264
343.0634	5.648	0.669	-0.4402436529025203
343.0994	5.932	0.398	0.8832754911003917
343.1664	6.167	0.887	-0.14521722982234708
344.1689	5.609	0.502	0.6964738668262402
344.2064	0.516	0.142	1.5957938387255237
345.1054	8.017	0.53	0.6506671300902437
345.1653	4.623	0.317	1.0524313316956802
345.1666	6.111	0.97	0.03859986461213539
346.2222	0.518	0.734	0.3491577144959956
346.2332	4.588	0.827	0.22480179399157255
346.2333	4.685	0.869	0.16933743532022935
347.2191	4.123	0.118	-1.709751821869326
347.2285	8.662	0.693	0.40576421012690606
348.0688	5.645	0.977	0.029003830501751926
349.0866	5.512	0.75	-0.327868119158736
349.1768	0.501	0.291	-1.1152515395455898
350.1596	1.276	0.186	1.4195326214851909
350.1607	0.52	0.257	1.201727234888546
350.2071	2.649	0.973	-0.03410633736636124
350.2325	0.84	0.553	-0.6134419969504864
351.1582	7.036	0.363	0.9541156319589932
351.1583	6.884	0.113	1.7395862939179554
351.2162	0.499	0.282	-1.13754520286844
352.156	3.697	0.475	-0.7428187980134753
352.2217	1.004	0.435	0.8135689600450173
353.0261	7.184	0.783	-0.2832561461274064
353.1342	6.675	0.907	-0.11952528465324337
353.1703	8.174	0.296	-1.1024570258616064
354.1003	0.765	0.963	0.048130181779544645
354.1003	1.336	0.987	-0.01713757890298574
354.1004	0.685	0.919	-0.10451757211792109
354.1117	1.059	0.798	-0.2630935841924026
355.1544	8.85	0.688	-0.41409491560974826
356.2428	0.932	0.819	0.23488601435092327
356.2792	0.463	0.0264	-2.6016973778432124
357.142	5.129	0.134	-1.6306359891367788
357.1666	0.506	0.346	0.9880554807672614
357.1793	0.549	0.86	0.18060111428692288
357.2241	8.731	0.701	0.3958048130873888
357.2497	7.349	0.246	1.2319117291264918
358.1317	0.569	0.935	0.0840271979865038
358.2586	0.903	0.943	-0.07293844219044686
359.1954	4.041	0.992	-0.01031336320331024
361.1128	5.045	0.728	-0.3574939478824419
361.1212	1.722	0.922	0.10066853513519092
363.1162	9.13	0.56	0.602392695070274
363.1426	0.526	0.128	-1.6616008223715026
364.0427	5.639	0.973	0.0345935860627441
364.196	3.866	0.0759	-1.979640766717
365.1052	6.439	0.778	-0.28907104508638937
365.1337	4.633	0.155	1.5397368611210922
365.1583	3.875	0.616	-0.5179829672678182
365.1741	6.723	0.271	1.1658557908102665
365.2431	2.954	0.959	0.053079669732972595
366.1113	5.469	0.882	0.15252882344274454
366.1123	0.548	0.261	1.1920990642732014
366.1391	7.934	0.659	-0.45418951584657413
366.139	8.13	0.282	-1.136494258703484
366.2019	0.529	0.389	-0.900062467206231
367.0957	7.091	0.881	0.1534851250878184
367.1497	6.488	0.687	0.41534214475508674
367.1528	7.454	0.523	0.6617852804409736
368.1159	0.567	0.825	0.2275490891804691
368.116	1.537	0.985	0.01875535895228815
369.1291	4.69	0.142	1.5941418790766808
369.1291	5.429	0.583	0.5667694561646431
369.2493	7.282	0.283	1.1349652233733742
372.2493	4.475	0.551	-0.6169944384806814
373.244	7.33	0.797	-0.26359556850420385
375.1279	3.242	0.839	0.2091814332672535
375.1345	1.633	0.912	-0.1130686358967634
376.3184	0.456	0.189	1.4107724895068559
377.1166	1.698	0.614	-0.520227219313234
377.1423	3.769	0.473	-0.7451967864650929
377.1883	5.385	0.353	-0.9750538681006937
378.1393	5.067	0.935	-0.08320083486831938
378.1755	3.998	0.105	-1.7827491699521838
378.1775	3.286	0.482	0.7309338349893367
380.1157	0.564	0.91	0.11611922427800098
380.2065	2.834	0.647	-0.47255606763507146
382.1907	4.683	0.198	-1.3780050686548952
383.1356	5.936	0.75	-0.3269855578987275
384.1886	4.558	0.902	0.1267530379006029
384.7715	4.868	0.316	1.0554474091074795
385.1256	3.911	0.0993	-1.8165418004085545
385.2528	4.483	0.293	1.1103209712696698
388.0933	5.841	0.751	-0.3266362316244867
390.1426	3.685	0.625	-0.5045351921596936
390.2406	3.648	0.439	-0.8061606614376758
391.1601	0.524	0.292	1.112507023888218
391.2596	1.22	0.87	-0.16814736038196593
392.1188	7.332	0.332	-1.0191861772276074
392.1553	0.566	0.117	-1.714167390020993
392.155	4.524	0.223	-1.2985350989698592
393.1156	5.109	0.525	-0.6591820456034778
394.1621	4.476	0.736	-0.34729594445327644
396.0688	5.32	0.879	-0.15599547287855198
397.2555	4.466	0.559	0.6039820000916647
398.1458	3.806	0.328	1.0276268152303045
398.1461	0.547	0.399	0.8813176375920735
399.1441	8.024	0.685	0.41816773899999693
400.1935	6.118	0.719	-0.3704039710710089
400.1979	0.535	0.309	-1.072191852305762
401.9985	5.291	0.657	0.4579965034534926
402.2842	0.515	0.304	1.0831836429553898
403.2585	1.052	0.544	-0.6275458952246465
404.014	5.467	0.499	-0.700746650889686
404.2075	0.528	0.604	-0.5354920039882066
405.1777	4.328	0.964	-0.04571683267178005
406.1702	4.529	0.0333	-2.4671463696233835
407.22	0.543	0.971	0.03676393572063662
408.1491	5.645	0.422	-0.8376742075644897
408.15	5.496	0.915	-0.10919546998847023
408.206	4.557	0.116	-1.7182929212551796
410.1448	4.176	0.329	1.0259612453028994
410.2047	4.449	0.577	-0.5763879763476091
412.1129	7.998	0.909	0.11772492509183838
412.1484	4.864	0.311	-1.0659715825231657
413.0838	0.586	0.338	-1.0056821628605817
413.0845	4.486	0.475	-0.7424257953784182
413.2811	0.557	0.263	1.1855075763158174
414.2997	3.986	0.977	0.02986806446878535
415.1894	1.823	0.85	0.19437913672432275
416.1911	3.695	0.76	-0.3137032902715661
416.1914	1.313	0.618	-0.5144243888816703
416.2019	1.132	0.545	-0.6259630416829007
416.3518	0.967	0.829	0.22158920595730955
417.1877	4.012	0.232	1.2713961459918308
417.1978	7.183	0.285	1.130067742135364
418.1637	3.622	0.86	-0.18056920207653093
418.2036	4.031	0.828	-0.22247072218024372
419.2207	1.213	0.349	-0.9826222572151664
420.2011	4.674	0.334	-1.0160170996076974
421.0503	5.465	0.896	-0.1338585467192545
422.2002	3.807	0.393	0.8930174012481342
424.1597	3.213	0.843	0.2026483462596086
424.163	0.522	0.361	-0.9579779999862674
426.1944	0.561	0.202	1.3647063720655235
427.2233	1.588	0.861	0.17914948133782987
430.1704	4.114	0.656	-0.45952818747833063
430.2945	3.707	0.9	0.12858795443337448
431.0968	4.511	1.86e-9	20.295176618633786
432.1861	4.594	0.46	-0.7687670161327972
432.2013	3.818	0.571	-0.5854302050555543
432.2019	0.535	0.742	-0.3379731895831592
433.1123	4.289	9.62e-8	13.494735106944612
433.2361	4.762	0.176	1.455079596309499
433.2365	1.214	7.05e-7	10.921156795609555
434.135	1.937	0.957	-0.05566330424881469
434.1406	0.555	0.879	-0.15570343094251599
434.1419	8.262	0.29	-1.1179587361741181
434.1513	3.94	0.977	-0.030035040989247776
434.1579	5.479	0.865	-0.17382669041027674
434.1587	4.051	0.936	-0.08252404559062103
434.1799	5.635	0.345	-0.9911665274771667
434.2167	3.263	0.329	-1.0253015661271394
434.2183	5.437	0.196	-1.3845125898954938
435.0872	5.844	0.342	-0.9969621238818753
436.155	5.514	0.949	-0.06518261345530173
436.1596	3.955	0.369	0.9406250018150031
436.1959	4.973	0.735	-0.3481812832345668
436.1964	6.237	0.326	-1.033304011296362
437.1419	5.105	0.527	-0.6557270307181415
437.1606	4.005	0.472	0.7470119786432847
444.222	3.766	0.177	-1.4522745313180585
447.0919	4.001	2.63e-7	12.134605867937774
447.1064	7.905	0.358	-0.9629977143363805
448.1367	5.06	0.983	0.02199552864637067
448.2317	3.946	0.836	0.2126477192670545
448.3053	0.515	0.539	-0.6368618534879004
448.3053	0.958	0.492	-0.7138119452153762
449.1074	3.962	0.0451	2.2887155368103245
449.2389	7.195	0.204	1.3598270520519202
449.304	1.78	0.57	-0.588024202327842
450.1422	4.949	0.893	0.13810590169870932
450.1578	7.375	0.726	0.3603724045895759
450.2117	6.308	0.2	-1.3716844097704173
450.2119	3.204	0.833	0.2170181877604638
450.2125	5.721	0.353	-0.9737272849260896
451.0399	4.311	0.341	-1.0003171577966323
451.0996	4.142	0.424	-0.832766643948545
452.1908	4.095	0.819	-0.2344901340085808
452.1913	0.564	0.536	-0.6413212385718196
453.1249	8.361	0.669	-0.4401537661150707
453.312	0.499	0.966	0.04401464737102874
454.1242	3.692	0.124	-1.6799327874682943
454.2063	4.046	0.982	-0.02343020329730761
454.2064	4.027	0.974	-0.03308796200783913
457.251	6.86	0.867	-0.17215924271998606
457.3017	4.509	0.0559	2.162253679650823
458.145	3.604	0.681	-0.42268957034069105
458.2017	4.076	0.441	0.8030809589756426
458.2017	4.111	0.505	0.6912513438608723
458.2019	0.544	0.333	1.0169347171612544
461.1072	4.293	8.73e-11	27.697227527877587
463.0353	5.752	0.349	-0.9828415204345387
463.2582	0.524	0.812	0.2441831234682865
463.3193	1.553	0.446	-0.7926582855960087
464.1651	5.887	0.345	-0.9912436015508095
464.1908	3.734	0.978	-0.027699847330935203
464.1909	3.664	0.955	-0.058081260964545536
464.1911	0.532	0.913	-0.11170103552880432
464.2299	4.177	0.891	-0.14116039719966167
466.2038	0.538	0.901	-0.1271233142926322
466.2051	3.697	0.98	0.026039608860643305
466.2059	6.417	0.856	0.1861895389488839
467.0351	5.297	0.33	-1.0236270760560253
468.2219	3.666	0.704	0.39098863774457143
468.2222	0.533	0.794	-0.2684295493899454
469.0327	5.27	0.584	0.566313055078698
469.0527	4.611	9.77e-9	17.11766979164983
469.2362	1.242	0.796	0.2655013171042261
469.3014	4.532	0.101	1.8058934052310827
470.0971	4.357	0.958	-0.053728749283322906
470.2642	3.998	0.968	0.041411723639672215
471.0854	1.877	0.864	0.17518898062064217
472.1809	6.745	0.461	0.7658680661512175
472.1938	5.742	0.348	-0.9842685951184471
472.3114	0.479	0.445	0.7955457033368866
474.1399	3.581	0.755	-0.32109167597610755
475.2465	3.874	0.138	1.6109184454949923
478.1878	1.985	0.806	0.25228642205489504
478.2061	0.546	0.597	-0.5464757736206061
479.1308	4.053	0.254	1.2110048057039975
480.2047	4.948	0.752	0.3241586178903637
481.1678	5.055	0.394	-0.8914900615324515
481.309	1.638	0.841	-0.205533388064349
482.2184	3.928	0.913	0.11237641896306697
484.1971	4	0.924	0.09741213480732423
484.2336	3.666	0.973	0.034075497591943046
485.1367	8.132	0.684	0.41858980224956643
486.1965	6.502	0.557	-0.6070451657399923
486.2371	3.708	0.773	0.29595466274720966
487.2078	4.559	0.739	-0.34226086654302074
487.213	9.393	0.638	-0.4852235074385204
489.1394	3.349	0.141	-1.5965813903095902
489.2284	0.496	0.679	0.42630257743027117
490.1469	4.11	0.915	0.10911568397996468
491.2414	4.923	0.226	1.2902688217298068
495.0461	5.774	0.804	0.2546441815175595
497.2358	0.508	0.688	-0.41334303732133804
499.2371	0.507	0.859	0.18179262189701165
501.6989	7.967	0.338	-1.0064886164955025
502.2947	1.064	0.631	-0.49524434170867776
503.3506	1.224	0.812	-0.24454892223362937
504.1324	3.4	0.282	-1.1366111491504414
504.2647	4.971	0.754	-0.32213144766171714
505.2256	4.929	0.844	0.20163724091905671
505.2362	1.842	0.915	0.11001375335139646
505.2373	1.814	0.857	0.18517233757987547
505.2806	1.871	0.595	0.5489869642214241
507.2521	1.817	0.305	-1.0808828035327271
508.2802	2.422	0.831	0.2189162789998745
512.197	8.01	0.821	-0.23255968813070488
512.2233	3.668	0.321	-1.0435811655851073
513.2981	0.528	0.475	0.7425508633342924
513.2982	4.083	0.301	1.0915490764557345
514.1703	3.665	0.94	-0.07761559454074535
516.207	6.311	0.139	-1.607233454586544
518.2381	5.002	0.951	0.06261642505265873
518.238	0.546	0.854	0.188846483134671
521.2309	1.741	0.899	0.12956616760975875
521.2313	1.696	0.933	0.08606782278490098
521.2674	1.304	0.898	-0.13189511956896946
521.2675	1.84	0.296	1.1019638466586454
522.2956	1.034	0.359	-0.9617169804661935
523.2105	1.998	0.999	-8.272611334684774e-4
527.2595	4.101	0.942	0.07409396798617836
530.1863	6.452	0.201	-1.3673786616456205
531.3637	0.503	0.303	1.086787509434885
535.2468	1.373	0.859	0.1822417932414208
535.2469	1.907	0.932	0.08812771951578763
535.2833	1.542	0.82	0.23314074196262347
539.2422	2.065	0.969	0.039509921085497945
539.2428	1.935	0.987	-0.01709674740189747
539.3505	1.773	0.898	0.13090838136828395
539.3506	1.819	0.876	0.15972913583077336
540.2071	4.419	0.848	-0.19705523109607512
540.3495	4.471	0.28	-1.1423652568321883
540.4236	0.454	1.82e-4	-5.762673797532142
541.2365	1.554	0.941	-0.07585023673097625
541.2619	0.508	0.939	0.07900137107074809
542.1798	5.388	0.944	0.07248277959592851
545.3031	1.418	0.818	0.23627560379147017
551.281	1.972	0.684	0.4192054254815118
551.2954	5.441	0.27	-1.1685304266255252
553.3887	0.421	0.105	1.7835493798241693
555.2408	0.513	0.596	-0.5474548970226241
555.3086	0.525	0.625	0.5042920744206586
559.1264	8.026	0.339	-1.0045451833467611
559.223	1.233	0.913	-0.11259173573231643
561.299	1.22	0.267	-1.1761219247243302
562.2481	4.084	0.466	-0.758531713307735
568.1634	6.556	0.506	0.6902722953815696
569.2667	1.54	0.931	-0.08912349564461747
571.0617	5.835	0.333	-1.0166780701894622
572.2742	1.476	0.844	0.20255285096596998
572.3994	0.467	0.417	0.8457403464336178
573.465	1.767	0.326	1.033034109407306
575.3863	0.86	0.972	-0.03541725887528537
577.2497	3.628	0.806	0.25201700169812136
577.294	1.229	0.351	0.9780450694496777
577.3113	4.381	0.574	-0.5805152456005838
579.2641	3.674	0.793	0.2701828498196514
580.3266	0.51	0.995	0.0062089833844016775
587.4806	1.357	0.54	0.6349691514767014
587.4807	1.51	0.529	0.651644251150202
588.2277	3.841	0.895	0.13506581273664073
591.312	2.003	0.298	-1.0971890337611594
591.3171	0.528	0.627	-0.501443584553071
593.3316	0.527	0.921	0.1014464427799431
593.3324	0.771	0.402	-0.8743852668006435
595.3477	2.702	0.48	0.7336261007146445
595.3478	0.525	0.834	0.21505450275052185
595.3479	0.782	0.655	-0.4608752197391097
595.3943	0.51	0.535	0.6422524947657267
596.2694	6.186	0.332	-1.0196923581693689
600.1399	5.886	0.333	-1.0173425551867974
603.4956	4.873	0.462	0.7652355275387565
607.1285	8.059	3.46e-10	24.09123257242136
61.0396	2.563	0.839	0.20865114772561882
611.3131	1.258	0.339	-1.0042520662134038
615.2543	4.788	0.77	-0.30040244646726577
623.2803	6.454	0.356	-0.9671619188340161
629.3141	0.508	0.974	0.033841593521392425
629.3142	0.507	0.974	0.033841593521392425
637.2961	6.135	0.239	-1.2523796851957334
645.4286	1.239	0.204	-1.357854517299215
648.2457	3.965	0.827	0.22473122719168814
653.2903	6.26	0.521	-0.6653624725578289
666.637	0.431	0.209	-1.3421038659302118
675.8656	8.615	0.257	-1.2008264519611596
685.2828	0.974	0.605	0.533702419670332
696.649	0.442	0.831	0.21855203687992256
703.5726	0.512	0.0524	-2.200493207123653
715.3764	1.192	0.792	-0.2712598166444856
717.3928	1.051	0.789	-0.2754170285401385
719.3758	1.264	0.824	0.22780041494060507
721.3514	1.034	0.84	0.20714774263818808
731.4085	1.051	0.824	0.22888934021976898
733.3878	1.197	0.917	-0.10736520026140947
735.3684	1.164	0.75	-0.32758762193234703
742.327	6.508	0.822	0.23070754640346366
745.4246	0.839	0.877	0.1588708159924917
747.4025	1.14	0.982	0.022786569927364272
749.3826	0.829	0.876	0.16044227291063873
758.3187	6.536	0.633	0.4929999495115407
76.0758	1.839	0.439	-0.8063525408488686
761.4182	0.857	0.84	0.206985730584557
773.4545	0.537	0.974	0.033458189954335395
787.4343	0.839	0.825	0.22634079516139
805.4077	1.199	0.824	0.22877671883938908
855.5726	0.469	0.295	1.1060784123853844
86.0601	1.154	0.746	0.3335112963196728
86.06	5.38	0.0478	2.2544874815384004
887.3642	7.332	0.263	-1.1866445840430706
94.0653	1.679	0.83	-0.2208745178384782
975.5183	0.838	0.855	0.1872451421575876
