m.z,r.t.,p,t.score
100.0757,0.821,0.0782,-1.9870728782854925
100.0757,0.957,0.0445,-2.333237103353767
104.0706,5.078,0.243,1.24892471034504
104.0706,5.342,0.306,-1.0856401409219132
104.0818,4.801,8.7e-4,-4.881094344502544
104.107,2.695,0.552,-0.6179429305832792
106.0861,3.797,0.649,0.4702384725907866
106.0862,3.75,0.352,-0.982134791095172
110.0601,2.847,0.659,0.4563765059505402
114.055,5.645,0.912,-0.11365269411706562
115.0866,4.961,0.384,-0.9155754343121856
116.1071,0.643,0.142,-1.6105377293914773
116.1072,2.001,0.871,0.16722181780342016
116.1073,1.209,3.66e-4,-5.530075978873572
116.1153,1.178,0.0907,-1.8944019635243174
116.1171,1.124,0.0157,-2.9714502398231035
118.0612,6.417,0.13,1.666249499853201
118.0867,4.678,0.0397,-2.403267188083458
120.0658,1.662,0.638,-0.4873685040102195
121.0283,3.861,0.725,0.3633844032695592
121.0647,3.848,0.422,-0.8414823118134915
122.0634,4.935,0.933,0.08687203435685438
123.0553,5,0.495,0.7114055460857082
124.0759,2.019,0.8,-0.26054385710875155
126.022,6.25,0.743,-0.338696277232139
126.1027,5.435,0.552,-0.6180076099316567
127.0502,5.493,0.649,-0.4705921785882649
128.0819,2.693,0.613,-0.5238343593894025
129.0654,5.675,0.692,-0.40942872077627884
129.066,6.198,0.468,0.7581688768993636
130.0499,4.245,0.471,0.7520506157277262
130.0863,7.575,0.866,-0.17379338451682508
131.118,4.745,0.688,-0.4153223436688492
132.0771,6.113,0.261,1.1981070441696982
134.06,3.798,0.408,0.8680061797965262
134.0964,3.15,0.347,-0.9912241835321994
134.1175,3.699,0.454,0.7819309522517393
137.0458,2.887,0.186,-1.4328568480935482
137.0458,2.938,0.215,-1.3351030624976958
137.071,3.764,0.38,0.9239681736719035
137.071,3.801,0.18,1.4536060896080567
138.0541,2.867,0.319,-1.0556167314302758
138.0549,3.649,0.924,-0.09856767022182049
138.0556,4.837,6.36e-4,5.110917908425683
138.055,4.139,7.7e-6,9.114165600475872
138.0624,4.733,0.417,-0.8505049537538575
138.0661,1.098,0.678,-0.4284607283898893
138.1025,5.435,0.709,-0.3856147895251556
139.0607,1.079,0.436,-0.8154896327412923
139.061,1.079,0.928,-0.09240415815836253
141.0658,4.643,0.554,-0.6147313832309332
141.0661,5.379,0.106,-1.7947493226189744
141.066,5.082,0.117,1.7315723967380383
141.067,0.564,0.683,-0.4212340802907501
142.0863,0.641,0.949,-0.0661872048354066
142.0973,1.094,0.823,-0.23011641470515362
142.1225,3.003,0.376,-0.9308142335960353
143.0815,5.028,0.955,0.05776566441329089
143.0816,5.378,0.56,-0.6045226978378073
143.0816,5.617,0.989,0.014719203104793832
144.1021,3.801,0.0559,-2.1940539804995716
144.1028,4.464,0.0376,-2.4367699965944913
144.102,5.362,0.118,-1.7276406005744014
145.133,4.296,0.676,-0.4316891857411443
145.1699,7.412,0.626,-0.5049525854262161
146.0625,0.515,0.853,0.19106516202089724
146.0812,0.629,0.00863,-3.341925033662506
146.0812,5.106,0.595,0.5514606599574737
146.0812,5.63,0.684,0.4202289246380083
146.0813,1.149,0.0144,-3.0225250557610934
146.0919,1.119,0.104,-1.809997387210871
146.0921,5.109,0.0178,2.8928094610817383
146.0925,2.629,0.619,-0.5154017656913047
146.1176,5.027,0.534,-0.6459472913251629
146.1176,5.061,0.802,0.2581641402624071
147.0474,4.904,0.78,-0.28819170417677437
147.0765,6.582,0.271,-1.172131835526814
147.1129,8.251,0.459,0.773697589570049
148.0968,5.031,0.848,-0.1971783699393081
148.0968,5.08,0.747,0.33301447545889656
148.1118,0.543,0.982,-0.0237932062807235
148.1137,1.924,0.67,-0.4411387488137365
148.1227,1.073,0.393,-0.8966369893097316
149.0597,5.975,0.611,-0.5263165356264644
149.1073,1.011,0.741,0.34033888665663864
150.0583,1.33,0.226,-1.3006304324516291
150.0585,0.581,0.776,-0.29332459582014087
150.0694,1.101,0.0327,-2.522195111040283
151.0615,0.588,0.129,-1.670971170695573
151.0615,1.336,0.378,-0.9272455137796658
151.123,0.863,0.953,0.06116631079051084
151.145,3.083,0.686,0.4173294186009766
152.0704,5.985,0.139,1.6233419192191376
152.0705,3.686,0.162,1.5226546265541892
152.0707,5.511,0.203,1.3741575938838648
152.0805,5.528,0.151,1.570982775857573
153.0767,1.112,0.449,0.7906706678416289
153.1273,3.887,0.0141,-3.0370842301670518
153.1276,0.538,0.0874,-1.9172302601692917
154.0587,5.989,0.164,1.516903598637155
156.0772,7.669,0.724,0.36501236165863943
156.0846,7.666,0.953,0.06113313673641836
156.1019,0.817,0.224,-1.3061702823883758
157.0608,6.057,0.253,-1.2222134088603545
157.0971,5.014,0.0325,2.525784239022223
158.1176,4.212,0.263,1.1947855077980198
159.0764,6.269,0.088,-1.9131813190860536
159.1128,4.592,0.919,-0.10436282052219456
159.1492,0.568,0.75,-0.32874128111497763
159.1496,7.852,0.563,0.6010450798047325
159.149,3.721,0.435,-0.8169990161266536
159.1571,7.853,0.903,-0.1253833448063898
160.0972,5.086,1.48e-4,-6.257231662891321
160.1051,5.081,0.013,-3.0849959596291145
160.108,1.102,0.217,1.3284172385101758
160.108,4.58,0.0235,2.721502139733587
161.1285,7.824,0.635,0.4918145814391044
161.1285,8.241,0.903,0.12561870520227547
161.1285,8.436,0.621,-0.512469125876484
162.1128,5.221,0.874,-0.1635895660875812
162.1129,5.651,0.616,-0.5193556642650698
162.1205,5.226,0.556,-0.6108519215650317
163.1229,8.006,0.478,0.7407704066340797
163.123,2.224,0.27,1.1745524189913887
163.123,2.886,0.553,0.6164129889158715
165.1386,0.836,0.55,-0.6210155618195345
166.0724,3.376,0.284,-1.13874546116479
166.0724,3.417,0.439,-0.8093307836951171
166.0861,4.404,0.93,0.09077666938461983
166.0862,4.968,0.53,0.6534144889894018
166.1227,0.961,0.473,-0.7492395387989648
166.1302,1.899,0.353,-0.9793305435115789
166.1333,1.023,0.0501,-2.261123771338681
167.0563,1.285,0.313,-1.0696368233133617
167.0564,0.555,0.17,-1.4900165343506402
167.0727,0.556,0.735,-0.3486303716684323
168.1385,1.92,0.325,-1.03997503565396
169.0495,0.477,0.743,-0.33854376163628214
169.0608,5.613,0.82,-0.23396281769293287
170.0601,2.773,0.881,-0.15338415251866142
170.0923,3.67,0.906,0.12142396977065305
170.0932,6.855,0.094,-1.8722823977239562
170.0932,7.795,0.856,-0.18684875285150093
170.1004,7.738,0.685,0.41894016357452046
170.1005,6.913,0.644,0.4776464356227079
170.1005,7.836,0.893,-0.1388823859702263
170.122,7.798,0.8,-0.26105694091289977
171.0765,5.52,0.344,-0.9989501621484209
171.0765,5.569,0.576,-0.5801352001903106
172.0968,0.853,0.383,0.9163793216251106
172.1096,2.858,0.756,-0.3203534322692996
173.092,5.448,0.419,-0.847634376097336
173.092,6.33,0.241,-1.2560496699340227
174.0921,0.831,0.712,0.381012983929276
174.1125,0.823,0.0281,-2.614117369485941
174.1237,3.273,0.49,0.7203035552293829
175.0713,5.433,0.0171,-2.915797352179977
175.0713,6.64,0.689,-0.4131975681908289
175.119,8.106,0.271,-1.173404676543913
175.1444,7.562,0.42,0.8450668917392334
175.1523,7.555,0.163,1.5178869905595478
176.0108,4.197,4.85e-5,7.243272801363574
176.0108,4.794,0.0237,2.717139697689014
176.0666,7.162,0.0876,-1.916468696264561
176.0708,1.349,0.919,-0.10446408472362209
176.103,6.238,0.937,-0.08176430758118766
176.1075,0.501,0.431,0.8251501768590743
179.1178,3.527,0.803,-0.25733130612107086
180.0656,0.532,0.389,0.9045132674115377
180.088,0.589,0.422,-0.8414098698856696
181.0609,1.423,0.0384,-2.4240766275293684
181.0617,1.482,0.0607,-2.1436255386551517
181.0624,1.495,0.032,-2.534653788796222
181.0671,1.616,0.872,0.16571169730143073
181.0714,0.523,0.865,-0.17543635041133102
181.0838,0.54,0.981,0.024876028513064103
182.0577,5.354,0.0411,-2.3824326878551045
182.0577,5.415,0.09,-1.8991026318459672
182.0579,4.331,0.0466,-2.3057589908741343
182.0808,5.647,0.171,1.4888614131077786
182.0811,5.07,4.08e-6,9.843878753978872
182.081,1.497,0.428,0.8296255930700821
182.081,5.498,0.644,-0.4774638783745087
182.0917,0.888,0.0749,2.0136249718345964
182.1285,0.539,0.546,0.6275927672402405
182.1403,1.095,0.652,-0.46655914950166677
184.0621,3.682,0.704,0.3922298836593268
184.108,7.646,0.385,0.913480222217188
185.1648,5.491,0.569,0.5905559053036145
186.1125,0.809,0.605,-0.535251870508058
188.0705,0.471,0.29,1.1248706731170197
188.1029,5.618,0.783,0.283541825167047
188.1155,8.031,0.158,-1.538885288405857
188.1281,0.812,0.369,-0.9456374240465254
188.176,8.261,0.874,-0.16274465649516895
188.184,8.262,0.659,0.455740692346177
189.0423,4.98,0.373,-0.9364766518093086
189.087,5.641,0.159,-1.536935535639536
189.1232,6.685,0.157,-1.5453837789766345
189.1234,6.353,0.101,-1.8252116342226667
189.1345,7.821,0.19,1.4190626602871543
189.1346,3.204,0.823,0.2305176946666088
189.1607,7.584,0.333,-1.0235269800955378
189.168,7.64,0.37,-0.9428568849665189
190.1186,6.676,0.996,-0.004587277101954815
191.0662,7.745,0.962,0.0489884740964496
191.139,7.741,0.352,-0.9812458121662212
192.0743,6.855,0.395,-0.8935810320835414
193.0836,4.971,0.275,-1.1628925719423167
193.1319,7.203,0.929,0.09155326146878175
193.1547,4.681,0.613,-0.5239463769477405
193.155,3.944,0.654,0.463374941733514
195.0875,0.506,0.977,-0.029538190034461335
196.0603,7.154,0.114,1.7528579201266876
198.0529,5.13,0.00216,-4.24384481973384
198.0873,5.991,0.505,-0.6938420136409198
198.1236,6.476,0.0962,-1.8577104347008147
199.0825,3.657,0.996,-0.005362523312188729
199.0826,0.565,0.303,-1.0928264731390196
199.096,3.252,0.706,-0.3893910278358378
199.1075,0.555,0.832,0.21860869013166812
200.107,1.003,0.847,0.19901625274157386
202.1072,3.8,0.436,0.8155449619761507
202.1185,4.047,0.452,0.7867804910485249
202.1187,4.623,0.781,0.2864906034570254
202.1438,0.819,0.648,-0.4718566193713534
203.0527,5.677,0.962,0.04834668239566669
203.1391,5.524,0.938,-0.07952613102810224
203.1391,5.557,0.769,0.3027156275848855
203.1393,5.108,0.468,0.7580624269073166
203.139,5.989,0.0862,-1.9260294180286852
203.139,7.531,0.199,1.3852512150963177
203.1478,5.105,0.931,0.08904099120868944
203.1485,5.527,0.185,-1.4352202359491832
203.1513,6.974,0.112,-1.7591591186325823
204.0866,0.88,0.932,-0.08710939006768374
204.0866,8.005,0.0849,-1.9354850495050724
204.1231,0.528,0.57,0.5889234118944885
204.123,1.344,0.993,0.009042967912135937
204.1333,0.552,0.247,1.2383373147392294
204.1343,4.98,2.91e-4,-5.709554870801215
204.1347,1.095,0.88,-0.15561799016876646
204.1421,5.101,0.367,0.9498064513730927
205.0684,5.668,0.584,-0.5675043770357198
205.0822,7.274,0.515,0.6784359661792607
205.0972,4.752,0.0871,-1.9199225826632722
205.1184,8.039,0.0745,-2.0166789435108057
205.1261,3.722,0.931,0.0889216193848069
205.155,7.708,0.00823,-3.3720666777258015
205.1634,7.711,0.278,1.1550124508250865
206.0819,0.514,0.19,1.4163364389540074
207.1049,0.834,0.764,0.30924379516014533
208.0429,5.441,0.406,0.8715401698539597
208.0968,0.848,6.02e-4,5.150811462917496
208.1807,5.435,0.296,1.1103774641353994
208.1,7.499,0.179,1.4560563983252
209.0968,8.083,0.356,-0.9727028124890793
209.1172,0.959,0.168,1.498553070557938
209.1284,7.334,0.268,-1.181590896527146
211.1077,7.422,0.796,-0.26678804529605393
212.0916,3.99,0.553,0.6154602589437705
212.1032,5.558,0.957,-0.05588373437172911
213.0984,6.64,0.769,-0.30283319526261693
213.1237,2.92,0.623,-0.5094620279394676
214.1185,6.612,0.333,1.023344044124651
215.0163,5.665,0.0953,1.8634778087110575
215.1391,5.03,0.724,0.3643168361635645
215.139,5.001,0.938,-0.0805901502045556
217.1384,6.201,0.714,-0.37808473097998785
217.13,6.202,0.539,-0.6391485819107144
217.1546,5.792,0.78,-0.28835083501310016
217.1547,7.121,0.161,-1.52917424424421
217.1548,5.348,0.146,-1.590067298825374
217.1647,5.35,0.229,-1.289808064918084
217.1656,3.908,0.0303,-2.5679046897449855
218.1387,0.519,0.776,0.2929922960645039
218.1387,2.855,0.905,0.12281647724342512
218.1498,8.373,0.375,0.9328772872620019
218.1862,3.124,0.242,1.2511369188686214
219.0266,5.653,0.841,0.20605685354617853
219.0611,7.946,0.383,-0.9164154880148514
219.0611,8.095,0.358,-0.9683747711565884
219.1338,7.942,0.542,0.6338112560176601
220.0637,4.274,0.339,1.0087656505291906
220.1182,0.536,0.419,-0.8476178370042017
221.0422,5.654,0.501,-0.7002035185572282
221.0769,7.97,0.465,0.7627045143051909
221.1607,4.761,0.317,-1.0587220423895498
222.1125,0.819,0.0952,1.8640539334362662
222.149,1.068,0.37,0.9431155138999983
223.1665,5.438,0.795,0.26807532709782145
224.139,7.26,0.322,1.0475962658087814
224.139,7.455,0.734,0.3504682753299196
225.112,0.839,0.673,-0.4357917130913183
225.1236,7.192,0.945,-0.07136717024991143
226.082,3.788,0.0722,-2.0365881695981214
226.9517,5.826,0.33,1.0288673704131157
227.1138,8.055,0.156,1.5460730015180184
227.1262,3.586,0.222,-1.313235340797195
227.1263,3.423,0.194,-1.4039909835726325
227.1277,0.83,0.25,1.2304372128079015
228.0868,4.611,0.0204,2.8091831580118436
229.0852,3.063,0.184,1.4407064989820875
229.0864,0.532,0.0506,2.255216680084743
229.086,4.099,0.251,1.2261069648150913
229.1293,6.895,0.783,-0.2842249797094624
229.1547,3.637,0.882,-0.15293941131972524
229.1548,0.532,0.374,0.9361458668164603
229.1548,5.62,0.0272,-2.6346046413763133
229.1553,4.5,0.00575,3.5994684923864666
229.155,5.116,0.886,-0.14709666166860738
229.155,5.197,0.27,-1.1743133922126867
229.1634,4.529,0.514,-0.6800836429682269
229.1663,1.078,0.821,0.23359621833609598
230.1217,6.531,0.371,-0.9410960629086224
230.1247,5.055,0.197,1.3923991459150102
230.1863,4.368,0.03,2.5746735279114352
230.9901,5.64,0.0107,3.2097716793215576
231.0378,5.108,0.0344,2.489723927393671
231.1451,5.95,0.841,-0.20649708724594495
231.1702,5.351,0.06,-2.150751950440122
232.1179,0.789,0.37,0.9438278840029871
232.1291,5.085,0.126,1.6849424525663792
232.1403,9.087,0.825,0.22781063435172547
232.1544,0.515,0.269,1.1787197861369658
232.1661,1.064,0.534,-0.6470631978233014
233.0632,5.675,0.913,-0.11182112906672595
233.1495,8.034,0.033,-2.5160918604671614
234.1136,0.825,1.93e-6,10.764452982328589
236.1281,0.823,0.88,-0.1547398833002331
238.1083,1.113,0.937,0.08188062181265984
238.1548,5.5,0.0403,2.394062991613723
238.1548,7.049,0.74,-0.34171950056892836
238.1549,6.221,0.255,1.2163678491257262
239.0726,0.758,0.0178,-2.892909012108372
239.1389,6.704,0.0979,-1.8463437695411753
239.1389,6.713,0.944,-0.07207523289667002
239.1389,7.307,0.0621,-2.129273560734678
239.139,0.892,0.318,1.0564449989783247
241.0311,8.284,0.0187,-2.8616132615682135
241.0948,5.126,0.232,1.2825787563294078
241.1294,5.434,0.0479,-2.2882258873425623
241.1295,4.812,0.112,1.7640836821013501
241.1295,7.948,0.279,1.151638184903462
241.1296,7.647,0.59,-0.5583425604287531
241.1398,7.647,0.986,-0.017640820847010356
241.1547,4.545,0.00474,3.724218145094514
242.077,7.275,0.276,-1.1591285135101144
242.1389,0.944,0.373,0.9367848840315781
242.1402,1.026,0.00547,3.631929091554967
242.161,7.083,0.467,0.7597055144774059
243.1339,2.784,0.846,-0.19926621758311533
243.1341,3.697,0.571,0.5881060819753018
243.134,0.517,0.743,0.33781400485994406
243.145,6.522,0.328,1.0349704333794496
244.1291,6.675,0.463,-0.7673046103938554
244.1542,0.514,0.93,-0.08980044244139367
244.1543,0.514,0.93,-0.08980044244139367
244.1655,7.349,0.0795,-1.9768063700357406
244.1711,3.76,0.14,-1.6166369810981926
244.1782,1.066,0.0282,-2.6118078101693794
245.0744,5.671,0.0219,-2.7647272608809104
245.0768,4.431,0.734,0.3507283437667304
245.1494,5.617,0.921,0.10203520069462767
245.1502,0.513,0.999,-0.0016290390333216721
245.1607,5.031,0.341,1.004419648761621
246.1701,0.513,0.548,0.6235109099792555
246.1703,1.784,0.83,0.2209358020486152
246.1812,7.713,0.0424,-2.362845407766201
246.1817,1.057,0.464,-0.7639567318199649
247.0923,5.625,0.446,-0.7975170249142469
247.0924,6.031,0.0264,-2.6522289667110854
247.1288,5.996,0.755,0.3220441068438143
247.1289,6.343,0.0219,-2.766713264974368
247.1398,7.906,0.755,-0.321597937494735
247.1439,3.672,0.994,0.007404513415586411
247.1759,4.792,0.00205,-4.281152068643311
248.0219,3.653,0.207,1.3600968248299306
248.0876,8.065,0.835,0.2146687613794825
248.0918,1.204,0.00452,3.7549372466155297
248.1128,6.388,0.103,-1.8161652331615123
248.1129,6.726,0.093,-1.8783992349704728
248.113,6.597,0.528,0.655580150566835
248.1491,4.879,0.735,0.3495879891013804
249.0371,5.647,0.446,0.7970154610907321
249.0715,8.062,0.531,-0.6517089770983785
249.1815,3.858,0.105,-1.8023776986073412
251.1134,3.627,0.8,-0.26090230052828484
251.1279,0.811,0.356,0.9733928608613409
252.1343,7.787,0.66,-0.4555232721379878
254.1021,1.343,0.233,-1.2783733917070326
254.1022,1.426,0.358,-0.9676965604249766
254.1399,0.822,0.632,0.4951670351230525
254.1498,4.993,0.044,2.340421541464913
254.161,4.479,0.0106,3.213907977343885
255.0466,7.917,0.286,-1.134367915205173
255.0974,5.375,0.0113,-3.1738324021077524
255.11,5.346,0.15,-1.5732727859629931
255.1338,4.731,2.56e-4,5.81200075104684
255.1338,6.529,0.0555,2.198756370932152
255.1338,6.666,0.955,0.058550669308494306
255.1338,7.244,0.279,-1.1529041444198795
255.145,7.703,0.204,-1.3679897549952782
255.145,7.9,0.208,1.3551031426750348
256.0926,7.215,0.347,0.9916104548052113
256.0927,6.58,0.105,-1.804278829596657
256.1125,1.174,2.89e-4,5.713280938135714
256.1676,0.503,0.184,1.4401452546815219
257.1498,0.514,0.93,-0.09024658881574381
257.1614,1.054,0.879,0.15600637591128175
258.1084,4.933,0.221,-1.3151053681910256
258.1091,1.209,0.338,-1.0121695181804435
258.1102,6.605,0.179,-1.4579393436438643
258.1176,1.152,0.457,-0.7763288658593602
258.1263,1.308,0.595,0.5508546306200898
258.1831,1.076,0.563,-0.6005201964369965
259.0923,5.647,0.775,-0.2951046055520511
259.0924,6.027,0.0572,-2.1793098113009863
259.0977,3.914,1.18e-6,11.416950515490514
259.1399,7.449,0.807,-0.2516135468310329
260.0553,4.577,0.136,-1.635281917442314
260.1491,3.321,0.4,0.8840691366448177
260.1492,0.522,0.397,0.8898329398571769
260.1646,3.678,0.0561,2.1914390147481235
260.1714,7.614,0.206,1.362520265971792
260.1969,7.609,0.806,-0.2535454775440392
261.0484,5.649,0.0526,-2.2309956264801443
261.0978,4.033,0.648,0.472744895233505
261.1081,6.704,0.25,-1.2294507447019731
261.1237,0.961,0.447,-0.7947512587945462
261.1444,6.658,0.126,-1.6845985219029151
261.1467,0.515,0.814,0.2420896427867909
261.1807,3.948,0.0844,-1.9390121334327268
261.1807,4.595,0.026,-2.6619365379324416
261.1808,4.525,0.0771,-1.9955389664397487
262.0379,7.079,0.00407,-3.8223861455672874
262.0837,4.292,0.8,0.2616224701605798
262.1032,7.903,0.503,-0.6981841231362607
262.1032,7.992,0.434,0.818880799822105
262.1284,5.3,9.27e-4,-4.835039071854028
262.1284,5.669,0.487,0.724658880009752
262.1284,5.688,0.612,0.5258910156618385
262.1285,6.335,0.012,-3.1365474921063003
262.1396,7.95,0.565,0.5973662655092653
262.1396,8.205,0.915,0.11029221952860319
262.1644,0.838,0.909,-0.11725593431263648
262.1646,0.527,0.703,0.39412691036977093
262.1648,4.112,0.443,0.8031602013035753
263.0519,0.516,0.236,-1.270251098490866
263.16,8.312,0.127,-1.683642254127587
264.1191,6.316,0.0435,-2.3470244920743437
265.0679,5.615,0.0911,-1.8919275745094577
265.1117,4.669,0.45,-0.7894503177256124
265.1186,1.302,0.00692,3.481438113947726
265.1191,0.536,0.0754,2.0097616299612393
265.119,3.255,0.406,0.8719351985254833
265.1304,1.09,0.0437,2.3449924719883573
265.1304,1.117,0.646,-0.4747148086892286
265.1524,0.556,0.167,-1.5046468923929706
265.1546,0.538,0.432,0.8224768998172638
265.1623,0.765,0.73,-0.35595686089511414
266.1595,6.173,0.0125,-3.1111309364082667
267.1102,4.521,0.113,1.753368566915799
267.1104,4.411,0.0958,1.8602751971715925
267.1106,5.18,0.666,-0.44644291896501226
267.1246,0.529,0.039,2.413134331382067
267.1331,0.956,0.929,-0.09178183511076385
267.1446,1.058,0.695,-0.4054217097593992
269.1243,5.618,0.802,-0.2584445055813585
269.1245,6.119,0.0363,-2.457524878788493
269.1382,0.482,0.21,1.3510330848747527
269.1488,0.515,0.216,-1.331858967897709
270.0849,5.113,0.141,1.6147445494395214
270.181,6.589,0.16,1.5328754242658496
270.1866,0.504,0.0217,2.7717083244188205
271.0749,5.387,0.23,1.2869124008828219
271.1036,7.939,0.229,1.2921311033224259
271.1654,0.513,0.462,-0.767872352229186
272.0764,5.633,0.0357,2.467522773864605
272.1239,7.242,0.0353,-2.4739111690274136
272.1351,8.064,0.612,0.5252242252850413
272.1603,7.087,0.994,-0.008171294475405825
272.1669,0.804,0.438,0.8119279424292055
272.1848,0.513,0.719,-0.37114545233539686
272.2102,1.101,0.291,-1.1226937473941763
272.2,0.839,0.951,-0.06255814329740415
273.108,6.263,0.661,0.45359928528637355
273.1211,4.643,0.0442,-2.336944833271699
274.092,6.927,0.055,-2.2036447131852235
274.1032,7.233,0.388,-0.9077267749411789
274.1827,0.517,0.986,0.018292749138330115
274.2014,1.11,0.354,-0.9779068707101577
274.2017,0.511,0.886,-0.14749388661894106
274.204,0.853,0.097,-1.852536185339246
274.213,1.103,0.201,-1.380777746176842
275.1025,4.835,4.19e-4,5.425297290822524
275.1027,3.588,0.456,-0.7782703182647837
275.1964,4.494,0.376,-0.9309844011027856
276.1362,0.536,0.763,0.31149097147819227
276.1365,3.423,0.369,0.9458140100678941
276.1442,5.613,0.0498,-2.264403043666675
276.1443,0.534,0.349,0.9871989891141161
276.144,5.168,0.244,-1.2453593789389394
276.1453,1.041,0.751,0.3277411654705869
276.145,0.594,0.525,-0.6607729894094722
277.0892,5.723,0.258,-1.2064708892403015
277.1189,5.653,0.612,-0.5258641893402158
277.1868,4.613,0.0598,2.152582821455121
278.1233,7.262,0.103,-1.815251713924395
279.0855,5.437,0.0972,-1.8511638696299253
279.1103,5.146,0.14,1.6176012009531695
279.1188,7.964,0.622,0.5100683259972016
279.1553,8.49,0.98,-0.025185841924659093
279.6859,6.11,0.0801,-1.9721386691973726
280.1183,0.99,0.959,-0.05326846018031781
280.1651,3.874,0.0859,-1.9281031021120347
281.1493,4.837,0.239,-1.2619982655735662
281.1494,0.927,0.295,1.1125907178948742
281.1496,3.679,0.657,-0.4593769304450412
281.1705,8.579,0.8,-0.2606594282279569
282.12,4.907,0.0837,-1.9448227410401344
282.1923,4.853,0.142,-1.6078435875282657
283.1286,0.516,0.248,-1.23533152699436
283.1399,5.642,0.643,-0.47888229631660223
283.1399,7.299,0.735,-0.3492412425591505
284.0796,7.959,0.913,0.11208023134221493
284.1853,1.366,0.511,-0.6839036768616289
284.1854,1.331,0.33,-1.029507539509029
285.1557,7.39,0.0326,-2.5240617501133684
285.1808,1.647,0.631,-0.496526051056407
285.1823,0.513,0.42,-0.8446389393427334
286.1283,4.119,0.0949,1.8662814391736826
286.146,3.481,0.427,0.831077760667209
286.1784,0.829,0.408,0.8672276639448375
286.2017,0.511,0.772,-0.2987461949526213
286.2017,1.13,0.3,-1.1003245574756533
286.2373,0.511,0.636,-0.49029191797046756
286.2374,0.512,0.157,-1.5438404335642621
287.1002,0.56,0.117,1.7357453496426902
287.1373,4.543,0.246,1.2404590831407423
287.1598,3.82,0.646,-0.4752195930023308
287.1968,4.478,0.0204,-2.809702195613379
287.244,7.296,0.946,-0.069078610373559
288.1189,7.178,0.919,-0.10479758498588568
288.1598,0.546,0.512,-0.6821577381582954
288.1801,0.517,0.989,0.013558938147383886
288.1942,1.833,0.494,0.7127610515611732
288.1956,0.873,0.834,0.21591439189828457
288.2081,1.122,0.194,-1.4025778786738494
288.2166,0.952,0.124,-1.6972526342517626
288.216,0.509,0.846,0.2000192422675875
289.1504,7.992,0.856,0.18724325484692564
290.1021,0.834,0.24,-1.2592247731211816
290.1344,6.639,0.558,-0.6088393937442803
290.1356,3.737,0.0693,-2.061238319334883
290.1459,8.196,0.554,0.6140926925580252
290.1597,0.522,0.584,0.56802955567475
290.1597,5.587,0.79,-0.27459770846515935
290.1599,5.099,0.21,1.3487547866424179
290.1722,1.062,0.699,-0.3990568374887688
290.1764,0.527,0.511,0.6849597378646882
290.177,2.893,0.994,-0.007567878452846448
290.8472,5.298,0.0479,2.288478036089991
291.1062,6.1,0.0317,-2.540669091261537
291.1297,8.546,0.888,-0.14429516288849698
292.131,4.071,0.163,1.5193717245291518
292.1576,1.593,4.42e-6,9.749051764505056
292.1577,0.516,5.94e-6,9.406262390945713
292.1687,7.349,0.252,-1.2249904246738725
292.2016,6.535,0.019,-2.8526234940772985
293.0632,5.651,0.424,-0.8376007353274147
293.0633,5.418,0.517,-0.6744063072435375
293.0895,4.725,0.00524,3.6596754056222687
293.1706,8.464,0.0205,-2.806734806139079
295.1498,8.885,0.262,-1.1974982402576995
296.0658,6.593,0.902,0.12632771707188437
296.149,3.657,0.0908,1.8939105718189935
296.1853,0.806,0.605,-0.53544675799289565
297.1228,3.628,0.827,0.22496013873335335
297.1938,0.496,0.992,-0.010903195872383089
298.0967,0.547,0.342,-1.003410977716368
298.0967,1.246,0.381,-0.920992724158854
298.1143,3.752,0.838,0.21073914436415578
298.1873,9.502,0.415,-0.8552104718487855
298.201,0.979,0.00172,-4.399803194646421
299.126,3.683,0.771,0.3004683653352418
299.135,8.024,0.803,0.2565548832993579
299.1366,4.533,0.00136,-4.563637337876085
300.1077,6.514,0.978,0.02885464350891413
300.1564,3.706,3.42e-4,5.582821349700172
300.217,0.93,0.0235,-2.722812530304673
302.0868,6.646,0.99,-0.012336737327487066
302.1348,8.135,0.998,0.0028078348393694723
302.1415,0.545,0.691,-0.41090460998417777
302.1597,5.093,0.214,1.3384264413226399
302.1959,1.349,0.773,-0.2966436514139506
302.1962,0.515,0.258,1.2082139952890574
302.1962,1.924,0.443,0.8028514101966342
302.196,2.176,0.0777,1.9907491135540303
302.2328,0.854,0.15,-1.5745197038112282
302.244,1.057,0.636,-0.48925831905131206
303.074,3.42,0.164,1.5148603931264284
303.1184,6.154,0.848,-0.19770047534246282
303.1672,0.526,0.064,2.110797191292343
303.1914,5.064,0.0109,-3.1971568818695575
303.2022,4.502,0.426,-0.8346599065341543
304.0483,7.9,0.833,0.2176201610748268
304.129,4.045,0.869,0.17002918008435292
304.1747,0.518,0.519,0.6713909607824358
304.1751,1.535,0.65,-0.4698492033492262
304.189,4.071,0.687,0.4166299518983452
304.1907,1.283,0.272,1.171219014797962
304.2115,0.514,0.875,0.1622742235352018
304.2115,1.134,0.358,-0.9694753185194264
305.0866,4.783,0.00858,3.346137663143921
305.1818,5.115,0.0264,-2.6515409510930015
305.1855,0.518,0.244,1.2452350898241078
306.0641,1.47,0.34,-1.006744732540674
306.064,1.508,0.232,-1.2819042962557283
306.1705,1.305,0.0429,-2.3564369893309722
306.1713,0.517,0.0875,-1.9170681267126752
307.044,4.081,0.438,-0.8106904128189677
307.161,8.376,0.69,0.411529963951259
307.1868,5.097,0.0495,-2.268910761088061
307.2016,1.987,0.976,0.031147372427843417
308.1524,4.919,0.00105,4.743090409784541
308.176,1.079,0.867,0.17213213301928265
308.1853,1.095,0.0548,-2.206525490548489
308.1855,0.51,0.238,-1.2632001538102902
308.1999,0.517,0.841,-0.20621960403790768
310.2019,0.968,0.147,-1.5850221765028987
310.2131,1.051,0.916,0.10904248272872855
311.1306,0.539,0.106,-1.7966091940865077
311.1494,0.538,0.146,-1.589460762809789
311.1543,0.959,0.354,-0.9763246616179047
312.1301,3.316,0.765,0.30822003644538504
312.1302,0.589,0.489,0.720821719963089
312.2168,0.956,0.0194,-2.839110942581798
312.2284,1.053,0.0522,-2.2356207732659614
313.0582,4.803,0.00701,3.473756319540204
313.0853,4.046,0.436,0.8153988597506573
313.1521,4.481,0.389,-0.9053438947104773
313.1894,0.512,0.146,1.5897626442322992
314.1594,5.081,0.0708,2.0483076124307433
314.1706,3.875,0.0803,1.9704269399004934
314.1708,8.331,0.94,0.07706524491373462
314.2326,0.846,0.197,-1.3921230949414483
315.1773,6.535,0.0916,-1.8880945889842475
316.2116,0.514,0.486,0.7271099189093402
316.2116,1.398,0.858,-0.1845577814876131
316.2339,4.229,0.184,-1.4399233537715599
316.2476,0.839,0.205,-1.367010710773962
316.2478,0.506,0.706,0.3898491309404128
318.1351,0.512,0.784,-0.28193962300260833
318.1705,4.031,0.788,-0.277626596398227
318.1769,7.436,0.146,-1.5922584034529454
319.0689,4.915,0.92,-0.10358641944264818
319.1247,7.989,0.995,-0.006234103850579944
319.1611,8.704,0.0718,-2.0396744679162855
319.1644,0.958,0.701,0.3964619335632879
319.1647,0.799,0.227,1.2954766660979224
319.1651,2.866,0.753,0.3241716278944426
319.1866,5.073,4.24e-4,-5.416476731491911
319.1974,4.634,0.362,-0.9596316014680297
321.0817,5.637,0.627,0.5023474702400693
321.1793,0.952,0.136,1.638667403979056
323.2063,0.497,0.916,0.10882447996572497
324.1254,3.727,0.268,1.18176906391989
324.1915,2.868,0.224,1.3053146768370447
324.2159,0.482,0.33,1.0296628946279145
325.0911,5.475,0.41,-0.864601801087077
325.1527,4.364,0.00503,-3.6852227641633077
325.1604,9.129,0.151,-1.5713702247217516
325.1744,0.519,0.0478,2.290271907603647
325.1745,5.495,0.837,-0.2117079099739933
325.188,0.522,0.233,1.2790865844345924
326.1959,0.963,0.00595,-3.5774244476666497
327.0499,3.959,0.166,-1.508971755231752
327.1515,4.429,0.00847,-3.35413198871364
328.102,5.48,0.189,1.4205997784260025
328.1875,0.548,0.27,1.1748859782289973
328.2115,0.513,0.106,-1.7960355964490178
328.248,0.503,0.638,0.48712887308751185
328.248,0.84,0.824,-0.22902491672227368
329.2067,3.328,0.804,-0.2560551673867097
330.1905,3.683,0.273,1.1670103210841771
330.2273,1.14,0.562,-0.6027325413974284
330.2274,1.901,0.0266,-2.646820437544546
330.2275,0.513,0.4,-0.8831321464030639
330.239,1.114,0.676,-0.4323044210046481
332.2422,0.515,0.751,0.3275595880053633
334.1857,5.112,0.769,0.3022276929650727
336.1915,2.914,0.0648,2.103027333551283
336.2167,0.936,0.00658,-3.5136664813171223
337.1424,2.92,0.0455,2.3197250422196607
337.1426,7.325,0.0752,-2.011416154087544
337.1716,8.371,0.745,-0.33549784646957426
338.0821,3.245,0.478,0.7404169489377586
338.1417,3.093,0.397,-0.8888192731406154
338.1759,1.329,0.0364,2.4555924473420543
338.2064,2.907,0.344,0.9982927851470745
338.2322,0.863,0.167,-1.504400191749809
339.1545,7.985,0.396,-0.8921809690808296
339.1549,5.726,0.326,-1.0392060618220174
339.166,4.664,2.52e-4,5.823802969059009
339.1871,0.5,0.0417,2.373554908812501
340.1023,4.899,0.387,-0.9087027648859575
340.1024,4.787,0.467,0.7588789086319403
340.1319,7.149,0.231,-1.2838737182487936
340.1324,5.379,0.388,-0.9061384816234411
340.1864,3.25,0.312,1.0700525114251724
340.2477,0.841,0.182,-1.4477775201809004
341.0653,3.749,0.218,-1.3258298035434015
341.1373,2.931,0.0484,2.2822807971774206
341.1704,5.083,0.0281,2.61384594684412
342.0848,4.055,0.179,1.45768901096956
342.1724,3.926,0.0235,2.7228578090707685
342.1728,0.923,0.173,-1.479378134180142
342.2272,0.514,0.328,1.033370016836413
342.2272,1.198,0.758,-0.3182558224880577
342.2272,1.218,0.891,-0.14098761936358448
342.2634,0.839,0.21,-1.3514515884101297
342.2636,0.484,0.504,0.6955015845108956
343.0634,5.648,0.952,0.06137724842973249
343.0994,5.932,0.0105,3.2216099446257243
343.1664,6.167,0.914,0.11073682861189105
344.1689,5.609,0.204,1.3700696744432461
344.2064,0.516,0.0721,2.0370488382360716
345.1054,8.017,0.00558,-3.6192931409746842
345.1653,4.623,0.00719,3.457797377038807
345.1666,6.111,0.365,0.9531764897035248
346.2222,0.518,0.455,0.7815141820531295
346.2332,4.588,0.355,0.9755262723224426
346.2333,4.685,0.877,0.15920013187638468
347.2191,4.123,0.00474,-3.7237424757904383
347.2285,8.662,0.652,-0.46685390369922675
348.0688,5.645,0.126,1.6886016886489739
349.0866,5.512,0.814,0.24272209149621446
349.1768,0.501,0.228,-1.2922968949617994
350.1596,1.276,0.695,-0.40504819398294173
350.1607,0.52,0.649,-0.470832546992317
350.2071,2.649,0.0845,1.9382927916003678
350.2325,0.84,0.6,-0.5428769571365846
351.1582,7.036,0.355,-0.9740363814316548
351.1583,6.884,0.761,-0.3136163728642699
351.2162,0.499,0.501,-0.7005878055844096
352.156,3.697,0.599,0.5452508955040609
352.2217,1.004,0.106,-1.7935107267520116
353.0261,7.184,0.404,0.8760008409497636
353.1342,6.675,0.574,-0.5826867439973141
353.1703,8.174,0.931,0.08925082371481399
354.1003,0.765,0.624,0.5073358175051433
354.1003,1.336,0.913,-0.11298761259248583
354.1004,0.685,0.968,-0.041668195858003666
354.1117,1.059,0.532,0.6501561368724819
355.1544,8.85,0.359,-0.9661173690089171
356.2428,0.932,0.147,-1.5858856057243
356.2792,0.463,0.839,0.20851500427733347
357.142,5.129,0.00201,-4.293224077586509
357.1666,0.506,0.927,0.09484068771312565
357.1793,0.549,0.327,1.0360013123923315
357.2241,8.731,0.437,-0.8131870481542242
357.2497,7.349,0.0787,-1.9827511788115406
358.1317,0.569,0.984,-0.020633570917280648
358.2586,0.903,0.92,-0.103498313856342
359.1954,4.041,0.16,1.5308645623426305
361.1128,5.045,0.944,0.07230468584989981
361.1212,1.722,0.729,0.35760128463867585
363.1162,9.13,0.104,-1.8101221327012105
363.1426,0.526,0.583,-0.5691730048691014
364.0427,5.639,0.0213,2.78291459405136
364.196,3.866,0.0253,-2.678047975668787
365.1052,6.439,0.806,-0.25327094493447355
365.1337,4.633,0.0163,2.9454801008830227
365.1583,3.875,0.749,-0.330287292412565
365.1741,6.723,0.138,-1.6289512091825589
365.2431,2.954,0.846,-0.20011542418260395
366.1113,5.469,0.361,-0.9626172715393201
366.1123,0.548,0.838,-0.2110844617947287
366.1391,7.934,0.0877,-1.9155990883058878
366.139,8.13,0.115,-1.7443022199361045
366.2019,0.529,0.866,-0.17321976073895765
367.0957,7.091,0.352,-0.9820188190761963
367.1497,6.488,0.0203,-2.8127273928143186
367.1528,7.454,0.43,-0.8269279105609207
368.1159,0.567,0.371,-0.9422192667910565
368.116,1.537,0.951,-0.06297251556156565
369.1291,4.69,0.771,0.29951810580783506
369.1291,5.429,0.931,-0.08929892287276144
369.2493,7.282,0.236,-1.270783108820527
372.2493,4.475,0.298,-1.1045623780624427
373.244,7.33,0.613,0.5236110883611642
375.1279,3.242,0.247,1.2377652178645377
375.1345,1.633,0.988,-0.015769050293444404
376.3184,0.456,0.389,-0.9052647854868106
377.1166,1.698,0.671,-0.4385713596138856
377.1423,3.769,0.343,-1.0013446248437192
377.1883,5.385,0.86,0.18110834089272085
378.1393,5.067,0.541,0.6358022418840602
378.1755,3.998,0.00791,-3.397372275043543
378.1775,3.286,0.309,1.0777231834258256
380.1157,0.564,0.342,-1.0033158352167515
380.2065,2.834,0.334,1.0214487901454319
382.1907,4.683,0.24,-1.2590560552521506
383.1356,5.936,0.322,-1.048914742065564
384.1886,4.558,0.871,-0.16715621927969226
384.7715,4.868,0.505,-0.6951051887913882
385.1256,3.911,0.077,-1.9964128120734732
385.2528,4.483,0.117,1.7358223550245884
388.0933,5.841,0.322,-1.0482789755559447
390.1426,3.685,0.465,0.7637284910848634
390.2406,3.648,0.169,-1.494945823633568
391.1601,0.524,0.316,-1.0617674944739695
391.2596,1.22,0.995,-0.006627804178771011
392.1188,7.332,0.841,0.20601321405281683
392.1553,0.566,0.963,-0.047730552248151085
392.155,4.524,0.162,-1.521703601417895
393.1156,5.109,0.62,-0.5135948804317572
394.1621,4.476,0.664,-0.44959142468227165
396.0688,5.32,0.203,1.3714428356338217
397.2555,4.466,0.838,0.21008738411060315
398.1458,3.806,0.231,1.285606215914407
398.1461,0.547,0.112,1.7607107054523758
399.1441,8.024,0.897,-0.13289793186264046
400.1935,6.118,0.0956,-1.8614602388931176
400.1979,0.535,0.36,0.9643563683051871
401.9985,5.291,0.672,0.4381741998947909
402.2842,0.515,0.144,1.6012583376177112
403.2585,1.052,0.466,-0.7607618660185061
404.014,5.467,0.174,1.477224433228842
404.2075,0.528,0.372,-0.9391050328429483
405.1777,4.328,0.545,-0.6285138044863211
406.1702,4.529,0.0412,-2.3807560109193133
407.22,0.543,0.175,1.474202778475283
408.1491,5.645,0.454,-0.7823642894009736
408.15,5.496,0.247,-1.2372331929884535
408.206,4.557,0.109,-1.779043266061411
410.1448,4.176,0.853,0.19098324249278464
410.2047,4.449,0.015,-2.9980302562953565
412.1129,7.998,0.47,-0.7546287024103931
412.1484,4.864,0.00962,3.2740940492063157
413.0838,0.586,0.784,0.28257471430172865
413.0845,4.486,0.621,0.5112795470254692
413.2811,0.557,0.479,0.7382694423596995
414.2997,3.986,0.00241,-4.169525610676153
415.1894,1.823,0.332,1.025150883757131
416.1911,3.695,0.499,0.7037993677377727
416.1914,1.313,0.817,0.23837396652875648
416.2019,1.132,0.154,1.5584951026400262
416.3518,0.967,0.0145,3.017341729065207
417.1877,4.012,0.577,-0.5782153523662711
417.1978,7.183,0.163,-1.5195746449870824
418.1637,3.622,0.101,1.825528077297511
418.2036,4.031,0.225,-1.303621258656472
419.2207,1.213,0.585,-0.5660300284771631
420.2011,4.674,0.947,-0.0688917763760415
421.0503,5.465,0.233,-1.2782011039947723
422.2002,3.807,0.652,-0.46664492264257046
424.1597,3.213,0.526,0.6600678953945333
424.163,0.522,0.821,-0.2328919490302178
426.1944,0.561,0.892,-0.13999913914142423
427.2233,1.588,0.131,1.6606179610777323
430.1704,4.114,0.376,0.9319577613927365
430.2945,3.707,0.823,0.23034260882513485
431.0968,4.511,2.46e-7,13.707164872295225
432.1861,4.594,0.57,0.5888156112278446
432.2013,3.818,0.335,1.0175388590264343
432.2019,0.535,0.0894,1.903579278526437
433.1123,4.289,6.9e-7,12.156334497070807
433.2361,4.762,0.806,-0.25299616767031263
433.2365,1.214,6.1e-6,9.376529052172307
434.135,1.937,0.804,0.25610552856102353
434.1406,0.555,0.777,-0.29169828794079133
434.1419,8.262,0.635,-0.49151381980192316
434.1513,3.94,0.794,0.2686671809875087
434.1579,5.479,0.518,-0.6727284633610986
434.1587,4.051,0.892,-0.14024753482203012
434.1799,5.635,0.859,0.18335892579060556
434.2167,3.263,0.45,0.7898648036505701
434.2183,5.437,0.414,-0.8568338328240159
435.0872,5.844,0.323,-1.0467093484906766
436.155,5.514,0.966,-0.0440017940699867
436.1596,3.955,0.46,0.7715571111298852
436.1959,4.973,0.65,0.46894404204446577
436.1964,6.237,0.483,0.7320843638310932
437.1419,5.105,0.458,-0.7759538490390147
437.1606,4.005,0.445,0.7986660887686596
444.222,3.766,0.165,-1.5124298731291725
447.0919,4.001,7.77e-8,15.656395996975496
447.1064,7.905,0.638,0.48654721404134527
448.1367,5.06,0.971,0.03784239599555928
448.2317,3.946,0.203,1.3735726050347434
448.3053,0.515,0.368,0.94746467138182
448.3053,0.958,0.685,0.41941337472548146
449.1074,3.962,0.0156,2.9752018826447517
449.2389,7.195,0.718,0.3723946270811328
449.304,1.78,0.928,-0.09233963841879357
450.1422,4.949,0.323,-1.0465316346280418
450.1578,7.375,0.0184,-2.87181080021677
450.2117,6.308,0.66,-0.45434248819289047
450.2119,3.204,0.496,0.709374967024879
450.2125,5.721,0.836,0.21340973183321307
451.0399,4.311,0.162,-1.5242077342131224
451.0996,4.142,0.43,0.8270765311999918
452.1908,4.095,0.125,-1.6939252333698716
452.1913,0.564,0.963,-0.04724491842330926
453.1249,8.361,0.31,1.0764301346289264
453.312,0.499,0.724,-0.36459154233451335
454.1242,3.692,0.144,-1.5985388578282134
454.2063,4.046,0.444,0.800635386768304
454.2064,4.027,0.327,1.0360082850580077
457.251,6.86,0.383,-0.9168642641920934
457.3017,4.509,0.00716,3.459887807274908
458.145,3.604,0.151,1.5712826769975936
458.2017,4.076,0.987,-0.016988416559107287
458.2017,4.111,0.462,0.7683569171438052
458.2019,0.544,0.725,0.36333845135022574
461.1072,4.293,2.57e-9,23.07147903067276
463.0353,5.752,0.397,-0.8895190961891536
463.2582,0.524,0.499,0.7045381900278053
463.3193,1.553,0.356,0.9732258701623282
464.1651,5.887,0.271,-1.173848569747184
464.1908,3.734,0.782,0.2850421804171245
464.1909,3.664,0.966,-0.044155867100197824
464.1911,0.532,0.873,-0.16419098577127536
464.2299,4.177,0.879,0.15633356238241236
466.2038,0.538,0.129,-1.6734155023391473
466.2051,3.697,0.749,-0.3302532522266196
466.2059,6.417,0.162,1.521643720173044
467.0351,5.297,0.519,0.6712807685938069
468.2219,3.666,0.158,1.5388486414081461
468.2222,0.533,0.502,0.6994838150537803
469.0327,5.27,0.888,-0.14497385976942298
469.0527,4.611,1.43e-7,14.600205057463683
469.2362,1.242,0.322,1.047847091667094
469.3014,4.532,0.0242,2.7051703983819553
470.0971,4.357,0.758,0.31719682365359675
470.2642,3.998,0.62,-0.513933230222163
471.0854,1.877,0.583,0.5701381331280728
472.1809,6.745,0.179,1.4568614064681573
472.1938,5.742,0.105,-1.799570252282442
472.3114,0.479,0.0959,1.8592828543723967
474.1399,3.581,0.137,1.631072465592241
475.2465,3.874,0.18,1.4548725265993527
478.1878,1.985,0.331,1.0269326485156485
478.2061,0.546,0.516,0.6752555384928108
479.1308,4.053,0.286,1.1342697978374352
480.2047,4.948,0.122,1.7087525060771418
481.1678,5.055,0.312,-1.0716701921294867
481.309,1.638,0.816,0.23930709057470462
482.2184,3.928,0.747,0.3320706974510302
484.1971,4,0.214,-1.3366789339615117
484.2336,3.666,0.992,-0.010161670406425417
485.1367,8.132,0.49,-0.7195889701581384
486.1965,6.502,0.515,-0.6774336771462032
486.2371,3.708,0.13,1.6684331322748547
487.2078,4.559,0.348,0.9909312691857487
487.213,9.393,0.114,-1.7512099486309536
489.1394,3.349,0.641,-0.4828613879299664
489.2284,0.496,0.796,0.266616166233842
490.1469,4.11,0.848,-0.19667825432062772
491.2414,4.923,0.862,0.1794107373685612
495.0461,5.774,0.236,1.2687530257636905
497.2358,0.508,0.715,-0.3766882925328139
499.2371,0.507,0.784,-0.28287846720935045
501.6989,7.967,0.714,0.3784832740612994
502.2947,1.064,0.0649,2.1018077060081986
503.3506,1.224,0.178,1.462862704573575
504.1324,3.4,0.607,0.5324202399721032
504.2647,4.971,0.501,-0.7014468613902217
505.2256,4.929,0.251,1.2278231825349566
505.2362,1.842,0.927,0.09453111870486315
505.2373,1.814,0.553,0.6169260248368315
505.2806,1.871,0.265,1.1885771854014309
507.2521,1.817,0.175,-1.4725338412644882
508.2802,2.422,0.492,0.7160750028333599
512.197,8.01,0.217,-1.329051236663604
512.2233,3.668,0.965,-0.044839393725428944
513.2981,0.528,0.93,0.0898810608028428
513.2982,4.083,0.605,0.5356083993824011
514.1703,3.665,0.102,1.823347220599766
516.207,6.311,0.0444,-2.33443735857743
518.2381,5.002,0.929,0.09186818449706398
518.238,0.546,0.967,0.043028774536044166
521.2309,1.741,0.927,-0.09406839214982674
521.2313,1.696,0.797,-0.26522262109456646
521.2674,1.304,0.135,1.6407437867954286
521.2675,1.84,0.363,0.9580373585569727
522.2956,1.034,0.707,0.38872135991644435
523.2105,1.998,0.372,0.9387727407407982
527.2595,4.101,0.127,-1.6824145516697822
530.1863,6.452,0.0903,-1.8969979334708331
531.3637,0.503,0.606,0.535158998690492
535.2468,1.373,0.296,-1.109394677951588
535.2469,1.907,0.417,0.8500510977336385
535.2833,1.542,0.775,-0.2948438318878297
539.2422,2.065,0.201,-1.3811169323391592
539.2428,1.935,0.327,-1.035725065855978
539.3505,1.773,0.66,0.4542231718373439
539.3506,1.819,0.617,0.5180048038766459
540.2071,4.419,0.987,0.016195710108808728
540.3495,4.471,0.0622,-2.1280633172553927
540.4236,0.454,3.21e-4,-5.631364103322238
541.2365,1.554,0.868,-0.17056741989816326
541.2619,0.508,0.73,-0.3556088408607045
542.1798,5.388,0.341,-1.0044146176763313
545.3031,1.418,0.454,0.7832005717430254
551.281,1.972,0.392,0.8983163942366776
551.2954,5.441,0.515,0.6769518647472313
553.3887,0.421,0.0212,2.78494925094374
555.2408,0.513,0.644,-0.47869844016758695
555.3086,0.525,0.331,-1.0276240749897254
559.1264,8.026,0.924,0.09793898803897352
559.223,1.233,0.216,1.3316542410350203
561.299,1.22,0.319,-1.0557342378817585
562.2481,4.084,0.76,-0.3147655115937455
568.1634,6.556,0.574,0.5829570202787295
569.2667,1.54,0.276,-1.1601589360979172
571.0617,5.835,0.524,0.6621839433593276
572.2742,1.476,0.125,1.6913423491481285
572.3994,0.467,0.604,0.5370513080453221
573.465,1.767,0.957,-0.05481018668595722
575.3863,0.86,0.0526,-2.231674018420589
577.2497,3.628,0.455,-0.7808569710364509
577.294,1.229,0.95,-0.06472065008502222
577.3113,4.381,0.783,0.2838636890834411
579.2641,3.674,0.33,-1.030050045160403
580.3266,0.51,0.974,0.03382416192474198
587.4806,1.357,0.117,1.7344194561011521
587.4807,1.51,0.234,1.2755578891304178
588.2277,3.841,0.665,0.44731184342206665
591.312,2.003,0.239,1.2624422537126367
591.3171,0.528,0.0704,2.0516485923838954
593.3316,0.527,0.0102,3.239399607368469
593.3324,0.771,0.0154,2.9802091122063366
595.3477,2.702,0.0294,2.585660294823258
595.3478,0.525,0.022,2.7641043651425052
595.3479,0.782,0.0192,2.8477897320242125
595.3943,0.51,0.555,-0.6132464601371853
596.2694,6.186,0.482,0.7332638886674638
600.1399,5.886,0.759,0.31612372448828896
603.4956,4.873,0.959,0.0522579559157173
607.1285,8.059,2.16e-8,18.1239527906009
61.0396,2.563,0.00841,-3.358665624717709
611.3131,1.258,0.992,-0.010198588300841182
615.2543,4.788,0.333,1.0233298208100667
623.2803,6.454,0.365,-0.9530933935394246
629.3141,0.508,0.339,-1.0099490530954116
629.3142,0.507,0.339,-1.0099490530954116
637.2961,6.135,0.42,-0.844154996625436
645.4286,1.239,0.069,-2.064569882700996
648.2457,3.965,0.489,0.7218533508834898
653.2903,6.26,0.41,0.8634519316049621
666.637,0.431,0.167,-1.502512730889002
675.8656,8.615,0.338,1.012291237336853
685.2828,0.974,0.475,0.744968337093501
696.649,0.442,0.528,-0.6564570991418471
703.5726,0.512,0.0978,-1.8472085020120392
715.3764,1.192,0.397,-0.8897479300338337
717.3928,1.051,0.596,-0.5491296086062568
719.3758,1.264,0.473,0.7482747424261654
721.3514,1.034,0.516,0.6753194428139973
731.4085,1.051,0.57,-0.5893767544220824
733.3878,1.197,0.671,-0.43881502446923837
735.3684,1.164,0.321,-1.0500290559247456
742.327,6.508,0.664,-0.44846757642854396
745.4246,0.839,0.616,0.5189661667222097
747.4025,1.14,0.792,-0.272113595597331
749.3826,0.829,0.975,0.03230133050522805
758.3187,6.536,0.612,-0.5255568254871925
76.0758,1.839,0.969,0.04011288818740885
761.4182,0.857,0.517,0.6747524414925046
773.4545,0.537,0.991,-0.011816450363185623
787.4343,0.839,0.477,0.7428181291799727
805.4077,1.199,0.416,-0.8519658197103624
855.5726,0.469,0.677,0.429764964421442
86.0601,1.154,0.497,-0.7082510350107892
86.06,5.38,0.0287,-2.6012371034758996
887.3642,7.332,0.805,-0.25395410678170915
94.0653,1.679,0.599,-0.5447840663532586
975.5183,0.838,0.558,0.6089981785828488
