mz_rt,Red,Yellow,FC_postRed_div_postYellow,p,log2_FC_postRed_div_postYellow,neglog10p,mz,rt,MPA,Cluster_ID,Cluster_features,Cluster_size
123.0542_0.96,556.2961154545454,1414.902900909091,0.39316911082528627,0.00301,-1.346778113518365,2.5214335044061564,123.0542,0.96,505.01329999999996,123.0542_0.96,123.0542_0.96,1
152.0354_1.011,16169.251545454545,48168.96283636364,0.33567780150018256,0.0441,-1.5748509606654624,1.3555614105321614,152.0354,1.011,10316.608,152.0354_1.011,152.0354_1.011,1
163.0403_0.951,17632.9849,31295.055,0.5634431669795755,0.019,-0.8276579979801592,1.7212463990471711,163.0403,0.951,11844.2875,163.0403_0.951,163.0403_0.951,1
165.0046_1.023,86383.42718181819,173718.61409090908,0.4972606282514589,0.00176,-1.0079258879071613,2.75448733218585,165.0046,1.023,160788.14,Cluster_165.0046_1.023,121.0156_1.025;165.0046_1.023;191.0043_1.023,3
179.0709_0.842,12771.115418181818,21264.517681818183,0.6005833571810338,0.0453,-0.7355635980893103,1.3439017979871681,179.0709,0.842,14615.877,179.0709_0.842,179.0709_0.842,1
183.1023_0.506,27873.607136363637,59746.69018181818,0.46652972828352585,0.0392,-1.0999590792321874,1.4067139329795428,183.1023,0.506,26306.7265,183.1023_0.506,183.1023_0.506,1
183.1025_0.808,12826.186772727273,35315.72490909091,0.363186280495281,0.00561,-1.4612183896023179,2.2510371387438384,183.1025,0.808,14582.779999999999,183.1025_0.808,183.1025_0.808,1
191.0196_0.953,22712.440872727275,60708.64854545455,0.37412199772033683,2.28e-4,-1.41841929855486,3.642065152999546,191.0196,0.953,55180.634,191.0196_0.953,191.0196_0.953,1
203.0347_2.437,345302.6563636364,551539.5136363637,0.6260705676135806,0.0478,-0.6756028150324718,1.320572103387881,203.0347,2.437,427045.13,Cluster_203.0347_2.437,201.0418_2.434;202.0383_2.431;203.0347_2.437;203.0669_2.431;247.0417_2.423;291.0484_2.435,6
204.9662_1.032,169164.3760909091,383635.57181818184,0.44095070561152744,0.0382,-1.1813107106346294,1.4179366370882913,204.9662,1.032,280549.595,204.9662_1.032,204.9662_1.032,1
206.082_0.895,16559.63209090909,36013.402272727275,0.45981859657424246,0.00384,-1.1208632803256156,2.415668775632469,206.082,0.895,15080.0495,206.082_0.895,206.082_0.895,1
206.9971_2.175,911566.9790909091,1547556.4581818182,0.5890363316126664,0.0372,-0.7635714730202466,1.4294570601181025,206.9971,2.175,840056.155,Cluster_206.9971_2.175,206.9971_2.175;208.0098_2.178;208.9925_2.178,3
211.0612_0.531,11321.532409090909,46190.020454545454,0.24510775915832664,0.0455,-2.0285119398459854,1.3419886033428876,211.0612,0.531,16129.91325,Cluster_211.0612_0.531,123.045_0.518;124.0491_0.516;211.0612_0.531,3
211.0612_1.538,16982.706,48672.29536363636,0.3489193569590305,0.0342,-1.5190344589080795,1.465973893943865,211.0612,1.538,22258.3845,211.0612_1.538,211.0612_1.538,1
211.0613_1.458,20066.956363636364,52742.52745454545,0.3804701316396045,0.031,-1.394144893791339,1.5086383061657274,211.0613,1.458,27986.246,211.0613_1.458,211.0613_1.458,1
215.0733_0.99,23077.40209090909,47504.37690909091,0.4857952801922294,0.0437,-1.0415796215384145,1.359518563029578,215.0733,0.99,33859.538,215.0733_0.99,215.0733_0.99,1
218.067_1.023,2824.8307954545453,12157.43050909091,0.2323542621397041,0.00815,-2.1056019860343427,2.0888423912600236,218.067,1.023,4746.4752499999995,218.067_1.023,218.067_1.023,1
218.0822_0.977,6341.114790909091,26602.371127272727,0.2383665260728652,0.0132,-2.0687464432290628,1.8794260687941502,218.0822,0.977,8992.771499999999,218.0822_0.977,218.0822_0.977,1
229.0023_1.031,35745.31709090909,125592.50054545455,0.28461346764866835,0.00151,-1.812924164399492,2.8210230527068307,229.0023,1.031,62402.686499999996,Cluster_229.0023_1.031,229.0023_1.031;229.0173_1.02,2
229.0174_0.829,38252.375181818185,111646.68936363637,0.34261987883249395,0.00595,-1.5453192357565773,2.2254830342714502,229.0174,0.829,52141.09,229.0174_0.829,229.0174_0.829,1
230.9966_2.338,11864.730163636365,36597.69478181818,0.3241933743195976,0.0277,-1.6250734887140097,1.5575202309355514,230.9966,2.338,17104.2415,230.9966_2.338,230.9966_2.338,1
232.0985_0.835,9520.884054545455,49843.03190909091,0.19101735367765485,1.58e-4,-2.3882243837079487,3.8013429130455774,232.0985,0.835,7158.094300000001,232.0985_0.835,232.0985_0.835,1
243.1041_0.908,32768.25190909091,60998.63790909091,0.537196452778617,0.0376,-0.8964783165099338,1.424812155072339,243.1041,0.908,44235.181,243.1041_0.908,243.1041_0.908,1
244.997_1.029,23755.405818181818,43305.71954545454,0.5485512322049672,0.00949,-0.8663017267723158,2.022733787572707,244.997,1.029,33601.776,244.997_1.029,244.997_1.029,1
247.0606_2.616,15907.799418181818,30402.368363636364,0.5232421115326267,0.0367,-0.9344494385039362,1.4353339357479107,247.0606,2.616,19324.4535,247.0606_2.616,247.0606_2.616,1
248.0955_0.541,43292.865090909094,73013.93881818182,0.5929397289292434,0.0193,-0.7540426295663748,1.7144426909922261,248.0955,0.541,38112.383,248.0955_0.541,248.0955_0.541,1
252.0203_4.947,905.6660813636364,2689.508140909091,0.3367404127126043,0.0025,-1.5702912233761084,2.6020599913279625,252.0203,4.947,1521.91355,252.0203_4.947,252.0203_4.947,1
252.9652_3.796,1888.5336222727274,14031.267131818182,0.13459465952224442,0.0131,-2.8933069273880623,1.8827287043442358,252.9652,3.796,1373.59775,252.9652_3.796,252.9652_3.796,1
259.0127_1.039,9983.810627272727,40443.78845454546,0.24685646446038245,0.00857,-2.0182556692824423,2.067019178076802,259.0127,1.039,23913.763,259.0127_1.039,259.0127_1.039,1
259.0278_1.04,17990.3095,62396.67918181818,0.28832158595456486,0.0153,-1.794249242848811,1.8153085691824011,259.0278,1.04,30078.0625,259.0278_1.04,259.0278_1.04,1
275.0558_2.36,14141.570127272727,32177.856,0.43948142869657714,0.0344,-1.1861258926436826,1.4634415574284698,275.0558,2.36,16557.8235,275.0558_2.36,275.0558_2.36,1
279.1234_0.839,4995.8777272727275,11720.961800000001,0.42623445178984604,0.00984,-1.2302808865213548,2.0070049015686586,279.1234,0.839,8538.9055,279.1234_0.839,279.1234_0.839,1
282.0471_0.951,3721.756018181818,10250.490336363637,0.36308077916808335,0.0189,-1.4616375363627299,1.723538195826756,282.0471,0.951,8151.540500000001,282.0471_0.951,282.0471_0.951,1
283.0279_2.454,742.18394045454545,1192.9119772727272,0.6221615295969697,0.0132,-0.6846389040902023,1.8794260687941502,283.0279,2.454,1241.7119,283.0279_2.454,283.0279_2.454,1
289.0021_2.845,10569.653990909092,41697.61220909091,0.2534834354041188,0.0389,-1.9800366215883145,1.4100503986742923,289.0021,2.845,18912.374000000003,289.0021_2.845,289.0021_2.845,1
303.0177_4.041,19147.908436363636,65368.03427272727,0.2929246481005547,0.0102,-1.7713985012046911,1.9913998282380825,303.0177,4.041,26598.697500000002,303.0177_4.041,303.0177_4.041,1
309.0783_2.234,3612.294936363636,6493.997018181818,0.5562514005242033,0.0288,-0.8461910315132718,1.5406075122407692,309.0783,2.234,5502.342000000001,309.0783_2.234,309.0783_2.234,1
311.0736_4.073,45648.432772727276,125787.46856363636,0.3629012754130874,1.08e-4,-1.4623509677231796,3.96657624451305,311.0736,4.073,7101.71135,Cluster_311.0736_4.073,311.0736_4.073;374.0682_4.077;410.9958_4.065,3
329.1058_0.558,4784.538190909091,10430.334472727272,0.45871378366815246,0.0227,-1.1243338359721342,1.6439741428068773,329.1058,0.558,6227.988149999999,329.1058_0.558,329.1058_0.558,1
356.0984_4.734,2905.900743181818,4864.441554545455,0.5973760216044681,0.0357,-0.7432887651840837,1.4473317838878068,356.0984,4.734,4088.259,356.0984_4.734,356.0984_4.734,1
356.0986_5.69,28099.840390909092,44981.703736363634,0.6246948882950584,5.51e-6,-0.6787763701088628,5.258848401148215,356.0986,5.69,2668.3385,356.0986_5.69,356.0986_5.69,1
361.0718_3.973,16390.624154545454,29293.63484727273,0.5595285201034531,1.63e-5,-0.8377164252349973,4.787812395596042,361.0718,3.973,1712.26215,Cluster_361.0718_3.973,361.0718_3.973;723.1416_3.964;725.1467_3.974,3
431.1183_0.764,655.3672545454546,1839.4008481818182,0.3562938742761055,0.0318,-1.4888604153102156,1.4975728800155672,431.1183,0.764,505.01329999999996,Cluster_431.1183_0.764,431.1183_0.764;432.1206_0.774,2
439.1031_2.332,9219.259018181818,14293.737281818181,0.6449859009168186,0.00726,-0.6326604706300814,2.1390633792999063,439.1031,2.332,12493.1,439.1031_2.332,439.1031_2.332,1
444.9665_2.007,4306.514590909091,7517.220090909091,0.5728865908977643,0.02,-0.8036785247410879,1.6989700043360187,444.9665,2.007,4653.8812,Cluster_444.9665_2.007,428.9925_2.008;444.9665_2.007;452.0686_1.995,3
459.2375_0.514,4452.588290909091,17340.07278181818,0.25678025386247644,4.97e-4,-1.9613938299271056,3.303643611266668,459.2375,0.514,5305.42625,459.2375_0.514,459.2375_0.514,1
561.1384_2.255,2495.3749522727276,3926.117090909091,0.6355834261924481,0.0481,-0.6538465901847539,1.3178549236261683,561.1384,2.255,2439.60815,561.1384_2.255,561.1384_2.255,1
853.3185_7.746,1477.50162,2388.3636504545457,0.6186250656254991,7.19e-7,-0.6928628047498998,6.1432711096171175,853.3185,7.746,501.7629,853.3185_7.746,853.3185_7.746,1
