m.z,r.t,p.value,t.score
100.0039,3.918,0.797,-0.2641660642917524
103.0267,1.019,0.673,0.43453105946775683
103.04,0.988,0.794,-0.26805931970088365
1058.0265,1.11,0.297,-1.0991670879551891
107.0367,1.019,0.386,0.9061206250060632
107.0502,0.999,0.569,-0.5882001896586337
109.0295,2.682,0.893,0.1379998137242888
111.0087,5.156,0.42,-0.841200378701298
111.0088,7.821,0.355,0.9695854519599958
112.0517,3.504,0.607,0.5315425216537183
112.0517,3.613,0.462,0.7642305203850667
117.0558,0.877,0.833,0.21693498490266755
119.0352,4.472,0.837,-0.21151002935582028
119.0352,5.013,0.00533,3.54351070524892
119.0359,5.512,0.169,1.4826333796938544
123.0542,0.96,0.00301,-3.8892885086925233
124.0074,6.271,0.827,0.22416517005794015
124.9914,3.319,0.349,-0.9835497777055642
124.9916,5.153,0.907,0.12015615701850929
125.0243,0.867,0.112,-1.7415624302894357
127.0399,0.847,0.564,-0.5969717352286703
128.0354,5.186,0.534,0.6444363693566879
128.9597,5.323,0.0839,-1.9195364087343734
129.0193,2.327,0.289,-1.1199860239410102
129.0193,6.544,0.322,-1.0411923363726538
131.0712,0.84,0.818,-0.23595885789341745
135.0299,6.065,0.158,1.5242995797373575
135.0299,8.49,0.466,-0.7586705422720826
135.0302,5.655,0.592,-0.5538668612440468
135.0312,3.109,0.292,1.1118244628127603
135.0373,5.68,0.219,-1.3108903509051206
135.03,5.533,0.612,0.5238179253547833
137.0101,1.032,0.346,-0.9891699823331407
137.0244,0.97,0.28,-1.1425221789637952
139.0069,4.58,0.275,-1.1544037617356504
139.0398,0.519,0.0792,-1.9543098804457055
139.04,3.348,0.988,0.015554971641634946
139.0513,5.435,0.504,0.6936340832824999
139.0764,0.897,0.572,0.583930286206949
143.0348,0.84,0.59,-0.5572474044582646
144.0302,5.659,0.00772,3.322338106829673
144.0522,1.038,0.938,0.07997370902314796
144.0666,1.163,0.703,-0.3922374581338654
145.0142,5.656,0.0769,-1.97216787281672
145.0362,1.023,0.805,0.25287249656181043
145.0504,0.989,0.899,0.12979269397999718
145.05,0.997,0.936,-0.0818884544080389
145.0618,3.339,0.577,0.5767316554768145
145.0619,6.606,0.981,0.024388745750753452
145.0982,8.275,0.836,0.21276817014806543
147.0297,3.639,0.403,-0.8732795977718141
147.0298,5.173,0.959,-0.053164442958377335
147.0298,5.656,0.444,-0.7976976538833235
147.0298,6.996,0.976,-0.03103326035862952
149.0092,7.63,0.768,0.3024624775887846
149.0092,7.798,0.803,0.256403006076961
149.0455,5.186,0.816,-0.23882330337087798
149.0455,5.396,0.472,0.7467028007876028
149.0455,5.659,0.919,0.1048148509043991
150.0559,3.673,0.622,-0.5094260689825859
151.007,5.656,0.839,-0.20879863471424356
151.0255,1.019,0.23,1.2784603184962278
151.0261,3.2,0.659,0.45498124966278425
151.0401,1,0.97,0.03820257081563911
151.0612,4.846,0.895,-0.13545706635448085
152.0354,1.011,0.0441,-2.3017563160458447
153.0047,1.043,0.272,-1.1636172085151475
153.0193,1.076,0.118,-1.712739009346442
153.0193,3.42,0.734,-0.3488533386726102
153.0919,0.843,0.351,0.9789570181033649
154.0256,0.927,0.987,-0.016587698037937592
154.0623,7.684,0.67,0.4391338154019348
154.0703,7.686,0.477,0.7388090734243926
154.9986,7.909,0.01,3.1692006834207143
155.0462,6.062,0.574,0.581258537521227
156.0665,1.414,0.752,0.3241924126074488
157.0367,4.662,0.0622,-2.098641475219014
157.0503,0.513,0.19,-1.405087345164313
158.0822,0.968,0.411,-0.8582471250789606
158.082,0.514,0.732,0.3527832819211685
159.0516,1.019,0.511,0.6807452157357372
159.0663,0.926,0.8,0.25972368326718276
161.0455,3.524,0.437,0.809029526896915
161.0455,3.634,0.278,1.1480628390274137
161.0455,5.668,0.5,0.6996928023363878
161.9867,2.332,0.422,0.8370522630824426
161.9867,2.345,0.161,1.51240121131715
162.0227,0.513,0.202,-1.366284194976338
162.0229,4.073,0.457,-0.7740493380798891
163.0247,5.69,0.102,-1.8007922804448546
163.0403,0.951,0.019,-2.7936518613692414
164.0715,4.437,0.713,-0.37808421972894324
165.0046,1.023,0.00176,-4.225187565989386
165.0405,5.703,0.209,-1.34397260999769
165.0405,6.024,0.895,-0.13494281407419317
165.0405,6.233,0.0191,-2.791401489270589
165.0418,1.302,0.879,0.15636662648773902
165.042,0.562,0.707,0.3872596184523789
165.0472,3.498,0.33,1.0230368830692338
165.0488,5.706,0.199,-1.37654867690592
165.0534,0.912,0.822,0.230532870472103
167.0212,5.168,0.877,-0.15864868655816292
167.0461,5.457,0.227,1.2883110803294786
167.0559,3.69,0.836,-0.21305518935594223
168.078,7.818,0.335,1.0126168509658862
168.0862,7.82,0.432,0.8182382183826916
171.041,7.771,0.348,0.9854680454536315
171.043,3.694,0.53,0.6507118188463621
171.0662,0.928,0.224,1.2964946562893473
171.0774,5.47,0.394,0.8907251219951259
172.0977,0.843,0.0742,-1.9935719578290758
172.0978,0.872,0.245,-1.234026458134355
172.9922,1.849,0.842,0.2050128181977967
172.9996,1.942,0.0124,3.0447618160340495
173.009,6.03,0.212,-1.3317914624163933
173.0218,1.841,0.262,-1.1889284827900257
173.0567,5.365,0.216,1.3193048941699197
173.0567,5.7,0.745,0.33462125804798193
173.0818,0.849,0.707,0.38628465269697754
173.9866,2.442,0.285,1.1308618464604148
174.9871,1.827,0.971,0.03781653999982021
175.0245,0.522,0.23,-1.2797024561173327
175.0246,4.153,0.291,-1.1145727391478204
175.0246,5.38,0.165,-1.4976050721082441
175.0246,5.701,0.26,-1.194463163597499
175.0611,3.502,0.977,-0.028960346441761736
175.061,0.56,0.784,0.2810222303105958
175.061,3.616,0.861,0.17969282398543085
175.0974,0.773,0.866,-0.172791990686783
175.0974,0.971,0.525,-0.6592917538153659
177.0405,5.7,0.59,0.5564903295862782
177.1284,0.774,0.721,-0.366699482207126
178.0361,1.018,0.305,-1.0819526551868737
178.0444,1.022,0.159,-1.5207431329118264
178.0511,0.524,0.544,-0.6278980044871337
178.0589,0.533,0.729,-0.3560108180862176
179.0349,5.243,0.633,-0.4928337252913564
179.0559,5.977,0.623,-0.5070531774655784
179.0561,5.436,0.181,1.436684032314612
179.0562,5.704,0.454,-0.7796452017370671
179.056,6.344,0.721,-0.36713771656711935
179.0636,0.527,0.734,-0.349649616283709
179.0644,5.704,0.573,-0.5821361528941775
179.0709,0.842,0.0453,-2.2866444603098324
179.1075,0.837,0.502,0.6970296412504956
181.0368,3.602,0.504,0.6935402539557101
181.0504,0.867,0.714,-0.3765543493092787
181.0504,0.995,0.0115,-3.0854480589682396
181.0504,3.057,0.527,-0.6548660535274038
181.0505,0.887,0.39,-0.8982058694991912
181.0505,2.24,0.694,-0.4052875131011234
181.0718,5.323,0.254,1.2097318922296108
181.0805,5.323,0.497,0.7046276528202596
181.9916,3.013,0.911,0.11424630474699882
182.0272,5.423,0.863,-0.1772189483845049
182.028,4.092,0.505,-0.6915682363748636
182.0308,1.029,0.147,-1.5735890957830476
182.0457,0.856,0.0606,-2.114439059530298
183.005,0.703,0.483,0.7282129541989194
183.0514,3.658,0.586,0.5620746026863375
183.0638,3.785,0.44,-0.8038409186650743
183.0661,0.867,0.939,-0.07899719778188097
183.1023,0.506,0.0392,-2.371473210684385
183.1025,0.808,0.00561,-3.512222237910457
184.0977,1.118,0.12,-1.701836117207688
185.0566,7.305,0.304,1.0833786833356915
185.0819,0.862,0.234,1.2658210082039354
187.0068,2.234,0.815,0.24032275905464223
187.0068,2.535,0.786,-0.27870730917110453
187.0416,2.303,0.143,-1.5909917170575893
187.0417,3.489,0.026,2.6113295664006544
187.0724,5.679,0.93,0.09043721083094801
187.0978,0.824,0.364,-0.9503694760097791
188.0022,2.235,0.511,0.6822644159276381
188.0022,2.253,0.617,0.5163850680473575
188.0023,3.128,0.471,0.7496090719185805
188.0104,1.569,0.973,0.03520712368165503
188.0105,2.248,0.524,0.6610281170739734
188.0351,4.457,0.302,1.0877179610896237
188.0563,4.907,0.485,-0.7244817459654491
188.0927,4.517,0.0638,-2.0838215714211743
188.9861,3.886,0.0981,1.8244801251607106
188.9862,4.149,0.791,0.27174644736142606
188.9871,1.745,0.526,-0.65715159391598
188.9948,1.816,0.665,-0.4464639493662026
189.0404,5.148,0.806,0.2526984787958944
189.0405,5.173,0.626,-0.5033622350807455
189.0573,2.271,0.0523,-2.201588714716167
189.0928,0.848,0.719,-0.3698977924563629
189.113,0.89,0.182,-1.4339969461185917
190.0509,1.024,0.259,-1.1968726863900079
190.9655,2.079,0.193,1.394561424744315
190.9655,2.104,0.704,-0.3910680466226994
190.9746,2.11,0.521,-0.6650325631179066
191.0018,3.051,0.362,0.954501154671896
191.0018,3.068,0.337,1.0089183881549706
191.0196,0.526,0.46,0.7684824602103264
191.0196,0.953,2.28e-4,-5.598341946246977
191.0196,3.544,0.701,-0.39536442052634735
191.0196,3.644,0.819,-0.23448874600544806
191.0198,5.679,0.692,-0.40804273221286225
191.0199,8.317,0.985,0.01985905576519481
191.0201,7.804,0.322,1.0426074532907916
191.0284,5.675,0.786,-0.2792902571956442
191.02,7.722,0.942,-0.07402154987229159
191.0539,5.675,0.334,-1.0154954863298697
192.0332,5.667,0.637,-0.487236135264893
192.0664,0.98,0.378,-0.9232913034905722
192.9813,2.941,0.0867,-1.8996814551031849
193.0352,7.568,0.354,-0.9727469824401348
193.0352,7.691,0.77,-0.30002523139989357
193.0353,3.249,0.366,0.9472734266602223
193.0505,0.807,0.545,0.6259766406666106
194.0307,1.022,0.534,-0.6436448428580857
194.0456,0.519,0.869,-0.16938885794490438
194.0458,0.984,0.364,-0.9504665340270132
194.0458,3.731,0.724,-0.3638075863620114
194.9603,1.573,0.0662,-2.0612389386181804
194.9968,4.711,0.101,1.8056483634293183
195.0504,1.472,0.884,-0.1495321486777338
195.0511,6.805,0.421,0.8393294047268629
195.0515,0.84,0.775,-0.2939281851795473
195.0516,0.562,0.851,0.19232600639818465
195.0518,0.563,0.897,0.1325754227073694
195.0521,2.398,0.746,0.3324785856428437
195.052,1.912,0.71,0.38202879084312025
195.062,2.383,0.985,-0.019526373401109718
195.0655,0.844,0.0809,-1.9416781210031664
196.0283,4.94,0.797,0.2642641840561882
196.0726,6.012,0.0444,2.297963768565819
197.0454,3.508,0.477,0.7380745271788074
197.0468,2.723,0.299,-1.0965771225040917
197.0541,1.058,0.702,-0.39324658414754676
197.0675,0.579,0.735,0.3482696868837674
197.0676,0.781,0.752,-0.3241681593508
197.0677,1.123,0.801,0.2584034051373673
197.0679,3.663,0.785,0.2804308110237289
197.068,3.613,0.74,0.3408353146641418
197.0819,0.842,0.364,0.9504831866412969
197.0905,0.843,0.414,0.8514771235729708
198.1133,0.851,0.805,0.2537280271909351
198.9916,1.038,0.401,0.8777430373415274
199.0069,1.086,0.338,1.0055624166685004
199.0974,1.354,0.371,0.9368625445309334
199.0975,0.822,0.724,0.36344747616761003
199.1313,0.836,0.785,-0.2798140402380842
200.1291,0.831,0.676,-0.43084777949617836
200.9711,1.033,0.667,-0.44347140703917665
200.9866,1.058,0.767,-0.30457938310138943
201.0078,1.025,1.52e-9,20.71445750277717
201.0516,7.993,0.174,1.4641037837114792
201.1131,0.834,0.247,1.2286554376536651
201.1243,5.193,0.179,1.444611893987646
201.1244,5.676,0.996,-0.005532349154601889
201.1356,7.005,0.103,1.7950831415345025
202.0509,5.224,0.318,-1.0508849096204769
202.0537,0.512,0.919,-0.1039087127609106
202.1083,0.514,0.977,-0.029499984591540965
202.9868,1.018,0.215,-1.3227850905150873
203.0017,3.658,0.433,-0.8168574010392777
203.0019,0.829,0.27,-1.1688774152011927
203.0022,1.372,0.777,0.2910844354446931
203.0022,2.013,0.356,-0.9687824880906493
203.0022,2.044,0.278,-1.1466427594334394
203.002,1.005,0.82,0.23385242719410404
203.0107,1.372,0.733,0.35102131731867936
203.0109,1.347,0.669,0.43981201346925863
203.0111,2.099,0.751,-0.32559568790493004
203.0347,2.437,0.0478,-2.255052530257449
203.0365,3.482,0.894,0.13724169972674508
203.0825,4.789,0.833,0.21592073288337937
203.1285,0.849,0.961,0.04952174668094308
203.997,3.657,0.417,0.845861389317822
204.0301,4.935,0.801,0.2585064913442641
204.0665,1.375,0.456,-0.7761765382710987
204.0665,1.41,0.442,-0.7998525067559047
204.0667,0.515,0.789,-0.27480945138691143
204.0876,5.17,0.476,-0.7408331400177077
204.9662,1.032,0.0382,-2.386667321172745
204.9811,4.114,0.229,-1.2808926783904409
204.9812,0.851,0.138,-1.6120210526944951
204.9812,1.012,0.0659,-2.0642621943147135
204.9812,3.501,0.294,1.1082189818125838
204.9812,3.521,0.0771,1.9705344897315897
204.9812,3.557,0.107,1.7692715228280036
204.9815,2.004,0.8,0.2607494116773414
204.9961,2.078,0.385,-0.9087989709771412
205.0059,2.072,0.155,-1.539847236243494
205.0272,0.897,0.344,0.9932336466103654
205.0353,5.68,0.545,-0.626138723013383
205.0524,3.564,0.864,-0.17597735942050272
205.0524,3.634,0.792,0.27115374917706425
205.0881,0.505,0.304,1.0840087126055753
205.0897,0.839,0.551,0.61681545317991
206.0463,2.859,0.432,-0.8190247907039155
206.082,0.895,0.00384,-3.7405332463852794
206.1033,5.302,0.474,0.7440349084078887
206.9971,2.175,0.0372,-2.402320462465372
207.0477,2.382,0.213,-1.3305797254504745
208.0612,0.516,0.319,-1.0493349820991784
208.0645,3.726,0.558,0.6054256342125216
208.9759,3.734,0.791,-0.27235775379337046
208.976,0.787,0.877,-0.15930393623859554
209.0666,5.694,0.0512,-2.2143486647189734
209.0675,0.96,0.737,0.34519618802856483
210.0408,3.441,0.92,-0.10279810324424181
210.0882,5.677,0.252,1.2161784729015064
211.028,5.713,0.252,-1.2162763844969098
211.0612,0.531,0.0455,-2.2833502125918104
211.0612,1.538,0.0342,-2.4508395042335134
211.0613,0.897,0.994,0.0078094028556181146
211.0613,1.458,0.031,-2.508139734539169
211.0967,0.835,0.542,0.630910382569191
211.987,1.036,0.0464,-2.2719071470042964
212.0019,2.386,0.208,-1.3459622543629697
212.0021,2.316,0.367,-0.9454155756329791
212.0022,2.356,0.297,-1.099985812712484
212.0031,3.829,0.548,0.6223323521477541
212.0111,3.879,0.825,0.22641693008153868
212.0113,0.514,0.841,-0.20559347513882323
212.011,3.758,0.267,-1.1745071720251625
212.0199,7.051,0.01,3.1684632556953405
212.129,0.833,0.175,-1.459584780773709
213.0223,0.802,0.44,-0.804804491379315
213.0766,0.898,0.0271,-2.5867823124175033
213.0766,4.042,0.398,-0.8828084107678857
213.1132,0.801,0.697,0.4002379601489517
213.9815,1.057,0.984,-0.02088139958027099
213.9964,1.026,0.0804,-1.94479415742561
213.9979,3.83,0.532,0.6470787282672625
214.0178,4.826,0.999,-0.0012944998070656476
214.9867,1.03,0.689,0.41139862328742094
215.0018,1.171,0.393,0.8930262243034599
215.0329,5.711,0.581,-0.5706682660452199
215.0731,0.557,0.0344,2.4481220360412737
215.0733,0.99,0.0437,-2.306746343076434
215.0923,0.897,0.873,0.16384542634328114
215.1035,3.532,0.547,0.6240530252956072
215.1035,3.639,0.515,0.6753158647155372
215.1035,4.441,0.961,-0.050029593438478855
215.1035,5.773,0.0755,-1.9832974873146476
215.1148,6.238,0.557,0.6074969732470781
215.1399,5.402,0.271,1.1643008008897475
216.0343,4.359,0.695,-0.4029496572609348
216.0988,5.731,0.754,-0.322543045530579
216.9811,3.931,0.324,-1.0373162868286245
217.0161,7.826,0.311,1.0679866381481975
217.0164,3.25,5.01e-5,6.75476089637283
217.0174,1.047,9.47e-4,4.6222229831868225
217.0487,5.68,0.959,-0.05309102677225453
217.0575,5.682,0.829,-0.22177366141385904
217.0929,1.022,0.736,0.3470313278083569
217.1079,1,0.915,0.10981073500183929
217.108,1.172,0.576,0.5780627815928723
217.9843,3.941,0.317,-1.054274644654643
218.0315,2.512,0.408,-0.8645874648971577
218.049,4.323,0.942,0.07420440304837515
218.067,1.023,0.00815,-3.2902615137144133
218.0822,0.977,0.0132,-3.006200157916348
218.1032,0.535,0.724,-0.36261598830679886
218.9815,1.043,0.194,-1.392286173405214
218.9966,3.891,0.346,-0.9894767850456172
218.9967,4.223,0.408,-0.8628789460909732
218.9968,3.319,0.603,0.536914854770231
218.9968,3.546,0.914,-0.11020998670197715
218.997,1.135,0.414,-0.8523514859632928
219.0069,3.319,0.607,0.5302948757855532
219.006,1.138,0.7,-0.3967765433952577
219.0507,3.497,0.341,-0.9997222786476752
219.0508,0.537,0.856,0.18601313914696077
219.0508,4.762,0.462,-0.7650085422871399
219.0629,3.469,0.479,-0.7347941284398173
220.0825,5.686,0.991,-0.011069876091475708
220.0976,0.844,0.425,-0.8310874780687936
220.976,3.219,0.508,-0.6872140594245221
221.0666,5.387,0.913,-0.11257773535117774
222.1131,0.844,0.583,0.5670796316331961
222.9743,1.003,0.0942,-1.8490108730636081
222.9917,3.031,0.656,-0.45889610932158986
222.9917,4.4,0.963,-0.047998596967911526
223.0542,5.477,0.987,0.016505952750520927
223.0973,0.837,0.302,-1.0882474805617084
224.002,2.41,0.178,-1.4492660842750305
224.0233,6.057,0.31,1.0695720580733408
224.0617,4.914,0.651,0.46599368805543684
224.0618,4.943,0.794,0.26801107903714677
225.0073,8.167,0.299,1.0949305682247166
225.0407,4.167,0.743,0.33754799226407656
225.0472,1.04,0.566,0.5930047281978323
225.0615,6.787,0.44,-0.8038780414493385
225.0628,1.132,0.504,0.6931314071291466
225.0735,1.131,0.676,0.429955580882883
225.0762,0.841,0.463,-0.7628691797322786
225.0991,8.076,0.794,0.26777347956157577
225.113,0.808,0.64,-0.4823448059474829
226.018,1.956,0.895,-0.13526329859560687
227.0219,5.696,0.132,1.6407369732986934
227.0381,0.604,0.928,-0.09306394899892943
227.0551,5.703,0.0608,2.112509728301306
227.0672,5.687,0.818,0.23605668163718196
227.1035,6.034,0.237,1.2581182410610372
227.1147,6.923,0.957,0.05576449018395428
227.1285,0.51,0.464,0.7611675244803464
227.1287,0.785,0.558,-0.605738766885847
227.9969,2.433,0.569,-0.5881128969289068
227.9971,3.983,0.943,0.07270049886213935
228.0312,3.932,0.903,0.12513736617721796
228.0575,3.43,0.418,0.8441720877385386
228.0885,0.942,0.103,-1.7958037715197812
229.0023,1.031,0.00151,-4.321336878224079
229.0174,0.829,0.00595,-3.477465542282145
229.0385,1.025,0.379,-0.9212035940996715
229.0541,0.558,0.844,-0.2021125992225185
229.0638,0.559,0.341,-1.0001524922173795
229.0883,0.552,0.5,0.6997043567537088
229.1079,0.847,0.824,-0.22887204449999618
229.1441,0.51,0.292,-1.1124145514408499
229.9984,1.043,0.933,0.0867067780401157
230.0128,1.11,0.385,0.9080558837296088
230.0128,3.617,0.844,-0.20217914370202428
230.0131,2.653,0.986,0.0183520977672423
230.013,2.604,0.951,-0.06288389319604117
230.0222,3.68,0.67,-0.43951927109665434
230.0225,3.623,0.809,-0.24794156677580761
230.0498,4.392,0.0699,-2.02896511776771
230.103,0.515,0.0766,1.9744731157689783
230.9815,1.035,0.213,-1.3292514739676469
230.9966,2.338,0.0277,-2.5738867410485766
230.9966,3.831,0.853,0.19057891583986072
230.9966,4.318,0.311,1.0665986795112856
230.9967,0.739,0.717,-0.3723309149983372
230.9967,0.761,0.65,-0.4677068036288276
230.9967,1.606,0.634,-0.49114832386863005
231.0295,2.581,0.175,-1.4604580056536987
231.0328,0.724,0.534,-0.6448114153721449
231.0488,3.479,0.0227,2.6894393784535393
231.0676,2.297,0.11,-1.7555139139576716
231.1236,0.974,0.866,-0.17365386609093894
231.9927,3.013,0.0727,2.00539421226779
232.0283,5.427,0.277,1.1491973426402358
232.0284,4.836,0.737,-0.34489595940636864
232.0985,0.835,1.58e-4,-5.865248403582578
232.9759,5.687,0.53,-0.6507196000517756
233.0116,3.162,0.646,-0.47321137750908493
233.0121,0.618,0.694,0.405564337100456
233.0122,3.76,0.175,1.4590264436443348
233.0469,3.48,0.728,-0.35800421112494546
233.0584,0.821,0.492,-0.7128481468431804
233.0835,2.303,0.0601,-2.1191865903719314
233.1505,7.606,0.981,-0.02428977410964056
234.9916,3.442,0.125,1.675931835976614
234.9916,4.916,0.259,1.1954918212989665
235.0569,7.02,0.605,0.5346133652129349
236.0232,7.803,0.309,1.0718009587342263
236.0252,4.945,0.309,-1.071772883552185
236.0772,0.506,0.244,-1.239046896470453
236.0924,0.513,0.398,-0.8819892991407299
237.0331,4.951,0.366,-0.9469503115384287
237.0763,0.843,0.349,0.9830103270075402
237.1128,0.821,0.207,-1.3492396119454277
237.1241,0.892,0.205,-1.3552600208840029
238.0774,4.689,0.816,0.23885811728127132
238.9688,3.227,0.482,0.7305186763580969
238.9865,7.261,0.957,0.05477917716988508
238.9867,8.106,0.822,-0.23082949889882015
239.0016,0.993,0.433,-0.8162297164090679
239.0036,5.67,0.359,0.9604072305073602
239.0341,8.007,0.483,0.7287500989632003
239.0922,0.817,0.653,-0.46407267095996624
239.0922,0.965,0.0164,-2.879737475707502
239.1147,7.668,0.966,0.04382878557672351
239.1147,7.98,0.306,1.0798093243029012
239.9969,2.405,0.26,-1.1951482009148173
239.9969,2.425,0.407,-0.8654952191383483
240.0004,7.368,0.466,0.7571181919073836
240.0182,7.939,0.764,-0.30846795939986155
240.9658,1.039,0.31,-1.0698788287944574
241.088,0.525,0.966,0.04380981569010554
241.1078,0.86,0.882,-0.15270201376836545
241.1189,0.516,0.0497,2.231119642120977
241.1443,0.769,0.419,-0.8432998176967679
241.9764,3.249,0.903,-0.12552933788173293
242.0125,3.346,0.796,0.2656844127085947
242.0125,3.711,0.547,0.6228615292262768
242.0127,3.404,0.578,0.5750241368055878
242.0489,3.714,0.638,0.4854402604814836
242.0665,5.698,0.366,0.9472056345108916
242.9966,1.058,0.304,-1.0844253710036376
242.9966,3.313,0.939,-0.07815506240681365
242.9966,3.467,0.636,0.48858637468890515
243.0178,1.027,0.0504,-2.223921767943478
243.0617,5.673,0.511,-0.6814969580403857
243.0624,4.458,0.275,1.1542015654518036
243.0712,4.454,0.591,-0.5549359414898988
243.0715,4.453,0.113,1.739717152458029
243.0773,2.902,0.597,-0.5464018120218798
243.1041,0.908,0.0376,-2.394996799377133
243.1083,1.017,0.777,-0.2905304775882442
243.1235,0.839,0.622,0.5090834080256141
243.123,0.971,0.242,-1.2449585047320704
243.1343,0.515,0.0564,2.156499490960984
243.1347,2.554,0.174,1.46498605187276
243.9918,3.939,0.572,0.5849133026666478
243.9919,4.942,0.222,1.3028933244810992
243.992,3.357,0.924,-0.09781392906477196
244.0031,4.944,0.711,0.3817972703359107
244.997,1.029,0.00949,-3.200299310469679
245.0123,0.574,0.998,-0.0021669488171743535
245.0126,3.391,0.782,0.2841676452556057
245.0224,3.395,0.649,0.46907983554208815
245.0432,5.704,0.191,-1.4028834041302858
245.0465,2.156,0.2,1.37142290083214
245.0777,3.343,0.987,-0.01639469016706706
245.0777,5.688,0.796,0.2659198963014977
245.0783,2.502,0.377,-0.92461418605891
245.1392,0.923,0.606,0.532450103488413
246.0076,3.632,0.709,-0.3844650592409463
246.0176,3.616,0.999,-6.810813145184134e-4
246.0444,5.448,0.108,-1.7631693074962713
246.0745,4.944,0.854,-0.18843933449226835
246.0976,0.832,0.11,-1.7521609211007194
246.9763,1.04,0.272,-1.1630090434045595
246.9915,4.007,0.0956,1.839696771382689
246.9915,4.253,0.0773,1.9688237195838685
246.9915,5.457,0.35,0.9810887070510724
246.9916,1.186,0.366,-0.9478323819775533
246.9916,3.123,0.448,-0.7889464253873393
247.0606,2.616,0.0367,-2.4095000521936982
247.0623,3.484,0.869,0.16919270610851647
247.0628,4.341,0.609,0.5276859292313953
247.0629,4.641,0.0661,2.062177646849044
247.0796,2.434,0.144,-1.5833341640348133
247.0817,0.843,0.477,-0.73815171040342
247.988,3.057,0.279,1.1448520115234118
248.0037,3.65,0.895,-0.13546473201211331
248.0237,3.389,0.0757,1.9816096360263071
248.0601,5.173,0.69,0.410240191760945
248.0955,0.541,0.0193,-2.78347822221724
248.0957,0.606,0.587,-0.5618693378407388
248.0959,3.144,0.84,0.2077775338245891
248.9602,5.84,0.673,-0.4349034740179434
249.0072,3.179,0.668,-0.4424885817006169
249.0072,3.526,0.855,-0.18725054103653613
249.0072,4.708,0.976,-0.031425370204529644
249.0534,0.86,0.312,-1.0638264083559763
249.0577,6.126,0.227,-1.2863706185977648
249.0627,5.154,0.335,-1.0132962524188545
249.0785,3.569,0.999,-0.0011805010731151303
249.0785,3.631,0.819,0.23491699494709933
251.0131,1.996,0.0978,-1.8259650998886643
251.0134,3.423,0.064,-2.081927978921626
251.0519,7.281,0.839,-0.20840435244395691
251.094,3.644,0.879,-0.15672006426352408
251.1286,0.792,0.574,0.5810108506525499
252.0203,4.947,0.0025,-4.003363268664436
252.9652,3.796,0.0131,-3.009089269054333
253.0559,7.542,0.0644,-2.077861067996241
253.0826,3.616,0.00154,4.306787571529225
253.0827,3.556,1.01e-4,6.20224326919062
253.0921,0.602,0.33,-1.0242535961462327
253.1078,0.791,0.183,-1.4321649909213845
253.1191,4.808,0.406,-0.8683435217350982
254.9814,10.976,0.91,-0.11621842550513134
254.9814,3.634,0.754,-0.32215625111641183
255.1345,0.514,0.0359,2.421882981813672
257.0122,1.017,0.287,-1.1259050223110276
257.0485,0.558,0.905,-0.12298149343469976
257.0544,5.7,0.618,0.5152224693883385
257.1024,0.515,0.995,0.005935129532912963
257.1391,0.808,0.909,-0.11691697040930821
257.1498,0.514,0.233,1.2684978128163122
257.15,0.515,0.227,1.2859387950183225
258.0074,4.608,0.979,0.026451563090915085
258.0076,3.328,0.796,0.26509937764768793
258.0439,4.624,0.33,-1.0248611146494764
258.044,2.992,0.597,0.5459920029678262
258.044,3.081,0.408,0.864525092457431
258.0611,5.695,0.176,1.455228080077183
258.9915,0.564,0.0966,-1.8335152189868156
258.9917,3.481,0.634,-0.4912610782330139
259.0019,3.481,0.801,-0.2594983514552142
259.0127,1.039,0.00857,-3.260249291617187
259.0129,8.077,0.666,0.44496525852206015
259.0278,1.04,0.0153,-2.921900862872354
259.0278,2.431,0.148,-1.5683296536417621
259.0281,3.133,0.698,0.3998338023021993
259.028,0.58,0.833,-0.2165766530990762
259.0415,5.754,0.379,-0.9204214463111212
259.0432,5.928,0.125,-1.6766975075510142
259.0561,2.484,0.251,-1.2178064353704252
259.0568,7.075,0.343,0.9958386291994973
259.0635,0.559,0.366,-0.9464658469466135
259.1067,0.982,0.871,-0.16599739735751953
259.1292,0.516,0.994,-0.008056580461141294
259.9865,3.126,0.846,-0.1993917543535313
260.0231,7.103,0.556,0.6093272692001188
260.0249,3.739,0.993,0.008833011473058
260.0473,2.62,0.267,-1.175312033690027
260.125,7.968,0.672,0.4357523229246874
261.0071,2.319,0.333,-1.0174813920552879
261.0072,0.592,0.362,-0.9554262780220301
261.0072,0.741,0.671,-0.4369356845371943
261.0072,4.508,0.703,0.3926184307777421
261.0072,4.791,0.51,-0.6827672134869739
261.0073,3.254,0.868,0.1701034356781692
261.0075,3.387,0.559,-0.6043175854511948
261.0198,3.384,0.819,-0.234959814499039
261.0216,3.272,0.614,0.520821343077592
261.037,0.533,0.481,-0.7325442676726369
261.0726,5.684,0.984,0.02033581483309766
261.0875,3.343,0.325,-1.03577568634826
262.1042,7.536,0.304,-1.0844710872573982
262.9863,5.091,0.794,-0.2688264080019354
262.9864,7.93,0.214,-1.3272940997451732
263.005,0.777,0.416,0.8493410797065832
263.0063,1.022,0.414,-0.8519463140401993
263.0088,4.073,0.526,0.6564641171678413
263.0226,2.25,0.551,0.6172666477448154
263.0227,4.475,0.338,1.0053582459714272
263.0228,3.822,0.305,-1.0810208237361423
263.0228,4.652,0.978,0.028294447312805174
263.0229,3.849,0.27,-1.1679952755150176
263.0346,3.882,0.288,-1.1227697573918716
263.0577,4.057,0.43,0.8232417402052405
263.0885,1.035,0.42,-0.8418225462296135
263.0951,3.642,0.249,-1.2250728796539103
263.1036,1.088,0.637,-0.4872827455860535
263.1043,0.539,0.585,0.5645761604980579
263.1047,3.327,0.594,0.5502205983550181
263.1047,3.349,0.449,-0.7879763385085884
263.1129,0.556,0.675,0.4323534376453913
263.1397,0.54,0.786,0.2794222304201473
264.0545,5.686,0.476,0.7414018990273644
264.1166,3.307,0.665,0.4463783999994242
264.1167,3.376,0.405,0.8685275956658344
264.9274,10.093,0.128,1.6607114548565862
265.002,2.224,0.823,-0.22961654481560764
265.072,0.886,0.83,-0.22086357120372885
265.1037,1.014,0.123,-1.6825546543167538
265.109,3.361,0.592,0.5531957582505899
265.1184,0.981,0.145,-1.5796694156627122
265.1324,1.023,0.0712,-2.01807897912615
266.0852,0.845,0.997,0.0033732902812214235
267.0727,4.074,0.0843,1.916486120127915
267.1082,0.806,0.661,-0.4518488928733581
267.1097,6.145,0.75,0.32718591626435095
267.1234,0.816,0.318,-1.0520379912139899
267.1341,0.515,0.453,0.780117549113166
269.0662,4.768,0.654,0.4624575694665201
269.1027,0.548,0.828,0.22327987186794915
269.136,1.005,0.314,-1.0599047708673452
269.1391,0.838,0.554,-0.612220302952784
269.1504,0.514,0.0754,1.983704553781448
269.161,0.525,0.469,0.7520143239602126
270.0617,5.7,0.388,0.902786087838534
270.1343,0.521,0.305,1.0819788882560482
271.1548,0.788,0.865,-0.1737947584807641
272.9588,10.091,0.0792,1.954088313853842
272.992,1.032,0.512,-0.6800574357612199
273.0072,0.641,0.596,0.5472184339848223
273.0076,3.344,0.384,-0.9111737423317353
273.0173,3.345,0.566,-0.594003561263351
273.0419,5.136,0.46,0.7678547434977486
273.1339,0.813,0.547,-0.6231241107667044
273.1703,0.849,0.998,-0.002849783703689582
274.0023,5.058,0.948,-0.06745282614228035
274.0025,5.546,0.825,-0.227649945630633
274.0025,5.671,0.764,-0.3085642054149824
274.0389,3.005,0.563,0.597468874372272
274.0389,3.032,0.486,0.7238863530654047
274.9864,3.583,0.0679,-2.046758183806351
274.9977,8,0.532,0.6480600151534994
275.0227,1.969,0.0879,-1.8909714105827675
275.0227,3.422,0.2,-1.37087115616524
275.0228,3.571,0.855,0.1870963861340896
275.0538,5.698,0.858,0.183733533274187
275.0558,2.36,0.0344,-2.447262917899057
275.0709,4.9,0.116,-1.7216839876660313
275.0732,2.439,0.0368,-2.4086850492635152
275.0746,3.503,0.324,1.0374890244283574
275.1067,0.515,0.0185,2.810616505324284
276.0026,3.407,0.213,-1.3297665274949737
276.0545,3.638,0.816,0.23844213080371776
277.0018,2.969,0.469,0.7519021181401849
277.0019,5.486,0.419,-0.843277100591755
277.0733,3.48,0.808,-0.2499245512831886
277.0733,4.519,0.84,-0.20705044192733296
277.0844,0.837,0.218,-1.3136615128212719
277.1076,0.844,0.076,-1.9790296199343294
278.0704,4.755,0.943,0.0737672657333436
278.1422,0.538,0.00811,3.2926221006392162
279.0017,1.018,0.627,-0.5016903411134244
279.0173,4.922,0.34,-1.00174523060561
279.0176,0.702,0.942,-0.07401885280092506
279.0528,5.579,0.899,0.13042096628472666
279.0528,6.074,0.31,1.0683945891790754
279.0529,5.648,0.823,0.2293029964563034
279.068,2.262,0.177,-1.4535267240739795
279.0718,6.427,0.717,0.37321545926611427
279.0893,4.848,0.0171,2.8542157010002684
279.089,3.497,0.374,-0.9314606864637732
279.0975,4.922,0.691,0.4090602586439398
279.1234,0.839,0.00984,-3.178673609814758
279.1271,0.55,0.45,-0.7859599372569045
279.1346,0.94,0.166,-1.4951390417015997
280.0285,5.418,0.625,0.503768664561203
280.079,0.509,0.685,0.4171605752480708
281.0251,3.123,0.0576,-2.1444623704182937
281.1025,0.843,0.861,0.1801276529856905
281.1132,0.515,0.214,1.3256422646818051
282.0471,0.951,0.0189,-2.798033295465944
282.047,0.513,0.669,-0.4408110705060041
283.0279,2.454,0.0132,-3.005018868548473
283.0297,5.702,0.959,0.05217997146485899
283.0424,5.698,0.882,0.15213988922088637
283.0821,4.197,0.767,0.30402850255811065
283.1184,0.938,0.82,-0.23402997977479417
283.1548,0.836,0.0391,-2.372287830320203
283.1649,0.513,0.107,1.7728070565681462
284.0773,5.465,0.219,1.3111216862652926
285.0433,2.145,0.253,1.2119049878050399
285.0436,0.548,0.159,-1.522093059967851
285.0453,5.683,0.573,0.5825708697419304
285.0591,5.672,0.641,0.48136625735875405
285.097,0.525,0.711,-0.3810946477133574
285.134,0.984,0.39,-0.8980249588715132
286.0026,3.257,0.123,-1.6822023037450513
287.0229,1.479,0.608,-0.5299687775056989
287.0229,1.497,0.62,-0.5109972455615637
287.0407,5.683,0.25,1.2207345883623852
287.0519,6.124,0.396,0.8863574691692643
287.0951,0.56,0.401,-0.8777147511043731
287.1496,0.972,0.742,-0.3378773188392241
287.1498,0.782,0.669,-0.440347782546504
288.0526,5.655,0.0579,2.1410367053546113
288.0874,0.844,0.404,-0.8721123966865484
288.0876,2.429,0.311,1.0669261263387382
288.1198,6.673,0.78,0.2868092163592607
288.1267,0.515,0.491,-0.7154468851570474
288.6192,4.946,0.528,0.6538028849803257
289.0021,2.845,0.0389,-2.375523608034402
289.002,3.528,0.597,0.546750699210083
289.0147,2.488,0.69,0.41094788388932374
289.0184,3.811,0.44,-0.8048474897804522
289.0318,2.546,0.0378,-2.3923364341670794
289.0381,3.994,0.802,-0.25817732488731865
289.0383,0.566,0.245,-1.2348574511920092
289.0524,2.13,0.236,1.2620285558066888
289.0578,2.417,0.906,0.12057480592691405
289.0693,5.7,0.109,-1.7607727367950181
289.0903,3.51,0.558,-0.6059365182980722
289.1652,1.004,0.924,0.09825918498602144
291.0177,2.075,0.341,-0.9994830421225603
291.0358,0.557,0.986,-0.017509168067379677
291.089,3.499,0.685,-0.41804244191047224
291.089,3.631,0.948,0.06677968268696752
293.0154,3,0.755,-0.32040541267247
293.0332,3.975,0.111,-1.7474884015807453
293.0335,4.024,0.257,-1.2013650952370765
293.0488,5.594,0.578,0.5742998719743975
293.0489,5.557,0.497,0.7046525870494639
293.0525,6.038,0.89,-0.1414220207201567
293.0802,0.982,0.101,-1.8051055748597802
293.0831,2.201,0.856,0.18588575329504828
293.0833,2.178,0.873,0.16367315485039508
293.0874,5.69,0.617,0.5168378133021136
293.1046,3.527,0.634,-0.49068397476653813
294.1347,0.513,0.211,1.3376448197873827
295.0276,3.194,0.385,-0.9091115951747519
295.0465,5.68,0.998,0.002576460702357193
295.0609,2.406,0.254,-1.2103353181117866
295.0609,2.42,0.244,-1.2380071466577052
295.0612,3.17,0.869,0.16933386207759674
295.0816,4.004,0.108,1.7625484048815394
295.1203,3.636,0.723,-0.3645872961930849
295.1293,0.513,0.527,-0.6559502313587086
295.1547,0.818,0.0991,-1.8178319975580233
297.0971,0.537,3.07e-4,5.387443355087234
297.0995,3.753,3.5e-7,11.771907228457705
297.1338,0.84,0.0552,-2.1699916239702475
297.134,0.497,0.0511,2.2153993770698444
298.0024,5.466,0.299,-1.0950461430776535
298.0421,4.091,0.501,-0.6987340708057294
298.0748,0.514,0.528,0.6534033708368344
299.069,6.097,0.0507,2.2202460476446655
299.0764,4.607,0.404,-0.8719781595267672
299.0769,4.876,0.689,0.41161852944401894
299.0984,5.442,0.157,-1.5294031829483379
299.1246,5.173,0.239,1.2526754885058846
300.0195,3.182,0.149,-1.5615125821292448
300.0392,6.324,0.594,-0.5498524363412497
300.0393,5.464,0.00958,3.1944940032867333
300.112,1.001,0.51,-0.6830201973324
300.1267,0.968,0.319,-1.0485996346150293
300.127,0.553,0.875,0.1618813627110044
301.0518,2.391,0.177,-1.4520880980758264
301.1111,0.545,0.534,-0.6446829646066374
301.1652,0.95,0.495,-0.7084919367939568
301.2015,0.509,0.851,0.19227921252359548
301.9973,2.602,0.204,-1.3587102708411627
302.1058,0.512,0.813,0.24227332567497062
302.1142,4.079,0.699,0.39824989450677667
302.1426,0.553,0.67,0.4386952078207894
303.0177,4.041,0.0459,-2.2789113245084707
303.066,2.439,0.0102,-3.1572823761403015
303.0719,4.804,0.288,-1.1228418312545898
303.0869,2.422,0.135,-1.626548578205898
303.9888,4.817,0.038,2.389940175470194
304.1218,0.512,0.12,1.6989108440131762
304.158,0.542,0.13,1.6505567494678544
305.0333,4.102,0.662,-0.4500963165006918
305.0336,1.426,0.587,-0.5613945053097125
305.0691,3.3,0.355,0.9704582299178213
305.1047,3.486,0.411,-0.8572211587309179
305.1049,2.377,0.0241,-2.655679887040995
305.1599,0.516,0.899,0.1302412264841944
306.9948,1.951,0.124,-1.6777354993623306
306.995,3.347,0.892,-0.13885477029135998
307.0113,7.777,0.935,-0.08301140435741025
307.0117,2.104,0.457,-0.7743594199421935
307.0125,6.081,0.34,-1.0027053952952034
307.0133,5.51,0.566,-0.5928139614795268
307.0282,0.753,0.378,0.9229598385725499
307.0288,0.574,0.368,0.9421768645251039
307.0839,3.473,0.76,-0.31347254397466556
307.0839,5.094,0.878,-0.15776380882468558
307.084,4.173,0.559,0.6052446438464109
307.084,4.338,0.744,0.33595525464226145
307.084,5.158,0.796,-0.26548133291397896
307.1182,0.842,0.982,-0.022780897439847316
307.133,0.578,0.814,0.24127708914714255
307.1508,8.821,0.573,-0.5822071115857352
308.0775,5.457,0.687,0.4145500001898277
308.0984,5.187,0.879,0.15680810275384757
308.0984,6.982,0.952,-0.061448309988088125
309.0078,2.406,0.377,0.9254828605371864
309.0229,5.542,0.857,0.18500409127756684
309.042,0.548,0.348,-0.9845185322652223
309.0633,5.678,0.386,-0.9055039311346984
309.0633,6.215,0.374,0.93073321343534
309.0783,2.234,0.0439,-2.3046953130674654
309.0785,2.268,0.0288,-2.5513544881957824
309.0994,3.647,0.701,0.39464336545444145
309.9692,3.839,0.929,-0.0915844542852228
310.1153,3.36,0.683,0.4202164999416863
311.0568,3.442,0.887,0.14616547735264251
311.056,2.651,0.136,-1.6233782187593377
311.0736,4.073,0.415,-0.8505956375299588
311.0767,4.586,1.08e-4,6.149960780823794
311.0771,4.042,0.474,-0.7444129477313264
311.0929,2.301,0.176,-1.456515437820049
311.0952,0.55,0.0462,-2.274475363232148
311.1152,4.85,0.65,-0.4672549503347522
311.1504,0.977,0.13,-1.6511221938632987
312.0317,3.986,0.339,-1.0034792721271824
312.1266,0.909,0.776,0.2928057857957802
313.023,5.662,0.236,-1.2608084247951568
313.0919,5.697,5.77e-6,8.67244497093109
313.0927,4.354,0.016,2.8926609403763983
313.1652,0.951,0.258,-1.19870093377631
313.238,0.496,0.99,-0.012529905136745309
314.1055,0.512,0.306,-1.079848875953874
314.1424,0.513,0.634,0.4912154707051606
315.0699,3.297,0.632,-0.4934677310349315
315.0716,4.799,0.586,0.5629630197659988
315.0719,5.501,0.143,-1.588665458809586
315.0831,3.586,0.341,0.9999280368323538
315.1808,0.91,0.502,-0.69572308132894
316.1207,2.075,0.186,-1.4212776150252378
316.1208,2.204,0.333,-1.0162865562852488
316.1217,0.51,0.749,-0.32903703131733986
317.0326,2.294,0.581,-0.5699621216271614
317.032,2.39,0.404,-0.8706693604698034
317.0446,2.457,0.0677,-2.048084587061254
317.0667,2.147,0.132,-1.6386903867573948
317.0686,5.121,0.549,0.6205701767203768
317.0854,3.496,0.116,1.7227053303831303
317.11,8.01,0.823,0.23014774392320095
317.1237,0.522,0.496,0.7068085002131206
317.1597,0.517,0.364,0.9503808005662191
317.1602,3.057,0.524,0.6610587766975815
318.0761,2.4,0.3,-1.0919319929856848
319.03,3.986,0.258,-1.199634266894703
319.0668,4.881,0.797,-0.2638478920766543
319.0671,5.695,0.763,-0.3099922800243798
319.0839,3.477,0.772,-0.2981677465885466
319.1392,0.518,0.428,0.8262487969133364
320.1516,0.52,0.354,0.9728901769665361
321.01,2.453,0.249,-1.223665324069791
321.0631,3.67,0.409,-0.8612217812999386
321.0787,2.11,0.676,-0.43054316137094156
321.0824,6.52,0.613,-0.5214619423417076
321.0996,3.48,0.839,-0.20890198255084003
321.0996,4.109,0.87,-0.16743045763773742
321.1908,0.499,0.602,0.5382127016034348
322.1117,3.713,0.926,-0.09585543764093508
323.0227,0.552,0.674,0.4336742518425296
323.0557,2.493,0.145,-1.582504525362169
323.0573,0.537,0.507,-0.6885867960525153
323.0577,4.005,0.141,-1.5993568014621067
323.0593,6.042,0.507,0.6882002373400475
323.0789,5.679,0.859,-0.18207204449622216
323.0937,2.289,0.127,-1.665610889669317
323.094,2.167,0.644,-0.4763725572585756
323.1456,9.146,0.259,1.1971783255955968
324.067,0.537,0.621,0.5095815656766716
324.0722,6.11,0.952,-0.0615043341934242
324.0723,6.186,0.714,-0.3771004341587776
324.0725,5.673,0.803,0.2563458582506449
325.0364,3.989,0.277,-1.1507777384287228
325.0388,3.005,0.552,-0.6162312150982158
325.0719,2.459,0.156,-1.5337585439290584
325.0923,3.905,0.909,0.1176863695362957
325.0944,5.667,0.774,0.29512408329576273
325.1094,2.39,0.0604,-2.116489404279746
325.1287,0.52,0.982,-0.023638425015026956
325.1689,1.04,0.559,-0.603695648272083
326.0827,0.551,0.886,-0.1464798659993995
326.0864,6.015,0.604,-0.5358797225494001
326.088,5.533,0.587,-0.5613163890593368
326.0987,3.437,0.107,1.769852653423143
326.099,3.389,0.131,1.645141333115474
326.1102,4.91,0.756,0.31978277320422543
327.0325,4.016,0.178,-1.4493158171903548
327.0724,2.431,0.105,-1.7819759712435403
327.089,3.578,0.641,0.4801116928778622
327.089,3.629,0.917,0.10740283498711621
327.1074,0.558,0.285,-1.130784627144958
327.144,0.519,0.047,-2.2645806793142307
328.0917,5.509,0.613,-0.5216095987200455
329.0695,3.881,0.435,-0.8130845156917283
329.0847,1.822,0.879,-0.15671785700708574
329.0873,5.474,0.118,1.7092330043219808
329.1058,0.558,0.0885,-1.8872756900056822
329.1364,0.84,0.0227,-2.68940232692907
329.16,0.517,0.328,-1.028261835471048
330.1373,0.513,0.652,-0.4644999668696599
331.0999,3.452,0.849,-0.19532662126848369
331.1214,0.588,0.0532,-2.191160524812157
331.12,2.389,0.204,-1.3588167509031122
331.161,1.03,0.716,-0.3745210930363835
331.176,0.516,0.502,0.6959541319599368
332.152,0.513,0.476,0.7403268097618558
333.0072,3.165,2.22e-7,12.357498848167287
333.0076,2.172,7.19e-7,10.897000717156114
333.0077,2.22,2.08e-6,9.70944928655915
333.0245,8.134,0.56,0.6023135497508142
333.0995,3.49,0.712,0.3805272223429672
333.2065,0.498,0.519,-0.6676299001250556
334.1252,7.52,0.275,1.154813573331095
335.0228,2.013,6.78e-7,10.966082133157908
335.0421,6.09,0.807,-0.2502978608973488
335.0788,4.048,0.708,-0.38540688172638204
335.095,0.782,0.13,-1.6520658607330299
335.1151,3.621,0.861,-0.17912021779207127
335.115,3.507,0.709,-0.38419112418464785
335.1864,0.5,0.0873,1.8954185629066993
336.0351,2.633,0.15,1.5589954709101166
336.0667,0.577,0.967,0.04208710651707484
336.0668,3.29,0.81,-0.24668980620160375
336.0721,4.991,0.598,-0.5441296412696794
336.0894,1.988,0.464,-0.76061437251781
337.0375,2.682,0.92,0.10281082240604857
337.0384,3.521,2.39e-4,5.56487533685846
337.0387,0.585,0.0113,3.0978078405251845
337.0561,4.657,0.59,-0.5569228527959491
337.0938,3.48,0.413,-0.8550045698484184
337.1097,0.926,0.0978,-1.8263191153165965
337.1491,0.533,0.886,0.14659675147482257
337.1498,3.7,0.654,0.46247512011131736
338.0519,5.673,0.858,-0.1832729913394388
338.0857,5.513,0.699,0.3975151761442781
338.0875,5.702,0.687,-0.4143253427859107
338.0878,4.821,0.78,0.2871261070719054
338.088,4.942,0.452,-0.7831385553138791
338.1174,5.405,0.344,0.9941505773285494
338.1175,7.123,0.334,-1.0160597951510648
339.065,3.661,0.0753,1.9847129635952208
339.0737,6.209,0.0825,1.92959337226125
339.0739,6.241,0.653,-0.4629172579278951
339.0892,3.494,0.711,-0.3816628885304172
339.089,3.56,0.534,-0.6440007259749604
339.1076,3.545,0.327,-1.0312352415406083
339.1079,0.546,0.213,-1.3286123950055395
339.1194,3.617,0.376,-0.9257332165539512
339.1808,0.89,0.386,-0.9067456360661983
339.1848,1.034,0.00171,-4.242686456006671
340.1028,0.559,0.753,-0.32312724185001795
340.1245,4.553,0.701,-0.3955535252905101
340.1245,4.57,0.701,-0.3955535252905101
340.1245,5.186,0.812,0.24469565922439035
340.1259,4.777,0.751,-0.32602502193686544
340.1549,3.953,0.917,0.10719595136111193
341.0323,2.697,0.428,-0.8262346110779595
341.0679,2.499,0.455,-0.7774886095023718
341.0875,4.696,1.14e-5,8.032532678453391
341.1043,3.624,0.0188,2.8006053943607574
341.1086,6.451,0.922,-0.10021807339062033
341.1236,0.523,0.582,-0.5686825103559133
341.1236,3.922,0.736,-0.3464394389825479
341.1238,3.166,0.14,-1.6018657112181958
341.1536,6.145,0.959,-0.0524444157647155
341.1963,0.855,0.379,-0.9213266543335625
342.1008,0.561,0.59,-0.5569331069758021
342.1012,3.76,0.814,0.24098923896845587
342.1401,4.801,0.255,1.2069035350616302
342.1553,4.352,0.425,0.8317987507280352
342.1555,3.661,0.524,0.6603558485008457
342.1556,0.557,0.99,0.013055844652276471
343.0389,3.833,0.37,0.9386851967356254
343.0528,8.034,0.442,0.7998941331353635
343.0667,4.941,0.351,0.9772465696608988
343.0672,6.081,0.157,1.5286634034826942
343.0855,2.702,0.667,0.4431943816609088
343.0889,3.595,0.436,0.8115227872217695
343.1392,3.936,0.0606,-2.114309666461027
343.1393,0.52,0.156,-1.5345969925753837
343.1394,3.094,0.127,-1.662922863654346
344.1164,0.533,0.55,-0.6181346374568613
345.028,2.521,0.403,0.8724651099183648
345.0646,0.556,0.192,1.398380805741136
345.0795,2.084,0.77,-0.2998137369455069
345.0837,3.659,0.932,-0.08719079739257396
345.0987,2.126,0.465,-0.759242227674505
345.1184,3.328,0.582,0.5689315685998095
345.1404,1.027,0.0149,-2.936343373041563
345.1552,0.548,0.0652,-2.0706847315973507
345.1552,3.921,0.0647,-2.0751945268955176
345.155,0.983,0.00675,-3.4016725449812784
345.1675,3.926,0.109,-1.758086114238298
346.0776,4.14,0.845,-0.20119258117397143
346.1321,3.621,0.758,0.317309616411514
346.1323,0.513,0.141,1.5986439046574332
346.9896,1.85,0.489,0.7189432974974713
347.0644,3.426,0.95,0.06472624213452564
347.0747,6.014,0.206,1.353641234138049
347.0769,3.657,0.951,-0.06250034208412467
347.076,2.334,0.0606,-2.1142526838873423
347.0888,4.926,0.208,-1.346043912246397
347.0935,2.377,0.0225,-2.695364762069634
347.1054,3.328,0.883,0.1509492211692543
347.1054,3.351,0.837,0.21097010357899068
347.1705,3.994,0.768,-0.3036655451105642
347.1706,4.809,0.721,0.36690869898525347
348.0905,0.595,0.435,-0.8130013192984319
348.1105,4.903,0.829,0.22162754511474778
348.1473,0.523,0.13,1.6486823781807898
348.5347,2.62,0.986,0.018314439575250797
349.002,2.669,1.14e-7,13.252447644092713
349.0213,7.922,0.997,-0.004104794983469538
349.039,3.936,0.0796,-1.9513705527824337
349.0593,2.431,0.137,-1.6185680830502573
349.0943,3.648,0.578,-0.575091835079169
349.1248,5.186,0.731,0.3540664302563125
349.1248,5.438,0.216,1.3221074377601723
349.2019,0.51,0.582,-0.5681690105525244
350.0879,4.725,0.116,1.719766243225413
350.1261,4.787,0.011,3.115650327873139
350.1635,0.57,0.0725,2.007137047977401
351.0376,7.763,0.933,-0.08666108524264624
351.0566,8.859,0.722,0.36533054457364544
351.0893,2.059,0.501,-0.697894624869534
351.1053,2.385,0.109,-1.7589231001369052
351.1173,3.296,0.252,1.2153234386254166
351.1268,3.641,0.95,0.06399201579764592
351.1655,0.545,0.563,0.5982179633926153
352.0712,1.03,0.166,-1.4945750457358016
352.0857,1.363,0.831,-0.21914706413522858
352.0858,0.661,0.939,-0.0786655868375634
353.0331,2.172,4.94e-7,11.345199024858372
353.0334,2.232,1.08e-6,10.43201338412235
353.0557,1.293,0.792,0.2714161854965261
353.0847,3.54,0.541,0.6326124006887863
353.0888,1.003,0.121,-1.6922870201554459
353.0894,5.683,0.311,-1.0671904084666084
353.0894,6.244,0.718,-0.371308982720403
353.1042,2.363,0.107,-1.7736024058113626
353.1198,4.773,0.819,-0.23511549874410845
353.1236,1.057,0.0298,-2.530716968168929
354.101,0.567,0.799,-0.2614411494141951
355.0323,2.199,3.24e-6,9.247915678540512
355.0469,0.537,0.928,-0.09245644274309822
355.084,3.477,0.796,-0.26560697904554986
355.1046,5.684,0.413,-0.8541448404858797
355.1198,2.415,0.0942,-1.8489392674688183
355.1392,0.537,0.96,-0.051148171612669706
355.139,2.92,0.616,-0.5181209369573198
356.0984,4.734,0.207,-1.3493411537839055
356.0985,4.988,0.628,-0.4998873313697165
356.0986,5.69,0.546,-0.6241864788165
356.1167,0.565,0.969,0.03948606905058392
356.1531,0.526,0.514,-0.6770946000654761
357.0817,5.431,0.478,0.7378857824922365
357.0822,3.942,0.467,0.7554997008273249
357.0822,4.307,0.722,0.36646525866237006
357.1011,2.685,0.291,1.1143991128579394
357.1019,0.569,0.302,1.0874728991408997
357.1184,4.427,0.0357,-2.426247913677979
357.1912,0.943,0.305,-1.0812825988479842
358.132,3.491,5.51e-6,8.717595273903225
359.0346,2.582,0.777,-0.2911144066312492
359.0581,3.057,0.33,-1.023792039695812
359.0801,0.561,0.953,0.060437877508499015
359.0981,5.122,0.856,-0.18643234758928715
359.0981,5.715,0.284,-1.1331273899931515
359.1156,0.557,0.166,-1.4948325940309408
359.134,0.536,0.463,-0.7637000127655693
359.1707,0.969,0.315,-1.0569952236304676
360.1841,0.558,0.554,0.6130406178845786
361.0709,0.548,0.87,0.16765815796651592
361.0718,3.973,0.952,-0.06226920537172319
361.0904,5.706,0.755,0.3204169364256555
361.1028,5.97,0.293,1.1104858626536045
361.1209,3.29,0.921,0.10176962420375582
361.12,2.246,0.609,-0.5278447988848123
361.1498,0.533,0.309,1.0724851014433376
361.1498,5.087,0.0668,-2.056513613367972
361.1499,3.707,0.868,-0.17009501013962755
361.1499,4.125,0.433,0.8165227659325386
362.028,5.344,0.463,0.7623655951193957
363.0179,2.025,1.63e-5,7.704842737823535
363.0285,3.294,0.817,0.23748536415697838
363.0285,3.439,0.0759,1.9801369927939179
363.0705,4.001,0.663,-0.4494034323584822
363.0706,2.372,0.155,-1.5391479586732488
363.0752,3.254,0.72,0.3685259361106964
363.0857,2.443,0.068,-2.0458263301090764
363.1077,2.178,0.736,-0.34723239242080356
363.1655,0.542,0.632,0.49431443575609374
363.1655,4.146,0.6,-0.5411741994886602
363.1799,0.52,0.674,0.43399738946911287
364.0847,1.046,0.0176,-2.838309890502287
364.0853,0.563,0.496,-0.7065455485848721
364.0955,3.54,0.981,0.024394990449959457
364.0972,0.554,0.118,-1.7113950254365158
365.0183,8.227,0.965,-0.04471302964225779
365.0531,6.568,0.973,0.034271297514109456
365.1096,4.1,0.956,0.05652434624796742
365.1351,6.514,0.452,0.7830054333991521
365.1425,0.559,0.839,-0.2089671879756155
365.1964,0.512,0.424,0.8329666307683746
366.0821,3.731,0.536,-0.6404744563918547
366.1011,0.567,0.894,-0.13649881258668328
367.0118,2.491,0.576,-0.5784414376666427
367.0119,2.609,0.949,0.06538050980342584
367.0828,2.357,0.128,-1.6577551064081306
367.1049,5.136,0.636,-0.4877050013967701
367.1051,4.107,0.526,0.6571027883821021
367.1133,5.469,0.814,0.24152070631562467
367.1156,5.688,0.192,1.3993415084695782
367.1391,0.519,0.406,0.8681286275433993
367.1579,1.338,0.559,0.6044028122869679
367.1582,0.557,0.616,0.5182593019395676
367.212,0.875,0.313,-1.0631222473601476
368.0543,2.66,0.513,0.677990097278413
368.0807,3.064,0.911,-0.11466378738891038
368.0985,4.469,0.444,0.7966396258348691
368.1164,0.563,0.693,-0.40639799450399033
369.0281,4.932,0.79,-0.2738496325440942
369.0507,1.9,0.617,0.5166895906520694
369.0843,6.594,0.626,-0.5024075810352536
369.0995,3.487,0.808,0.24967306724986169
369.1208,5.681,0.895,0.13508557723153633
369.1312,0.552,0.868,0.1707969603490365
369.1547,0.523,0.538,0.6371809878923131
369.1736,1.402,0.832,0.21745205986406016
369.1739,0.556,0.816,0.23832327458301206
370.0777,4.777,0.148,-1.5667735610094096
370.0777,7.194,0.756,-0.31971055932312376
370.0962,2.969,0.484,-0.7276522767228787
370.1324,0.553,0.973,0.034585783174443135
370.1613,5.455,0.974,0.03318862056892781
371.0942,2.275,0.638,-0.4851901992319843
371.0979,5.681,0.0586,-2.1340479072436347
371.1155,4.831,0.256,-1.2040024127967308
371.137,5.203,0.586,-0.562315220211725
371.1712,0.531,0.924,-0.09831433490983185
372.0936,4.817,0.234,-1.2652687286997693
372.1476,0.515,0.912,0.11322266558450433
372.1824,0.563,0.893,-0.13809367719124888
372.9904,4.024,0.339,-1.0038961240571609
373.0618,1.02,0.429,-0.823765951187928
373.0775,7.367,0.34,-1.002737690056294
373.1121,3.415,0.599,-0.5422845298644676
373.1136,4.555,0.441,-0.8027061948912408
373.1499,0.521,0.759,0.3149029002366454
373.1519,4.556,0.646,-0.47383634324055524
373.1862,0.927,0.667,-0.44324617303381236
374.1159,2.313,0.464,-0.7622381310780246
375.0208,1.56,0.561,0.6013771654646524
375.091,3.638,0.322,-1.0422189426354003
375.0929,6.899,0.34,-1.0024434733435055
375.1189,4.534,0.61,-0.5271694028236209
375.1293,5.379,0.129,-1.654793442636605
376.2119,0.518,0.339,1.0051129325682688
377.0534,3.749,1.93e-5,7.558170182759633
377.0853,6.452,0.968,-0.041524984952861006
377.0894,5.128,0.342,-0.9970265656174209
377.114,3.199,0.269,1.171493952839518
377.1447,5.659,0.0806,-1.9435291851030827
377.1809,0.526,0.336,1.0096386022622552
377.196,0.515,0.699,0.3982525140548612
378.1013,0.561,0.701,-0.39516885473325725
379.0335,7.386,0.552,0.615772568127481
379.0685,6.344,0.768,0.30372440521390687
379.0686,4.02,0.873,0.16459891006043276
379.1048,4.043,0.833,0.21703187981919186
379.1403,0.524,0.353,-0.9740166011306007
379.1601,0.575,0.807,0.25093981197206877
379.1604,4.758,0.997,0.0035448066167956763
379.1606,5.126,0.937,0.08058182986857051
379.1966,0.529,0.668,0.44204950680287763
380.1156,0.558,0.826,-0.22602086545904007
381.0129,8.686,0.688,0.41298421433862353
381.0996,3.658,1.46e-4,5.92488902261187
381.1368,3.661,0.438,0.8079315108568815
381.1378,0.984,0.0651,-2.0716813254750495
381.137,0.563,0.378,-0.9229127639160877
381.1544,0.536,0.576,-0.5779559495180708
381.1547,2.676,0.588,-0.5593993621956549
382.1367,0.564,0.532,-0.6475757574286827
383.0437,4.326,0.755,-0.3210305495294944
383.0963,0.55,0.941,-0.07644772454368297
383.0977,4.787,0.976,0.030916115213760777
383.1166,1.001,0.145,-1.5806689837482857
383.1188,6.011,0.0682,-2.0443143152601486
383.1527,0.571,0.965,-0.044765111074854355
383.153,2.502,0.706,-0.3885065701078342
383.1703,0.521,0.782,0.28431431770382026
384.0756,3.321,0.908,0.1190381858369788
384.9454,1.825,0.597,0.5467949992162512
384.9455,1.844,0.793,0.26902250814622125
385.0454,3.618,0.741,0.3400074798051102
385.0755,3.251,0.255,1.2088858431855696
385.1682,2.449,0.285,-1.129841678443355
385.1683,3.375,0.991,0.012128939190375736
385.168,0.573,0.806,0.25227220631482256
385.1859,0.519,0.991,-0.011983846736697177
387.0248,3.58,0.0736,1.9980027265136109
387.0737,5.124,0.537,-0.639214294492154
387.1653,0.52,0.795,0.2668338806958477
387.1654,3.687,0.217,1.317370008806178
387.1655,3.016,0.994,-0.007331693226713073
387.1794,0.529,0.444,0.7968605744203833
387.2017,0.89,0.208,-1.3470386687508786
387.2018,0.521,0.906,0.1206612469326691
388.0434,4.724,0.0926,1.8593753795503447
388.0864,2.467,0.918,-0.10583350879288993
389.0876,3.478,0.222,1.3008757995509306
389.0906,0.595,0.0964,1.8347998980220028
389.0908,2.885,0.679,0.4256195296011952
389.0984,3.675,0.763,-0.3102711437174518
389.111,3.877,0.424,-0.8333207487742627
389.1472,0.558,0.774,0.294834824691824
389.1811,0.522,0.646,0.47413294815322127
389.2172,3.549,0.0416,-2.3359550384783097
390.2148,3.506,0.839,-0.2081431211996381
391.1038,4.212,0.504,-0.6926011172064321
391.1312,3.391,0.591,0.5544207224516192
391.1314,3.291,0.694,0.4056128349160393
391.1405,0.537,0.863,-0.17748883819722291
391.176,0.535,0.447,0.7916564790486393
391.1964,0.519,0.523,-0.6618971960951818
392.1165,0.562,0.809,0.24788028266543385
392.1204,3.651,0.788,0.27574559547146965
393.0106,4.036,0.334,-1.0143683805295072
393.0116,3.844,0.94,-0.07720015270336222
393.1028,4.961,0.129,-1.6534905622037976
393.9848,4.068,0.34,-1.0012422796671467
394.046,3.795,0.897,0.13230754908585504
394.1352,5.7,0.313,1.0633696228548242
395.0427,2.519,0.545,0.6267550819817168
395.0635,7.741,0.95,-0.06480560341142633
395.0636,6.682,0.901,0.12725804562583892
395.0644,1.738,0.15,-1.5575290602456384
395.0644,1.898,0.374,-0.9306111698468282
395.1141,1.956,0.917,-0.10641568034159253
395.115,3.303,0.427,-0.8283386289153745
395.207,0.516,0.425,-0.8324247623124637
396.1237,4.366,0.545,-0.6260712244178551
396.1292,0.558,0.628,0.5001691634702469
396.1296,3.893,0.252,1.2159457706033203
397.0538,5.353,6.47e-5,6.5507040247743005
397.0731,0.584,0.856,0.1860954502895129
397.095,1.037,0.0265,2.5999106374112775
397.1261,4.74,0.0805,-1.9440250757451498
397.1353,1.015,0.131,-1.6430849293635534
397.1493,3.687,0.713,-0.3780969590964685
397.15,0.541,0.662,-0.45087028283433017
397.186,0.518,0.279,-1.143802276769139
398.9611,1.68,0.778,0.2893104927604135
399.0247,3.89,0.945,-0.07016139114728946
399.0615,2.081,0.784,0.28131867988783443
399.095,6.659,0.795,0.26689968580512896
399.095,6.765,0.874,0.16284391240043652
399.1089,4.124,0.191,1.4037777532363875
399.1654,0.559,0.142,-1.5920621315303156
399.1654,4.031,0.521,-0.6657110093688098
399.1655,3.938,0.0611,-2.1097438033427514
400.1427,0.588,0.288,1.122641079926281
400.1428,3.49,0.138,1.610496544367023
401.0404,3.556,0.343,0.9943745292128715
401.0691,5.126,0.732,0.3528488738029372
401.0891,4.883,0.246,-1.2315389699991297
401.1035,2.348,0.164,-1.5002268395427893
401.1091,3.78,0.707,0.3873038344647321
401.1267,0.551,0.541,0.6332852350413106
401.1446,4.261,0.539,-0.636513800568951
401.1809,0.543,0.623,-0.5074819764870152
401.194,3.928,0.13,-1.6517566489083817
403.0553,2.354,0.674,0.433658431606592
403.0557,2.292,0.988,-0.015960753027422957
403.065,4.531,0.379,-0.9203113579821813
403.0875,7.396,0.607,-0.5316925815770419
403.1027,3.097,0.161,1.5128008191092863
403.1968,4.623,0.376,-0.9264231541566826
404.1085,0.533,0.397,0.8846405493891483
405.1033,6.178,0.204,-1.3590090809799216
405.106,1.028,0.299,-1.0964004233405704
405.1177,2.095,0.67,-0.43961097592885023
405.1196,0.54,0.472,0.7468655500896787
405.1259,0.956,0.629,-0.49774961231437187
405.1471,3.381,0.501,-0.6988482221724542
405.1761,0.547,0.805,0.25370033493917565
405.1761,4.642,0.88,-0.15552112562736192
405.2124,4.811,0.355,-0.9698264619075073
406.1143,3.661,0.817,0.23729820206563007
407.0272,8.433,0.922,-0.10064463000193047
407.0996,4.018,0.633,-0.4932258661293935
407.1007,3.863,0.227,-1.2872028408955105
407.1705,0.517,0.934,0.0844654613428142
407.2794,0.974,0.482,-0.7295466833469537
408.1502,3.977,0.00804,-3.2984073774448506
409.1865,0.518,0.229,-1.2811806448312646
409.2232,0.514,0.716,0.3739362309248197
410.0405,3.753,0.971,0.036698989126058415
410.1275,2.212,0.419,-0.842054707655086
411.1101,4.192,0.598,0.5445242482424002
411.1137,1,0.539,-0.6362867398020468
411.1269,4.179,0.679,-0.42620391236596344
411.1293,0.569,0.148,-1.5692544794498113
411.1686,4.114,0.0695,-2.03300309560725
411.1835,0.562,0.714,0.3776549730754311
411.2018,0.521,0.39,-0.8992560054176818
411.2019,3.666,0.425,-0.8307858103505767
412.1428,0.561,0.166,-1.4941783851465231
412.9767,1.561,0.662,0.4509602551141302
413.1447,4.649,0.334,-1.0155115897531646
413.163,0.565,0.545,-0.6269543519282693
413.181,0.52,0.635,0.4900347041847169
413.2172,0.519,0.0584,-2.136119695365928
415.0559,3.701,0.36,0.9584110895118166
415.0559,3.74,0.323,1.0385050289030664
415.1051,3.468,0.883,-0.1504941842859904
415.1602,4.918,0.0357,-2.425275071068776
416.1462,3.62,0.864,0.17514180243823363
416.9353,1.747,0.169,-1.482325393238655
417.0557,5.758,0.928,-0.09270898852365435
417.0998,3.083,0.322,-1.042468883600269
417.1191,3.981,0.143,1.589846350708325
417.2121,0.519,0.932,0.08693744042868805
417.2123,3.159,0.902,-0.12672291162487107
417.2123,3.2,0.927,-0.09435479319746212
418.063,1.867,0.0638,2.084069711702911
418.0986,3.628,0.921,0.1015423540364944
418.1022,3.043,0.093,-1.8571140519984703
418.1445,0.549,0.783,0.2825232253218555
418.1445,4.081,0.708,-0.3857661391286886
419.0982,3.161,0.586,0.5623359266390595
419.1429,3.43,0.152,1.55227187400956
419.2277,0.518,0.904,-0.12434171179303051
421.0453,1.036,0.802,0.2573132391233864
421.0596,0.559,0.827,0.22390645381305163
421.0798,3.886,0.915,-0.11002842926865392
421.1145,2.311,0.28,-1.142991731301626
421.142,3.433,0.767,0.303908654093511
422.0579,1.881,0.513,-0.6790611877966871
422.058,1.714,0.735,-0.34746729982427027
422.1276,2.248,0.274,-1.1577335229599321
423.0221,8.465,0.357,-0.9656814709377832
423.0586,7.921,0.00572,-3.500973354823422
423.1429,0.54,0.381,-0.9170097920719162
423.1472,0.555,0.591,-0.5555769159700856
423.2739,0.505,0.938,-0.08033310151183447
424.0372,1.749,0.207,-1.3478107532496852
424.0564,3.444,0.416,0.847844766023013
424.1437,0.564,0.492,-0.7134091497171192
425.0374,8.429,0.533,-0.6456009571043985
425.0401,3.52,0.416,0.8490783401162387
425.1117,3.872,0.161,-1.5134234066709207
425.1127,0.56,0.741,0.33989483553315203
425.1157,3.412,0.709,0.38359187298722197
425.1445,3.761,0.0959,1.8378107570613391
425.181,0.529,0.913,0.11169122307138969
425.2133,5.414,0.146,1.576099725948685
426.1589,0.567,0.487,-0.7221510225280817
427.0568,3.396,0.524,0.6602215464605633
427.0643,5.369,0.261,-1.190862957822588
427.0695,3.454,0.746,-0.3326405816038606
427.0857,5.802,0.229,-1.280542200003602
427.1393,2.402,0.00875,-3.248161000743553
427.178,0.573,0.68,0.42537726733844805
427.1828,1.023,0.0143,-2.9606429059667545
427.1967,0.523,0.9,-0.1293315271715511
427.1967,4.119,0.0262,-2.6054294985970228
427.2136,0.542,0.748,-0.3299004527957904
429.0379,2.569,0.0839,1.9191452965381726
429.072,0.525,0.995,-0.005792210086751847
429.0822,4.539,2.89e-8,15.297480654627423
429.1572,3.915,0.0612,-2.108558920379888
429.1759,0.524,0.636,0.48827882555822383
429.1931,2.274,0.908,0.11894627684351765
429.1931,2.307,0.948,-0.06744864485140299
429.2122,0.521,0.768,-0.3034900600684544
431.098,4.31,3.68e-8,14.919247079811026
431.1156,2.347,0.00347,-3.803352465188651
431.1161,1.301,0.34,-1.0016126243073573
431.1163,0.545,0.00853,-3.2628857202259414
431.1165,2.279,0.0356,-2.426912883351985
431.1183,0.764,0.573,-0.5832117865173417
431.2275,0.521,0.375,-0.9277775069374625
432.0841,5.875,0.607,-0.5316925815770419
432.1237,4.381,0.764,0.3086989107942839
432.1425,4.299,0.5,0.7004805031665043
432.1992,4.386,0.758,-0.31726568755856627
432.2026,5.454,0.165,-1.4977405860197766
433.1135,3.943,6.12e-8,14.148519077327899
433.1231,0.804,0.0255,2.623351612510679
433.142,3.319,0.641,0.480641790493942
433.142,3.384,0.413,0.8544162464177472
433.2073,3.667,0.974,-0.03295920985860196
433.2074,0.527,0.835,0.2143366311338386
434.1238,0.757,0.0318,2.4943212314414183
434.1811,6.248,0.607,-0.5316925815770419
435.1575,3.434,0.645,0.4744286817064367
435.2224,0.525,0.483,0.7285494750881043
435.2226,3.698,0.514,0.6773114826985608
436.1125,6.228,0.891,-0.14112799890317113
437.0408,1.033,0.655,-0.46049843999592804
437.0543,0.556,0.409,-0.8610937952015344
437.089,2.266,0.84,0.20725458382495054
437.0909,0.565,0.783,-0.2831682831411695
437.1808,0.518,0.295,1.1051401171119928
438.1585,0.558,0.379,-0.9213374697261963
439.1031,2.332,0.254,-1.2100583383597374
439.105,1.045,0.0241,-2.6559580245137604
439.1605,0.555,0.973,0.034615249057002424
439.1605,3.564,0.733,-0.350136639644142
439.1605,4.114,0.289,1.11868364491967
440.1718,0.558,0.288,-1.1212958876736616
440.9939,1.065,2.41e-6,9.554423228200324
441.1073,2.397,0.679,0.42580248117106884
441.121,0.557,0.776,0.29253350074269496
441.2119,0.517,0.662,0.4510896933734619
442.19,0.568,0.349,0.9823753069277117
443.059,5.513,0.34,-1.0029565665290694
443.0997,3.638,0.374,-0.9308762681565921
443.1009,0.567,0.00726,-3.3583907899079732
443.1553,0.527,0.219,1.310926768133886
443.2277,0.518,0.638,0.4848358650611485
444.06,1.886,0.597,-0.5456256332765111
444.9665,2.007,0.12,-1.69959616599788
445.077,4.149,2.97e-8,15.257804320685832
445.0919,7.933,0.44,-0.8044897463430475
445.1477,3.493,0.553,0.6142933149935095
445.1864,2.457,0.918,0.10541854506796798
445.1986,3.327,0.602,0.5389142966429529
445.2027,0.562,0.508,0.6857654000415153
445.2067,0.529,0.877,0.15915316372992697
445.207,3.608,0.695,0.4034398537955651
445.2433,0.517,0.79,0.2728919058296589
446.037,3.778,0.825,0.2269425574106525
446.1811,3.871,0.182,-1.433601875940943
446.2903,0.514,0.959,-0.052559790162391165
446.2906,0.979,0.53,-0.651233181735
447.0927,4.077,0.0294,2.5384483148763697
447.1091,2.406,0.02,-2.7628386381239833
447.1389,3.421,0.134,1.6305114888819683
447.1495,4.739,0.34,-1.0029800485709846
447.2226,0.525,0.711,0.3811401764212163
448.1967,5.689,0.101,-1.80487980215354
448.1974,3.226,0.885,-0.14835709267275557
448.198,0.564,0.0377,2.394504567635462
448.3055,0.515,0.705,-0.38980696782014607
449.0859,4.217,0.64,-0.4818441391199518
449.108,4.523,8.04e-5,6.379260666095521
449.2019,0.567,0.744,-0.3362981950831316
449.2533,0.518,0.887,-0.14530534349347343
450.0527,1.755,0.264,1.182913693604375
450.0891,1.602,0.888,-0.14393738430661765
450.1666,1.737,0.908,-0.11860920522745706
450.1763,0.523,0.888,-0.1439700318557023
450.1766,4.114,0.904,-0.12322366447297904
451.0698,0.558,0.896,0.13466362994977057
452.1919,4.102,0.937,0.08088405513909556
452.1921,0.558,0.76,-0.31452547277273296
453.0666,5.135,0.203,-1.3630429375449045
453.0692,3.704,0.373,-0.9321989108249774
453.1759,0.534,0.361,0.9576812581629036
454.0476,1.757,0.358,-0.9629973631802221
455.0859,4.925,0.339,-1.0032015437055635
455.2276,0.518,0.668,-0.44213397597895615
455.318,2.305,0.0797,-1.9504915894970143
456.0272,1.988,0.418,0.8453603430913652
456.1024,3.284,0.0301,-2.5263771932458576
457.0539,3.795,0.624,-0.5055397853843366
457.0666,3.573,0.619,0.5136263748901881
457.0745,4.345,0.34,-1.0022574004531135
457.0745,4.509,0.361,-0.9567302820485043
457.0951,5.947,0.541,-0.6331688347295761
457.206,0.526,0.875,-0.1610622346842095
457.2224,0.513,0.78,-0.28741987823095183
459.0923,4.329,9.54e-12,34.633312858658925
459.0952,3.721,0.932,0.08698484792841221
459.1086,2.334,0.49,-0.7171709509372031
459.1089,2.376,0.296,-1.102595323198021
459.1501,4.308,0.167,1.4893392847338944
459.1608,0.57,0.895,0.1354323165530217
459.1642,2.435,0.103,-1.7971956778582507
459.2227,0.523,0.883,0.15133867662435824
459.2375,0.514,0.15,-1.5588972706305644
460.1098,1.553,0.513,0.6787875252393639
461.1267,0.535,0.199,-1.3762396673309523
461.1289,0.544,0.594,-0.550007587992302
461.2383,0.521,0.977,-0.02909158034519582
462.1763,3.681,0.904,-0.12349398843115969
462.1765,0.536,0.941,-0.07652161061678453
462.2127,5.401,0.607,-0.5316925815770419
462.2847,0.517,0.629,0.4990979906730175
462.9672,3.843,0.89,0.1420666313760522
463.1064,3.478,0.971,-0.03763545675784582
463.2329,0.521,0.554,0.612465474534892
464.191,3.704,0.744,-0.335664934109148
464.3008,0.518,0.886,-0.1471124044191699
465.2489,0.518,0.877,-0.15933773652594435
465.3011,0.522,0.938,0.08010387566683083
466.2075,3.673,0.55,0.6190633274429909
467.1357,3.676,4.97e-4,5.052704087354888
467.1404,0.556,0.555,0.6108955217938923
468.0468,8.118,0.718,-0.3719818632210289
468.0783,1.65,0.687,-0.4147606931955232
468.1999,0.539,0.717,0.3723358227853647
468.2018,4.046,0.983,-0.021378973811934536
469.1127,2.353,0.276,-1.1533231190957158
469.1128,2.301,0.648,-0.47129840179352817
469.1421,3.31,0.601,0.5401204711139045
469.1421,3.396,0.497,0.7043857600251179
469.1705,0.528,0.0257,2.618347883900815
469.2257,0.564,0.438,0.8083957903488717
469.2258,2.494,0.915,-0.10959238352884305
470.0688,3.799,0.36,0.9587471057119559
470.0689,3.84,0.687,0.4153894724629208
471.0947,4.944,0.177,1.453857333931319
471.1311,4.172,0.751,0.3268660667137117
471.2021,0.864,0.0583,-2.137686586062988
471.2413,0.566,0.897,-0.1321512870762387
471.2417,2.956,0.928,0.09280228720204318
473.0455,2.578,0.577,0.5768811447958219
473.1447,3.71,0.946,-0.06972651774913592
473.145,0.575,0.954,0.058872353875066306
475.077,3.665,0.459,0.7706620313850716
475.1985,3.657,0.16,-1.5174229338029366
476.1917,3.149,0.258,-1.2004608467476465
476.1921,0.548,0.582,-0.5695688408170951
477.0708,3.213,0.169,-1.4814144884315847
477.1075,1.029,0.214,-1.327250746166102
477.1233,1.01,0.00183,4.199327413894459
478.084,2.021,0.565,-0.595768948642958
478.1159,4.716,0.307,1.0756723918505773
478.1202,1.551,0.803,0.25593637930306745
479.228,0.527,0.821,-0.23182041210178866
480.1149,4.917,0.305,1.0819891830724302
481.2435,0.53,0.917,-0.10696725628926491
481.2437,3.36,0.926,-0.0957417325888687
481.2437,3.448,0.834,-0.21573096507895415
482.2164,0.531,0.999,-6.823286782676393e-4
483.0946,4.132,0.613,-0.5217581836439071
483.1578,3.257,0.465,0.7598165739110524
483.1578,3.308,0.756,-0.31944678537309884
483.1768,1.731,0.607,-0.5316925815770419
485.0437,5.783,0.87,0.16817775554846084
485.0979,5.138,0.718,0.3709240301610324
485.1657,3.694,0.403,0.8733694297186647
485.1658,0.539,0.21,1.3383595014360732
485.1983,9.408,0.435,0.8134677756750265
485.238,0.52,0.668,0.442428381675008
486.1209,2.988,0.852,-0.1918281220510819
487.0577,3.942,0.614,0.520319037996732
487.1256,5.095,0.994,0.007478662381391182
487.2539,0.52,0.994,-0.007516269346872913
488.0413,0.567,0.345,0.9914982270629631
489.0636,3.769,0.874,0.16232833145516462
489.1188,3.274,0.582,0.5688255098221854
489.1195,2.377,0.00252,-3.998704587283875
489.212,0.521,0.551,-0.6171133812723316
489.2349,0.534,0.589,0.5578799884367318
490.1204,1.242,0.253,-1.2139314232416847
491.1473,3.302,0.371,-0.9371503923903285
491.1918,4.425,0.801,-0.25854464140224015
492.1522,3.718,7.72e-4,4.756984387651281
492.1876,3.692,0.476,-0.7412250700101267
493.2281,3.987,0.816,0.2386759841463276
493.2431,0.524,0.296,1.1033834710944619
493.244,3.392,0.248,1.2255809028369253
495.1962,0.514,0.177,-1.4534263847357403
495.2227,4.533,0.82,0.23399688149892064
495.2228,0.529,0.379,0.9207157314046999
495.2231,4.107,0.396,-0.8876955550756361
495.2953,0.521,0.638,0.48470870262589827
496.1979,0.524,0.658,-0.4565689473433048
497.1106,3.715,3.68e-4,5.261046961146585
497.2379,4.524,0.48,-0.7329600648053197
497.2745,0.519,0.724,-0.36303036217289464
498.0753,3.875,0.577,0.5768065825551228
499.112,3.373,0.71,-0.38245802091974324
499.1257,4.035,0.888,-0.1441305679288076
499.151,3.318,0.899,-0.1302469223532384
499.151,3.347,0.966,-0.043236193589067655
499.2904,0.518,0.916,0.10765459299503724
500.0784,3.83,0.658,-0.45610388660697837
500.1897,5.486,0.34,-1.0017534016226224
500.279,0.526,0.412,-0.8554812893553857
501.1052,5.105,0.79,-0.2731312300378492
501.1057,4.061,0.794,-0.2680336622541599
501.1421,5.113,0.766,-0.3060501795931182
501.1778,3.92,0.049,-2.23989670201187
502.2073,5.418,0.928,0.09222908813064426
502.2076,4.936,0.936,0.08201567212911523
503.1207,5.53,0.339,-1.003455413352991
503.1919,0.546,0.626,-0.5027906282239679
504.1358,1.245,3.29e-7,11.848743552593278
505.1592,5.144,0.444,0.7971341362376229
505.2646,0.525,0.759,0.31485458068401634
506.0901,3.699,0.724,-0.36373391772965474
507.1128,2.331,0.145,-1.5790241129590123
507.156,6.445,0.856,-0.1862972485200324
507.2233,3.159,0.269,-1.1696425471531384
507.2243,0.539,0.0579,-2.1412400431100895
508.0596,3.862,0.19,1.4076531273472863
509.039,6.64,6.1e-10,22.74021439995797
509.238,0.522,0.946,0.06929985116100236
509.2749,0.528,0.785,0.2808731174073294
510.2519,0.566,0.668,0.44204283454995247
510.2524,3.211,0.594,0.5503511637699585
511.1599,2.441,0.0747,-1.9891027918518052
511.254,0.526,0.851,-0.1927666517879931
511.2903,0.535,0.917,0.10649728696674347
511.2904,3.737,0.99,-0.012457975175263683
512.1045,1.845,0.888,-0.1439633360340483
512.192,3.096,0.844,0.20134449873200866
512.2676,0.566,0.985,-0.019754131812430704
512.268,3.301,0.694,0.40541108734181586
513.07,3.923,0.0346,2.4436190714431687
513.2181,0.519,0.96,0.05189738942147434
513.2693,0.525,0.707,0.38668948302105366
515.1935,3.917,0.108,-1.7675403335541278
515.2843,0.519,0.951,0.06242477211243523
516.1847,5.788,0.858,0.18340821243187908
517.1333,3.769,0.492,0.7130976488259505
517.1349,0.554,0.929,0.09141639239314321
517.1523,3.699,0.106,1.7752453591730268
518.1649,5.312,0.34,-1.0030231009837978
519.1171,4.031,0.216,1.3221913069113038
521.1088,3.637,0.323,1.0406564808408671
521.2193,2.309,0.79,0.2730212625628515
521.2418,0.552,0.521,-0.6648498689700425
521.2423,2.361,0.76,0.3133842237204739
521.2429,2.397,0.925,0.09672224622079015
523.1107,3.713,0.605,0.5345786292461218
525.1638,0.564,0.194,-1.392982457642171
526.1199,1.643,0.914,0.11085904742687681
526.2471,3.744,0.967,0.04180558350290572
527.1255,5.129,0.886,0.147012722377292
527.1811,2.365,0.228,-1.2837012399504193
527.1963,3.633,0.102,-1.8007947136953146
527.2131,0.53,0.181,1.4395097372008638
528.2625,0.58,0.303,1.0847429863769662
528.263,4.027,0.651,0.46608013276799287
528.3014,0.529,0.837,-0.21132581526925237
529.261,0.533,0.661,-0.45217984994159566
531.0208,5.949,8.27e-11,27.85063124770912
531.0967,3.961,0.00168,4.252198695740283
532.3118,0.521,0.34,-1.0023083583998649
533.1324,3.783,0.41,0.859118490584125
533.167,4.705,0.665,-0.4467345154083378
533.1721,6.434,0.939,-0.07887493130399335
533.1882,3.463,0.651,0.46695813288522303
533.2041,3.926,0.116,-1.7221689499997135
535.2001,3.279,0.354,0.9709648451285
535.2183,3.646,0.342,-0.9968192938545203
536.0432,3.797,0.605,-0.5341299870797359
536.1007,3.693,0.743,-0.33734745096568747
537.2331,0.562,0.795,-0.26730034569155103
538.0701,3.804,0.0739,1.9960122008447039
539.2491,0.576,0.706,-0.38768243376790235
539.2491,4.207,0.723,-0.36493940633043487
539.2492,4.084,0.516,-0.6730259358413269
540.0743,3.978,0.637,-0.48619838398104404
540.2079,3.902,0.0749,-1.9881486274066986
541.1212,6.459,0.811,0.24589273927607733
541.2136,0.56,0.26,-1.1948285630527402
541.2642,0.585,0.924,-0.09747772223238559
541.2644,4.221,0.741,-0.34018563434727106
543.2802,5.001,0.976,0.03116492743324769
544.0945,1.747,0.988,-0.015536981306712612
545.1254,2.429,5e-4,-5.048831341784106
545.1677,3.916,0.109,-1.7590910548991296
545.1681,0.551,0.072,-2.011199762675136
545.2041,3.931,0.147,-1.574261669368294
546.3042,0.52,0.146,-1.5769693076870057
547.0889,3.745,0.527,0.6549660365485236
547.1866,3.913,0.0842,-1.9170432566342972
551.1172,4.021,0.832,-0.21753199725731928
551.2299,2.381,0.213,-1.329482690542391
552.06,3.78,0.0974,-1.8283633930323098
553.2285,0.519,0.114,1.7290326533127394
554.1517,1.231,0.341,0.9993218167575135
555.1556,3.583,0.766,0.3052210540605909
555.1887,3.497,0.266,-1.1789382170597384
557.0606,3.819,0.177,-1.4535056802558632
558.1541,4.293,0.654,-0.4625518159968126
560.1017,3.341,0.772,-0.29714816862811866
561.0749,3.828,0.129,1.6542591867826983
561.0808,3.926,0.561,0.6009366821289008
561.1384,2.255,0.189,-1.4082106735797562
561.1622,4.287,0.813,-0.24302551430704408
563.1016,3.856,0.642,-0.4789495615583413
563.2176,0.558,0.66,0.4532396280985589
563.2511,3.658,0.704,0.3912814718460202
564.1689,6.53,0.821,0.23287818349859876
565.1552,4.125,0.977,-0.029129229303144353
565.1555,0.583,0.827,-0.22374816051228616
565.1698,3.303,0.601,0.5396999665808531
565.2092,0.543,0.713,-0.3778664409581453
565.2327,0.562,0.625,0.5035774078937172
566.1,3.386,0.892,-0.1395992030225637
567.1896,3.663,0.742,-0.33882677374811476
567.3144,0.527,0.311,1.0680829961826686
568.1059,3.844,0.264,-1.1834203898505706
569.1103,3.819,0.338,-1.0064220305394187
569.2416,0.916,0.0935,1.8535083197408069
571.1314,3.55,0.354,0.9713270702090877
571.1485,6.253,0.841,-0.20535325098503004
571.2532,0.525,0.0481,-2.250411581845761
573.1989,3.921,0.307,-1.0753238648797516
573.2395,0.524,0.833,-0.21673150968373195
574.0803,3.839,0.0956,-1.8402143523569223
574.1703,5.501,0.607,-0.5316925815770419
575.1574,4.183,0.911,0.11455965210326172
575.2789,0.536,0.872,0.16469137723549268
577.1969,0.559,0.79,-0.27299404952635625
578.1363,1.547,0.63,0.49748900596926676
579.2119,0.564,0.897,-0.1323810967989794
579.2125,2.377,0.71,-0.3830681146047583
581.2273,0.569,0.94,0.07699048150081775
582.095,3.386,0.687,-0.4143800191239118
583.1521,3.804,0.912,-0.11275904481651457
583.3112,0.557,0.615,0.5194336327191107
583.3114,4.248,0.728,0.35794573713588873
586.169,5.4,0.934,0.08464980185637706
587.1079,0.57,0.979,-0.02660231007007302
587.2144,3.945,0.313,-1.0621207457129263
591.3172,0.523,0.871,-0.16601414285777097
591.3175,0.775,0.401,-0.8771699285033537
592.152,1.844,0.528,0.653972151916514
593.1674,1.005,0.298,-1.0982552473612048
593.1687,0.592,0.616,-0.518217620397258
594.0962,3.813,0.906,-0.12139711414909854
594.3635,0.533,0.128,1.6607737924644497
595.1274,3.509,0.306,1.078973918769436
595.3413,0.521,0.064,2.0815990322889877
597.0952,3.781,0.964,0.046667256535808437
598.0901,3.38,0.391,-0.8970606335353623
599.1786,4.035,0.303,-1.0855883944908762
600.2839,3.862,0.933,-0.08581844301225797
600.284,0.642,0.594,0.5513135964273489
601.1781,0.558,0.79,0.2730382063111545
603.1886,3.693,0.144,1.5856958763746771
604.1208,7.712,0.607,-0.5316925815770419
605.111,4.047,0.341,-1.0006566021231895
606.0945,3.81,0.588,-0.5593802147331478
608.1467,1.783,0.745,0.334313106299285
609.2621,0.562,0.562,-0.5996906345580983
610.0903,3.375,0.0674,-2.0506017802530794
612.1748,3.869,0.0825,-1.9297572789384125
613.3585,4.442,0.424,0.8332150438467602
615.2464,4.094,0.0867,-1.8992603463297717
615.3123,0.522,0.0347,2.442472313048927
617.1301,3.99,0.374,0.9304996822215746
618.1748,4.18,0.927,-0.0945712447323665
618.1817,1.581,0.0819,-1.9338356261283733
619.102,3.571,0.588,-0.5604396691853659
620.1832,1.624,0.601,0.5404145312361215
621.1088,7.531,6.14e-9,17.955314777422725
621.1629,3.937,3.05e-5,7.164614774752266
622.0896,3.343,0.233,-1.2684714323114639
622.1488,5.921,0.178,-1.4478190650361198
622.1913,4.077,0.686,-0.4167711231796009
624.1416,1.761,0.862,0.17854295556525762
628.1269,3.837,0.864,0.1760595456185405
628.2092,3.413,0.0184,2.8128547786049998
630.1194,3.743,0.437,-0.8093557749103267
631.2682,0.556,0.48,0.7338712430983397
632.2037,7.803,0.764,0.30830071998712893
633.1408,2.45,0.267,-1.176551191655078
633.2843,0.555,0.615,0.5197162201268946
636.0805,3.392,0.269,-1.170434958096239
636.2293,3.934,8.93e-5,6.298549714368325
640.333,6.148,0.731,-0.3542428122637968
641.2574,0.556,0.258,-1.2003811706677734
646.1225,3.879,0.00118,4.481635871079896
646.2164,3.785,0.533,0.64609789748127
650.2588,0.526,0.647,-0.4717884635142269
650.2883,3.304,0.755,0.3202993667650633
653.0287,5.802,0.34,-1.0027479240151416
655.1389,4.473,0.34,-1.001425144660915
660.1369,3.999,0.167,-1.491733448500837
660.2145,1.234,0.562,-0.5993999058072608
667.2045,3.916,0.375,-0.9287094974718322
667.3006,0.558,0.713,-0.37879225686145657
674.2293,1.21,1.58e-6,10.009986164633023
678.2052,1.322,0.611,-0.525445723273306
686.154,3.73,0.99,-0.013477493397155446
688.2445,1.123,1.76e-5,7.640702328616149
689.3021,0.543,0.98,-0.02571017629469995
699.3031,3.917,0.0218,-2.714310414768578
701.3564,0.532,0.585,-0.564354922514924
703.0841,8.109,1.76e-9,20.408233805382913
712.2431,1.025,1.69e-6,9.935448030174506
713.3193,0.549,0.0426,-2.3225069004124146
715.3355,0.55,0.176,-1.4548549990546107
723.3398,0.537,0.0747,-1.9895922743033154
73.0294,0.881,0.23,-1.2772228745335603
730.1411,3.843,0.513,0.6780218733680334
735.3596,0.544,0.302,-1.0885858276891907
749.3919,0.532,0.816,0.23938721520635609
751.2991,3.904,0.132,-1.6410300667484528
757.3533,0.543,0.261,1.1915182415057064
759.3976,0.531,0.85,0.19355277240841817
763.1909,7.999,0.748,0.3303729107068217
767.0226,5.837,0.339,-1.0030504328947514
768.2532,4.003,0.912,0.11367028169856959
769.3448,0.551,0.907,-0.11962572763515882
773.3418,0.556,0.851,0.19247955709823408
775.357,0.555,0.955,-0.05836835631336994
781.4186,0.521,0.699,-0.3985833396661935
790.1902,4.037,0.969,-0.03946764802453298
803.2032,4.539,0.607,-0.5316925815770419
805.2203,4.324,0.607,-0.5316925815770419
833.2896,4.053,0.34,-1.0019828947998686
853.3185,7.746,0.838,-0.20934321607122358
87.0451,2.052,0.403,0.8739040526385183
88.0403,6.143,0.261,1.1920041312237823
907.414,0.559,0.538,0.6381902923162905
909.4292,0.56,0.94,0.07682943889510406
923.4088,0.576,0.819,-0.23512367688248959
934.2803,8.066,0.942,0.07485373957042074
96.9696,7.956,0.955,0.05808045127684429
97.9594,8.026,0.505,-0.6914323792375002
99.0451,0.903,0.193,1.3956037552737124
99.0451,1.601,0.539,0.6364175500854369
