m/z	rt	p-value	t-score
100.0039	3.918	0.786	-0.2791646697728138
103.0267	1.019	0.153	-1.54757565183011
103.04	0.988	0.153	-1.5446358209694895
1058.0265	1.11	0.148	-1.566237647836816
107.0367	1.019	0.951	0.06270836285708273
107.0502	0.999	0.577	0.5770750636692575
109.0295	2.682	0.172	1.471070102565125
111.0087	5.156	0.421	-0.8384928151095604
111.0088	7.821	0.854	0.18916404158121236
112.0517	3.504	0.481	-0.7322001223746519
112.0517	3.613	0.162	-1.5100254397192927
117.0558	0.877	0.0739	-1.9958551885533005
119.0352	4.472	0.071	-2.0195914773232437
119.0352	5.013	0.314	-1.0607175695544357
119.0359	5.512	0.136	1.6233174018163314
123.0542	0.96	0.0672	-2.0528617928544874
124.0074	6.271	0.602	-0.5388698865960169
124.9914	3.319	0.193	-1.3962128541640877
124.9916	5.153	0.08	-1.9480062249453085
125.0243	0.867	0.135	-1.6254197026177974
127.0399	0.847	0.206	-1.351158377020066
128.0354	5.186	0.245	-1.2347785241716511
128.9597	5.323	0.219	1.3119706558315485
129.0193	2.327	0.15	-1.5607061275248888
129.0193	6.544	0.0199	-2.765401421426597
131.0712	0.84	0.575	-0.5793527906330889
135.0299	6.065	0.112	-1.743418230665996
135.0299	8.49	0.051	-2.216489693917331
135.0302	5.655	0.547	0.62332392266475245
135.0312	3.109	0.438	-0.8069268991003244
135.0373	5.68	0.42	-0.8417840856404996
135.03	5.533	0.197	-1.3831233760770982
137.0101	1.032	0.661	-0.4518026087842833
137.0244	0.97	0.237	-1.2591983626742131
139.0069	4.58	0.451	-0.7851533392498842
139.0398	0.519	0.0614	2.10670056506944
139.04	3.348	0.729	-0.3564678143540261
139.0513	5.435	0.915	0.10964079374014227
139.0764	0.897	0.0437	-2.306941930401159
143.0348	0.84	0.251	-1.2179427635027857
144.0302	5.659	0.421	-0.8392779195270941
144.0522	1.038	4.53e-5	-6.83684826960255
144.0666	1.163	0.0699	-2.0290164321554753
145.0142	5.656	0.305	-1.0820980126598183
145.0362	1.023	0.0881	-1.889979725900443
145.0504	0.989	0.0217	-2.7166874443849647
145.05	0.997	0.786	-0.27945412848229545
145.0618	3.339	0.333	1.0173171490838622
145.0619	6.606	0.518	-0.6703673391768297
145.0982	8.275	0.474	0.7446827698993141
147.0297	3.639	0.0723	-2.009258854750508
147.0298	5.173	0.0351	-2.435212934060037
147.0298	5.656	0.41	0.8596458158015013
147.0298	6.996	0.0421	-2.32983083088375
149.0092	7.63	0.623	-0.5076596564454576
149.0092	7.798	0.53	-0.6501380067814685
149.0455	5.186	0.01	-3.169495013065559
149.0455	5.396	0.365	-0.948381157324929
149.0455	5.659	0.308	1.0732329514241217
150.0559	3.673	0.946	0.06913264693007298
151.007	5.656	0.434	-0.8142618363458378
151.0255	1.019	0.824	-0.22846193209132343
151.0261	3.2	0.137	-1.6152713461079258
151.0401	1	0.476	-0.7409479623618782
151.0612	4.846	0.0792	-1.953960021884216
152.0354	1.011	0.122	1.6906719303504165
153.0047	1.043	3.58e-4	-5.278673899918214
153.0193	1.076	4.51e-4	-5.119889906897123
153.0193	3.42	5.83e-6	8.662837800472492
153.0919	0.843	0.482	-0.7310130875806782
154.0256	0.927	0.0564	-2.156615038488643
154.0623	7.684	0.317	1.0524582480931512
154.0703	7.686	0.0968	1.8321527561824351
154.9986	7.909	0.418	0.8445121814167729
155.0462	6.062	0.435	-0.8128717075221417
156.0665	1.414	0.474	-0.7441394319038432
157.0367	4.662	0.56	-0.6021461506255859
157.0503	0.513	0.0481	-2.251081632935815
158.0822	0.968	0.0228	-2.688393189782401
158.082	0.514	0.352	-0.9769562327202818
159.0516	1.019	0.285	-1.1284711077413248
159.0663	0.926	0.188	-1.4129822900188087
161.0455	3.524	0.449	-0.787860068009786
161.0455	3.634	0.181	-1.4384135119648005
161.0455	5.668	0.898	-0.13168370076584973
161.9867	2.332	0.914	0.11020185205526933
161.9867	2.345	0.445	0.7954071834084323
162.0227	0.513	0.263	-1.1857179911134679
162.0229	4.073	0.0247	-2.6413456653936525
163.0247	5.69	0.505	-0.6916063261633932
163.0403	0.951	0.141	1.5991369778009632
164.0715	4.437	0.0489	-2.24085813251171
165.0046	1.023	5.92e-9	-18.02414309949708
165.0405	5.703	0.787	-0.2773788932129063
165.0405	6.024	0.0587	2.133344355121209
165.0405	6.233	0.998	0.002393693564131058
165.0418	1.302	0.223	-1.299769904379923
165.042	0.562	0.681	-0.4228035561178216
165.0472	3.498	0.37	0.9377534846427263
165.0488	5.706	0.925	-0.09637481744303308
165.0534	0.912	0.034	2.4542433857114645
167.0212	5.168	0.44	-0.8045426253397473
167.0461	5.457	0.675	-0.43169613880346275
167.0559	3.69	0.11	-1.7558000684672446
168.078	7.818	0.866	-0.17281236367165032
168.0862	7.82	0.906	0.12156041664974132
171.041	7.771	0.725	0.3620680113338557
171.043	3.694	0.395	-0.8879995985297638
171.0662	0.928	0.396	-0.8864235569586911
171.0774	5.47	0.419	-0.8422071023446628
172.0977	0.843	0.0085	-3.2648398962242786
172.0978	0.872	0.0645	-2.077397404622914
172.9922	1.849	0.353	0.9741147076623708
172.9996	1.942	0.856	-0.1863379126391752
173.009	6.03	0.375	-0.92945846115903
173.0218	1.841	0.854	-0.18876104015617162
173.0567	5.365	0.363	-0.953019296070414
173.0567	5.7	0.599	0.5424022078583509
173.0818	0.849	0.523	0.6626341876460143
173.9866	2.442	0.0516	2.2100241749990377
174.9871	1.827	0.601	-0.5397846331278489
175.0245	0.522	0.0687	-2.039559308900915
175.0246	4.153	0.8	-0.25961102961950244
175.0246	5.38	0.331	-1.0220292944308795
175.0246	5.701	0.361	0.9580578023684662
175.0611	3.502	0.354	-0.9713051905496202
175.061	0.56	0.75	-0.3270755541572053
175.061	3.616	0.397	-0.8846610555409686
175.0974	0.773	0.442	-0.8003908627996492
175.0974	0.971	8.24e-4	-4.713739966692806
177.0405	5.7	0.185	-1.422299017368753
177.1284	0.774	0.435	-0.8139918462377155
178.0361	1.018	0.574	-0.581073822576802
178.0444	1.022	0.669	-0.440166583977794
178.0511	0.524	0.556	0.6098686314200585
178.0589	0.533	0.974	0.03298950631401939
179.0349	5.243	0.68	-0.4244754953563807
179.0559	5.977	0.592	-0.5540438504927391
179.0561	5.436	0.144	-1.5842370723411152
179.0562	5.704	0.178	-1.4492896480601352
179.056	6.344	0.998	-0.00292112126669095
179.0636	0.527	0.604	0.5359621184453335
179.0644	5.704	0.46	-0.7677097732756295
179.0709	0.842	0.0144	-2.9572131518396336
179.1075	0.837	0.437	-0.809903979239407
181.0368	3.602	0.241	-1.2462243320876485
181.0504	0.867	0.58	-0.5720701654448374
181.0504	0.995	0.122	1.687557429212149
181.0504	3.057	0.0321	-2.487666333200387
181.0505	0.887	0.636	-0.48843662786109393
181.0505	2.24	0.331	-1.0221743808240498
181.0718	5.323	0.037	-2.4057016918954455
181.0805	5.323	0.0246	-2.642758970594379
181.9916	3.013	0.707	0.38748612039025515
182.0272	5.423	0.35	0.9809849157932338
182.028	4.092	0.356	0.9683314548294109
182.0308	1.029	2.97e-4	-5.411512014562671
182.0457	0.856	2.74e-4	-5.468194384662592
183.005	0.703	0.481	-0.7321956573028534
183.0514	3.658	0.303	-1.0861118450492273
183.0638	3.785	0.71	-0.38249247889674853
183.0661	0.867	0.155	-1.5395391677534358
183.1023	0.506	0.059	-2.129719032569139
183.1025	0.808	0.0148	-2.9408338837823145
184.0977	1.118	0.0382	-2.3857849254220387
185.0566	7.305	0.584	0.5658543420502494
185.0819	0.862	0.314	-1.0606519902440514
187.0068	2.234	0.183	1.4318608086540199
187.0068	2.535	0.243	1.2417817191544829
187.0416	2.303	0.0445	-2.297022495701558
187.0417	3.489	0.0634	2.0876210225855996
187.0724	5.679	0.776	0.2928592694185121
187.0978	0.824	0.82	-0.2340026238781272
188.0022	2.235	0.271	-1.1646260484793998
188.0022	2.253	0.301	-1.0916352998187282
188.0023	3.128	0.916	-0.10809795804234193
188.0104	1.569	0.279	1.1451763445908298
188.0105	2.248	0.695	-0.4032215587243354
188.0351	4.457	0.276	-1.1531973317134867
188.0563	4.907	0.0544	-2.1778772178551513
188.0927	4.517	0.00269	-3.9600564443165003
188.9861	3.886	0.174	1.4623025913896386
188.9862	4.149	0.0914	1.867450218984714
188.9871	1.745	0.476	0.7404860474728077
188.9948	1.816	0.338	-1.0061236373392797
189.0404	5.148	0.152	1.5525205008515008
189.0405	5.173	0.337	1.0092313718610237
189.0573	2.271	0.00194	-4.163348724859696
189.0928	0.848	0.309	-1.0721446907155667
189.113	0.89	0.452	-0.7825521923554494
190.0509	1.024	0.344	-0.9929820012662955
190.9655	2.079	0.252	1.2155459970828308
190.9655	2.104	7.47e-4	4.778897883741494
190.9746	2.11	0.00101	4.5806030267386815
191.0018	3.051	0.331	1.0223441185116264
191.0018	3.068	0.296	1.1018046479884984
191.0196	0.526	0.756	0.31958751227880244
191.0196	0.953	2.83e-5	-7.22958072120941
191.0196	3.544	0.351	-0.977578772445563
191.0196	3.644	0.185	-1.4249513282448274
191.0198	5.679	0.304	-1.083531486517493
191.0199	8.317	0.529	0.6521504073396445
191.0201	7.804	0.831	0.21929459339573734
191.0284	5.675	0.29	-1.1174089463684769
191.02	7.722	0.404	-0.8709692873462692
191.0539	5.675	0.17	-1.4801512218749822
192.0332	5.667	0.592	-0.5543287385219068
192.0664	0.98	0.788	-0.276203505294897
192.9813	2.941	0.00376	3.753832775940137
193.0352	7.568	0.747	0.33181336380527954
193.0352	7.691	0.238	1.2555373188110046
193.0353	3.249	0.0379	-2.390241414313085
193.0505	0.807	0.521	-0.6644186517770788
194.0307	1.022	0.59	-0.5559550358902836
194.0456	0.519	0.0282	2.5634644722020097
194.0458	0.984	0.647	-0.4719330590361476
194.0458	3.731	0.327	-1.0308384362598544
194.9603	1.573	0.229	1.2816806766950597
194.9968	4.711	0.356	-0.968108989874274
195.0504	1.472	0.7	0.3961001418389836
195.0511	6.805	0.0605	-2.1148846722595156
195.0515	0.84	0.0511	-2.215076073390838
195.0516	0.562	0.752	0.32537748297118013
195.0518	0.563	0.693	-0.4068238397076433
195.0521	2.398	0.813	-0.24265021580652985
195.052	1.912	0.293	-1.10897151495499
195.062	2.383	0.273	-1.1596661166090747
195.0655	0.844	0.239	-1.2527634248435404
196.0283	4.94	0.0239	-2.6608337465463343
196.0726	6.012	0.689	0.41213768419196745
197.0454	3.508	0.0307	-2.5148230863320027
197.0468	2.723	0.0446	-2.29561901415276
197.0541	1.058	0.0466	-2.2697617168841187
197.0675	0.579	0.393	-0.8919152332314101
197.0676	0.781	0.0612	-2.1089234480362533
197.0677	1.123	0.0957	-1.8395952732606808
197.0679	3.663	0.665	-0.4455975603880515
197.068	3.613	0.72	-0.3685968081366225
197.0819	0.842	0.501	-0.6977886537780088
197.0905	0.843	0.0877	-1.8927895364029779
198.1133	0.851	0.0375	-2.396735230881576
198.9916	1.038	0.892	-0.13953090994346784
199.0069	1.086	0.562	0.5992831242109522
199.0974	1.354	0.0567	-2.153811987766679
199.0975	0.822	0.926	-0.09554203380649069
199.1313	0.836	0.154	-1.5419442851592662
200.1291	0.831	0.53	-0.6499739278347634
200.9711	1.033	0.00175	-4.2264667892540455
200.9866	1.058	0.02	-2.763220551963422
201.0078	1.025	2.51e-8	15.527820307164436
201.0516	7.993	0.521	0.6658987851289343
201.1131	0.834	0.621	-0.5098715019745484
201.1243	5.193	0.999	0.0017846904511214037
201.1244	5.676	0.145	1.5805558946951022
201.1356	7.005	0.139	-1.6070765754117304
202.0509	5.224	0.479	-0.735369616314536
202.0537	0.512	0.514	0.6768496809215053
202.1083	0.514	0.597	-0.5459477342172954
202.9868	1.018	0.354	-0.9714883066529482
203.0017	3.658	0.204	-1.3579554776957872
203.0019	0.829	0.206	-1.3512161403157064
203.0022	1.372	0.642	0.47967079910257593
203.0022	2.013	0.526	0.657012879670405
203.0022	2.044	0.424	0.833544725538054
203.002	1.005	0.282	1.136063822182703
203.0107	1.372	0.609	0.5282879779920853
203.0109	1.347	0.607	0.5310657174747266
203.0111	2.099	0.159	1.5204847305261693
203.0347	2.437	0.00422	-3.6838001045285362
203.0365	3.482	0.626	-0.503404294084488
203.0825	4.789	0.659	-0.4550264291132056
203.1285	0.849	0.748	0.3306233284623471
203.997	3.657	0.193	-1.3958954579246463
204.0301	4.935	0.944	-0.07150217879284411
204.0665	1.375	0.821	0.23198969093134275
204.0665	1.41	0.99	0.013304532959152576
204.0667	0.515	0.439	0.8063004462774702
204.0876	5.17	0.00167	-4.255639967788995
204.9662	1.032	0.00118	-4.477648265712728
204.9811	4.114	0.262	1.1877515128936078
204.9812	0.851	0.0286	-2.5559131289493626
204.9812	1.012	0.00651	-3.4229634704561214
204.9812	3.501	0.2	1.3717636492069791
204.9812	3.521	0.058	2.1398867375355937
204.9812	3.557	0.0818	1.9345337401814433
204.9815	2.004	0.768	0.30280131915551023
204.9961	2.078	0.44	0.8036354182819029
205.0059	2.072	0.269	-1.1703164876736305
205.0272	0.897	0.128	-1.6572046811835774
205.0353	5.68	0.0962	-1.8362624732085875
205.0524	3.564	0.163	-1.5047827301409653
205.0524	3.634	0.316	-1.0562182781987903
205.0881	0.505	0.425	0.8310789326517894
205.0897	0.839	0.51	0.6838875384026859
206.0463	2.859	0.728	-0.3572354114571401
206.082	0.895	0.115	1.7274964932664347
206.1033	5.302	0.49	-0.7172921624646676
206.9971	2.175	0.485	0.7259011959705058
207.0477	2.382	0.052	-2.2053428684253995
208.0612	0.516	0.0312	-2.505486700505025
208.0645	3.726	0.12	-1.6980426382894402
208.9759	3.734	0.143	-1.5881360168742467
208.976	0.787	0.0046	3.63228644178447
209.0666	5.694	0.508	-0.6866873082880341
209.0675	0.96	0.166	-1.494031976349728
210.0408	3.441	0.92	0.10307204207828936
210.0882	5.677	0.332	1.0198778916717106
211.028	5.713	0.275	-1.1559384589954698
211.0612	0.531	0.00255	-3.992049479627047
211.0612	1.538	0.00594	-3.4778402970303572
211.0613	0.897	0.0864	-1.9017743322415013
211.0613	1.458	0.00771	-3.3231894187523223
211.0967	0.835	0.442	-0.8010065330340711
211.987	1.036	0.00261	3.9772318140407403
212.0019	2.386	0.332	1.0197063675696847
212.0021	2.316	0.626	0.5034111738639837
212.0022	2.356	0.344	0.9924753837007645
212.0031	3.829	0.397	0.8849538571857593
212.0111	3.879	0.383	0.9131045293760871
212.0113	0.514	0.337	-1.0082985710095422
212.011	3.758	0.297	-1.099783173925225
212.0199	7.051	0.34	1.0015623921562606
212.129	0.833	0.0322	-2.487044107278685
213.0223	0.802	0.216	-1.3202111344282035
213.0766	0.898	0.00419	-3.688665045395288
213.0766	4.042	0.0338	-2.4579988184195027
213.1132	0.801	0.787	0.2777080805247351
213.9815	1.057	0.994	-0.0077150333370600436
213.9964	1.026	0.0852	1.909726030565781
213.9979	3.83	0.306	1.078682345624233
214.0178	4.826	0.683	0.4204545099592937
214.9867	1.03	9.43e-5	6.256493560371092
215.0018	1.171	1.42e-4	5.947529076144604
215.0329	5.711	0.501	-0.6976763535889479
215.0731	0.557	0.293	-1.1099693911113693
215.0733	0.99	5.5e-4	-4.983625029466155
215.0923	0.897	0.335	-1.0131633038738437
215.1035	3.532	0.906	-0.12095250627006848
215.1035	3.639	0.931	0.08856950560216524
215.1035	4.441	0.707	-0.38616295827660063
215.1035	5.773	0.0428	-2.319473213583793
215.1148	6.238	0.617	0.516104506240139
215.1399	5.402	0.824	-0.2285033782734284
216.0343	4.359	0.35	0.9796707924631427
216.0988	5.731	0.341	1.0000551563438025
216.9811	3.931	0.106	1.7768461143503018
217.0161	7.826	0.661	0.4514966304291767
217.0164	3.25	2.22e-5	7.4352550739709
217.0174	1.047	4.17e-4	5.173110364797989
217.0487	5.68	0.127	-1.6654154122467066
217.0575	5.682	0.573	-0.5826120361385784
217.0929	1.022	0.0536	-2.1866323714840403
217.1079	1	0.557	-0.6071241297346228
217.108	1.172	0.186	-1.418907442962399
217.9843	3.941	0.0961	1.8368952879351481
218.0315	2.512	0.706	-0.38803387096528597
218.049	4.323	0.498	-0.7023911058912805
218.067	1.023	0.00764	-3.3282484524629
218.0822	0.977	0.0161	-2.89182710683266
218.1032	0.535	0.0115	-3.0879976671311336
218.9815	1.043	0.0106	-3.136060452571161
218.9966	3.891	0.471	-0.7488336277775502
218.9967	4.223	0.582	-0.5682036251993355
218.9968	3.319	0.968	-0.04118719341419947
218.9968	3.546	0.204	-1.3604993030505155
218.997	1.135	0.0858	-1.9055596016854293
219.0069	3.319	0.92	-0.10319293906992619
219.006	1.138	0.191	-1.4022212670072198
219.0507	3.497	0.659	-0.45482051764002185
219.0508	0.537	0.759	-0.31543832707195857
219.0508	4.762	0.864	-0.17627153725894057
219.0629	3.469	0.995	0.0070150209719718635
220.0825	5.686	0.33	1.023279588300664
220.0976	0.844	0.541	0.6323536255150468
220.976	3.219	0.229	1.2823581857656414
221.0666	5.387	0.289	-1.120230287339334
222.1131	0.844	0.0198	-2.7689984029416363
222.9743	1.003	0.79	-0.27315851585653467
222.9917	3.031	0.4	0.8794439621136159
222.9917	4.4	0.632	0.4945509868583601
223.0542	5.477	0.769	0.30191043271714585
223.0973	0.837	0.035	-2.437893949308656
224.002	2.41	0.418	-0.8446066022851194
224.0233	6.057	0.143	-1.5912078370498504
224.0617	4.914	0.858	-0.18417333063528013
224.0618	4.943	0.502	0.6966341559655784
225.0073	8.167	0.536	-0.6411160762460976
225.0407	4.167	0.689	0.4114305704474844
225.0472	1.04	0.0799	-1.949013036268489
225.0615	6.787	0.0869	-1.8980324373232964
225.0628	1.132	0.621	-0.5104759733494028
225.0735	1.131	0.177	-1.4536498555608057
225.0762	0.841	0.0657	-2.0664072149658645
225.0991	8.076	0.197	1.3815456694678783
225.113	0.808	0.325	-1.0344204920533178
226.018	1.956	0.486	0.7233824563181841
227.0219	5.696	0.103	1.793232606818907
227.0381	0.604	0.84	-0.20695166256624037
227.0551	5.703	0.467	-0.7568303444239607
227.0672	5.687	0.473	0.7464963718368374
227.1035	6.034	0.567	0.5923601945576531
227.1147	6.923	0.715	-0.37594408685408415
227.1285	0.51	0.366	-0.9459642879941913
227.1287	0.785	0.0374	-2.3984699258647915
227.9969	2.433	0.354	0.9729523080273837
227.9971	3.983	0.318	1.0508817850825174
228.0312	3.932	0.226	1.2895275254941756
228.0575	3.43	0.0629	2.0923648275514615
228.0885	0.942	3.52e-5	-7.044665694217347
229.0023	1.031	0.0221	-2.7049219153987756
229.0174	0.829	0.0365	-2.412778025005064
229.0385	1.025	0.191	-1.4015959684945622
229.0541	0.558	0.778	-0.2891183381803008
229.0638	0.559	0.391	-0.8962631028945087
229.0883	0.552	0.923	-0.0995935425728238
229.1079	0.847	0.162	-1.5108003914657655
229.1441	0.51	0.334	-1.0141490608916017
229.9984	1.043	0.0449	-2.2911971089313767
230.0128	1.11	0.34	-1.0023346956255788
230.0128	3.617	0.215	1.3238557475158605
230.0131	2.653	0.175	1.4587231163657606
230.013	2.604	0.289	1.1203659766357075
230.0222	3.68	0.819	0.2350015641672519
230.0225	3.623	0.448	0.7897864969345008
230.0498	4.392	0.0157	-2.906408465183585
230.103	0.515	0.263	-1.1863631441564721
230.9815	1.035	0.106	-1.7794434409443811
230.9966	2.338	0.00944	-3.203441217588602
230.9966	3.831	0.34	-1.0025055415013813
230.9966	4.318	0.2	1.3723413791325965
230.9967	0.739	0.752	-0.3250139494565772
230.9967	0.761	0.65	-0.4672094787413254
230.9967	1.606	0.00144	4.352639705312342
231.0295	2.581	0.275	-1.154863574353705
231.0328	0.724	0.412	-0.856816129681288
231.0488	3.479	0.0143	2.957560686216453
231.0676	2.297	0.0297	-2.5333956960020867
231.1236	0.974	0.0571	-2.149317526896088
231.9927	3.013	0.796	0.26493323177006745
232.0283	5.427	0.0415	-2.337564919502897
232.0284	4.836	0.307	-1.0755103652478264
232.0985	0.835	7.81e-6	8.382006761320039
232.9759	5.687	0.0765	1.9753930832260964
233.0116	3.162	0.0343	2.4499030100820303
233.0121	0.618	0.162	1.5115013521389076
233.0122	3.76	0.901	-0.1270256018991928
233.0469	3.48	0.279	-1.1437652201313904
233.0584	0.821	0.0427	-2.3212973607083773
233.0835	2.303	0.00727	-3.357599766307866
233.1505	7.606	0.0301	-2.5254489341761386
234.9916	3.442	0.262	1.1892945686682752
234.9916	4.916	0.821	-0.23283328468710376
235.0569	7.02	0.0594	-2.126651340246401
236.0232	7.803	0.348	-0.9840878401654866
236.0252	4.945	0.21	-1.3403101252923098
236.0772	0.506	0.291	1.114633264892384
236.0924	0.513	0.54	0.6352411089742914
237.0331	4.951	0.54	-0.634447451113263
237.0763	0.843	0.276	-1.152979881666811
237.1128	0.821	0.0396	-2.364480058589259
237.1241	0.892	0.955	0.05850065179400584
238.0774	4.689	0.0637	-2.0844625355504625
238.9688	3.227	0.566	0.5940869500055457
238.9865	7.261	0.305	-1.0800583925654235
238.9867	8.106	0.341	-1.0005119818260306
239.0016	0.993	0.273	-1.160589898499942
239.0036	5.67	0.0944	1.8475962376008224
239.0341	8.007	0.0658	-2.065455236058251
239.0922	0.817	0.536	-0.6406202908516349
239.0922	0.965	0.298	-1.0966664734946487
239.1147	7.668	0.569	-0.5889863502401844
239.1147	7.98	0.289	1.1207197627054455
239.9969	2.405	0.0775	-1.9672425566113074
239.9969	2.425	0.213	-1.3307749508070097
240.0004	7.368	0.293	-1.109036585948704
240.0182	7.939	0.0891	-1.8830853942947088
240.9658	1.039	0.0376	-2.395635602152583
241.088	0.525	0.608	0.5290085908625534
241.1078	0.86	0.0757	-1.9817425196643115
241.1189	0.516	0.796	-0.26507141103440723
241.1443	0.769	0.535	-0.6426531662626671
241.9764	3.249	0.15	1.5598472319708891
242.0125	3.346	0.402	0.8754054848431866
242.0125	3.711	0.83	-0.22082451886195578
242.0127	3.404	0.309	1.0719993529380056
242.0489	3.714	0.254	-1.2101362894832135
242.0665	5.698	0.547	-0.6232693234483097
242.9966	1.058	0.00572	-3.5006356955078632
242.9966	3.313	0.116	1.7210642832710108
242.9966	3.467	0.372	-0.9345386238287164
243.0178	1.027	2.05e-4	-5.675002140915038
243.0617	5.673	0.572	0.5836524027569193
243.0624	4.458	0.925	0.09656756961916411
243.0712	4.454	0.442	-0.8002866259559366
243.0715	4.453	0.353	0.9750658735192166
243.0773	2.902	0.685	-0.417391339577578
243.1041	0.908	3.85e-4	-5.229143991609278
243.1083	1.017	0.228	-1.282967427080003
243.1235	0.839	0.819	-0.2355675328709668
243.123	0.971	0.43	-0.8223391925520416
243.1343	0.515	0.826	0.22628050826394214
243.1347	2.554	0.913	0.11151124217064222
243.9918	3.939	0.249	1.2234292402892428
243.9919	4.942	0.199	1.3744572809832034
243.992	3.357	0.26	1.193129434972833
244.0031	4.944	0.296	1.1029551234428174
244.997	1.029	0.3	-1.091949310836031
245.0123	0.574	0.185	-1.4245987083297227
245.0126	3.391	0.377	-0.9252353748169894
245.0224	3.395	0.503	-0.6954403942200372
245.0432	5.704	0.677	0.4288811667252253
245.0465	2.156	0.0922	-1.8620013899928902
245.0777	3.343	0.765	0.30657489824274314
245.0777	5.688	0.275	1.1538675819943542
245.0783	2.502	0.561	0.6012145948618502
245.1392	0.923	0.676	0.430801712121871
246.0076	3.632	0.57	0.5867353770168287
246.0176	3.616	0.269	1.17085381990879
246.0444	5.448	0.00975	-3.1841014404521295
246.0745	4.944	0.0769	-1.9718846947571862
246.0976	0.832	0.0346	-2.4449356573566137
246.9763	1.04	0.0672	-2.0527418507725805
246.9915	4.007	0.0944	1.8475117936573708
246.9915	4.253	0.356	0.9681173747351446
246.9915	5.457	0.0838	1.920269834681477
246.9916	1.186	0.323	-1.0401303463128129
246.9916	3.123	0.0228	-2.68640669295213
247.0606	2.616	0.228	-1.2845096329024293
247.0623	3.484	0.873	-0.16415410726007673
247.0628	4.341	0.0559	-2.162570659017613
247.0629	4.641	0.549	-0.6202645510612884
247.0796	2.434	0.012	-3.0635568664624357
247.0817	0.843	0.0316	-2.4965086052635184
247.988	3.057	0.692	-0.40796893267024814
248.0037	3.65	0.244	1.237078213423247
248.0237	3.389	0.211	1.3377234267057243
248.0601	5.173	0.353	-0.9741148545409176
248.0955	0.541	0.112	1.7406872922584304
248.0957	0.606	0.159	-1.5223454014570665
248.0959	3.144	0.00651	-3.4233149795376216
248.9602	5.84	0.111	1.749305594648123
249.0072	3.179	0.924	0.09727500894291063
249.0072	3.526	0.159	-1.5225981130147292
249.0072	4.708	0.135	-1.6278932270040831
249.0534	0.86	0.136	-1.6210979218957713
249.0577	6.126	0.0621	-2.0995559713032783
249.0627	5.154	0.0438	-2.305693484795414
249.0785	3.569	0.0469	-2.2657243614655145
249.0785	3.631	0.092	-1.8636422593382413
251.0131	1.996	0.0178	-2.83214145192167
251.0134	3.423	0.0577	-2.1433344485943238
251.0519	7.281	0.044	-2.3028448763569833
251.094	3.644	0.0832	-1.9241655620898972
251.1286	0.792	0.107	1.7723010760793534
252.0203	4.947	0.363	-0.9532366430290645
252.9652	3.796	0.457	-0.7743970615220167
253.0559	7.542	0.167	1.4898410598070655
253.0826	3.616	4.78e-4	5.079334459517819
253.0827	3.556	2.14e-4	5.645819334283941
253.0921	0.602	0.206	-1.3539525721617647
253.1078	0.791	0.374	-0.930128391873015
253.1191	4.808	0.901	0.12808926543834173
254.9814	10.976	0.574	-0.581179629633843
254.9814	3.634	0.712	0.3800889792398755
255.1345	0.514	0.49	-0.7163905496571805
257.0122	1.017	0.0317	-2.496053578989904
257.0485	0.558	0.9	-0.12946536170195244
257.0544	5.7	0.104	-1.7902296277343874
257.1024	0.515	0.243	-1.2417342626906989
257.1391	0.808	0.536	-0.6404520718131042
257.1498	0.514	0.867	-0.17135585009673282
257.15	0.515	0.698	0.39899090353695016
258.0074	4.608	0.72	0.369039209252447
258.0076	3.328	0.633	0.49319387873591297
258.0439	4.624	0.15	-1.5587758872644575
258.044	2.992	0.158	1.5268870519846285
258.044	3.081	0.187	1.416625630954916
258.0611	5.695	0.464	0.7610463906834924
258.9915	0.564	0.127	-1.662271157075975
258.9917	3.481	0.469	0.7518286204364746
259.0019	3.481	0.436	0.8105520528943919
259.0127	1.039	1.75e-4	-5.7895222138516145
259.0129	8.077	0.0382	-2.386239512530078
259.0278	1.04	0.00918	-3.2194706671538746
259.0278	2.431	0.992	-0.010437621753083126
259.0281	3.133	0.615	-0.5195235009048748
259.028	0.58	0.812	-0.24482373224688328
259.0415	5.754	0.399	-0.8804353225482673
259.0432	5.928	0.452	-0.7825749254351244
259.0561	2.484	0.49	-0.7167042483133123
259.0568	7.075	0.0236	-2.6662204387458677
259.0635	0.559	0.823	-0.22904986407755742
259.1067	0.982	0.127	-1.6627757186629963
259.1292	0.516	0.131	-1.6448794876645718
259.9865	3.126	0.121	-1.6941490291244994
260.0231	7.103	0.0377	-2.3943506552014293
260.0249	3.739	0.124	1.6815822117229686
260.0473	2.62	0.285	-1.1297305656222043
260.125	7.968	0.897	-0.13291383200976625
261.0071	2.319	0.0127	-3.030385000544602
261.0072	0.592	0.298	1.0980335265035905
261.0072	0.741	7.54e-5	6.430181758847705
261.0072	4.508	0.0216	-2.7186496547446146
261.0072	4.791	0.18	-1.4412955318592782
261.0073	3.254	0.654	-0.46158779587235005
261.0075	3.387	0.712	-0.37987456062049335
261.0198	3.384	0.819	0.23474864657642933
261.0216	3.272	0.821	-0.2320381652664612
261.037	0.533	0.221	-1.3050329569223527
261.0726	5.684	0.646	0.4742495104597048
261.0875	3.343	0.0939	-1.8508543513570006
262.1042	7.536	0.3	-1.0925313314689638
262.9863	5.091	0.618	-0.514726362052105
262.9864	7.93	0.00458	-3.634130469875974
263.005	0.777	0.00151	4.320095319931348
263.0063	1.022	0.806	-0.25187962604174763
263.0088	4.073	0.618	-0.5153411739614269
263.0226	2.25	0.00546	3.5281150118899802
263.0227	4.475	0.685	-0.4171364305675098
263.0228	3.822	0.158	-1.5252775144121362
263.0228	4.652	0.246	-1.232892268146732
263.0229	3.849	0.185	-1.422657339601457
263.0346	3.882	0.48	0.7332031022784993
263.0577	4.057	0.805	-0.2534522369273313
263.0885	1.035	0.104	-1.7888717096543802
263.0951	3.642	0.117	-1.7155325902969953
263.1036	1.088	0.2	-1.373027790110346
263.1043	0.539	0.272	1.162300533675742
263.1047	3.327	0.25	1.222475304323469
263.1047	3.349	0.357	-0.9656250253628702
263.1129	0.556	0.354	0.972128900109969
263.1397	0.54	0.469	0.753188206144094
264.0545	5.686	0.419	-0.8434626800827557
264.1166	3.307	0.124	1.6783166230897821
264.1167	3.376	0.0798	1.9494865001351147
264.9274	10.093	0.523	-0.6615251276244082
265.002	2.224	0.413	0.8537514802349617
265.072	0.886	0.913	0.11239613149394237
265.1037	1.014	0.0826	-1.9287589037601351
265.109	3.361	0.712	0.38003149169254524
265.1184	0.981	0.102	-1.8008728145732058
265.1324	1.023	0.00666	-3.409665236250625
266.0852	0.845	0.627	0.5006212269688058
267.0727	4.074	0.621	-0.5096193192381993
267.1082	0.806	0.859	-0.18255484849660628
267.1097	6.145	0.834	-0.21519131676416894
267.1234	0.816	0.573	-0.5825097224532
267.1341	0.515	0.723	-0.36510303728056726
269.0662	4.768	0.443	0.798938210182871
269.1027	0.548	0.545	0.6272657236768222
269.136	1.005	0.0135	-2.994600035925291
269.1391	0.838	0.243	-1.2401575783526355
269.1504	0.514	0.751	-0.32662844941278185
269.161	0.525	0.604	0.5348925348709329
270.0617	5.7	0.136	1.6236079606699443
270.1343	0.521	0.748	0.3306751038390671
271.1548	0.788	0.619	0.5124587985649587
272.9588	10.091	0.648	-0.47025463322707023
272.992	1.032	0.0303	-2.5218706973010967
273.0072	0.641	0.782	-0.284707452823884
273.0076	3.344	0.389	-0.8999698927688796
273.0173	3.345	0.549	-0.6199451133104235
273.0419	5.136	0.751	0.32654048820317916
273.1339	0.813	0.336	-1.0101362997739876
273.1703	0.849	0.193	-1.3950891532512586
274.0023	5.058	0.593	0.5524878204242514
274.0025	5.546	0.458	-0.7721683073324882
274.0025	5.671	0.168	1.4853642578434114
274.0389	3.005	0.391	-0.895633347858652
274.0389	3.032	0.574	-0.5819084995264431
274.9864	3.583	0.00289	-3.915078609421446
274.9977	8	0.191	1.4017474236911809
275.0227	1.969	0.16	-1.5169240189860411
275.0227	3.422	0.00643	-3.4305125326132173
275.0228	3.571	0.0761	-1.9779772417932258
275.0538	5.698	0.976	-0.03141520924931108
275.0558	2.36	0.00319	-3.8549501755911533
275.0709	4.9	0.0736	-1.9982336457904302
275.0732	2.439	0.0231	-2.6795668526041196
275.0746	3.503	0.878	0.15697879368451118
275.1067	0.515	0.471	0.749333554609499
276.0026	3.407	0.664	0.4472584419497843
276.0545	3.638	0.909	0.11747871997274344
277.0018	2.969	0.727	0.35935835281663137
277.0019	5.486	0.383	0.9118245482384144
277.0733	3.48	0.0074	-3.3469661051017474
277.0733	4.519	0.0987	-1.8202790082043603
277.0844	0.837	0.0533	-2.190254254507138
277.1076	0.844	0.0192	-2.788811793467005
278.0704	4.755	0.00677	-3.4001366484095383
278.1422	0.538	0.829	0.22164132572341255
279.0017	1.018	0.464	-0.7606495862509207
279.0173	4.922	0.166	-1.4930300089755442
279.0176	0.702	0.911	0.11507399307195003
279.0528	5.579	0.202	-1.3661881462498333
279.0528	6.074	0.175	-1.4595202824876616
279.0529	5.648	0.944	0.07173332389420337
279.068	2.262	0.00723	-3.361011930200404
279.0718	6.427	0.329	-1.0255172627950127
279.0893	4.848	0.518	0.6695300433743496
279.089	3.497	0.06	-2.119973913952656
279.0975	4.922	0.616	-0.5172485234748639
279.1234	0.839	2.79e-5	-7.239883896770318
279.1271	0.55	0.367	0.9440423524809513
279.1346	0.94	0.448	-0.790527279899952
280.0285	5.418	0.758	0.31726460816907165
280.079	0.509	0.144	1.5852392079456719
281.0251	3.123	0.0264	-2.6025465801170085
281.1025	0.843	0.271	-1.1660834732077558
281.1132	0.515	0.677	-0.42847792055928285
282.0471	0.951	5.82e-4	-4.946150320693153
282.047	0.513	0.459	-0.7695713728047334
283.0279	2.454	0.162	-1.511373277021957
283.0297	5.702	0.497	0.7043748744221849
283.0424	5.698	0.396	0.886010705885082
283.0821	4.197	0.12	1.7017745131344875
283.1184	0.938	0.825	-0.22648808376735569
283.1548	0.836	0.013	-3.0152677660207727
283.1649	0.513	0.83	-0.22067933695909298
284.0773	5.465	0.255	-1.2070289851696352
285.0433	2.145	0.572	0.5842721879212246
285.0436	0.548	0.189	-1.4109982044332852
285.0453	5.683	0.603	-0.5373863513747309
285.0591	5.672	0.496	0.7072549251381882
285.097	0.525	0.223	-1.2985580080953008
285.134	0.984	0.00457	-3.6359057186218258
286.0026	3.257	0.197	-1.3810851232752166
287.0229	1.479	0.0573	-2.147125227226617
287.0229	1.497	0.0492	-2.237213753190628
287.0407	5.683	7.3e-5	6.4549777566079
287.0519	6.124	0.773	-0.29668790349159063
287.0951	0.56	0.126	1.6678652057801708
287.1496	0.972	0.0994	-1.8158530987656425
287.1498	0.782	0.632	-0.49381516597123837
288.0526	5.655	0.905	-0.12274268985344569
288.0874	0.844	0.0795	-1.9519077162976661
288.0876	2.429	0.0258	2.615470987235959
288.1198	6.673	0.814	-0.24184415352317037
288.1267	0.515	0.22	-1.3074001619739297
288.6192	4.946	0.133	-1.6353764852636072
289.0021	2.845	0.0223	-2.699991453998319
289.002	3.528	0.0443	-2.2989857764871737
289.0147	2.488	0.91	0.11562504509960264
289.0184	3.811	0.258	1.1993733147386094
289.0318	2.546	0.0924	-1.8610306013798399
289.0381	3.994	0.0963	-1.835802747806826
289.0383	0.566	0.0538	-2.1844459222824364
289.0524	2.13	0.694	-0.404543942584769
289.0578	2.417	0.0721	-2.010354992478259
289.0693	5.7	0.541	0.6331887647450797
289.0903	3.51	0.959	-0.05315681772523984
289.1652	1.004	0.407	-0.8650917028389158
291.0177	2.075	0.13	-1.6500039123389318
291.0358	0.557	0.822	-0.23160541296759488
291.089	3.499	0.0676	-2.0492809798925147
291.089	3.631	0.106	-1.775010130094758
293.0154	3	0.307	-1.0768731209836218
293.0332	3.975	0.0663	-2.0610775797719345
293.0335	4.024	0.463	-0.7627719224088887
293.0488	5.594	0.795	-0.26721818344076886
293.0489	5.557	0.116	-1.7205463230894218
293.0525	6.038	0.704	-0.39116447732398646
293.0802	0.982	0.0191	-2.789220274612505
293.0831	2.201	0.311	-1.066857249495876
293.0833	2.178	0.186	-1.42032536013823
293.0874	5.69	0.49	0.7170611740935775
293.1046	3.527	0.0769	-1.9722606075332736
294.1347	0.513	0.795	-0.26687805032142436
295.0276	3.194	0.658	-0.4561388082764515
295.0465	5.68	0.922	0.10067781301372658
295.0609	2.406	0.126	-1.6683334665734864
295.0609	2.42	0.144	-1.583512384359309
295.0612	3.17	0.00925	-3.2152047494493754
295.0816	4.004	0.00481	3.6041318879833213
295.1203	3.636	0.101	-1.804866053045484
295.1293	0.513	0.882	0.1520777689076453
295.1547	0.818	0.00759	-3.33217763941209
297.0971	0.537	6.87e-5	6.503253543302473
297.0995	3.753	2.96e-7	11.982071499447741
297.1338	0.84	0.0872	-1.8958608408483877
297.134	0.497	0.955	0.05768319096468621
298.0024	5.466	0.246	-1.231851901723549
298.0421	4.091	0.0805	-1.944018808286995
298.0748	0.514	0.286	1.1279528838087098
299.069	6.097	0.649	-0.46920591146515783
299.0764	4.607	0.683	-0.4206461303234597
299.0769	4.876	0.24	1.250642549596117
299.0984	5.442	0.262	-1.1878524331992555
299.1246	5.173	0.881	-0.15419341193113498
300.0195	3.182	0.00447	-3.649416283657338
300.0392	6.324	0.837	0.21116008617287207
300.0393	5.464	0.0203	-2.754925821538806
300.112	1.001	7.63e-6	-8.403201014587268
300.1267	0.968	0.00146	-4.3408389323828045
300.127	0.553	0.132	-1.640047956856881
301.0518	2.391	0.0427	-2.320430684755696
301.1111	0.545	0.31	1.068811271920381
301.1652	0.95	0.187	-1.4152347920469304
301.2015	0.509	0.493	0.7119063387367511
301.9973	2.602	0.425	-0.8313472791966499
302.1058	0.512	0.586	-0.5631191976177076
302.1142	4.079	0.949	-0.06603380284305227
302.1426	0.553	0.852	-0.1914226634833217
303.0177	4.041	0.104	-1.7912908690175358
303.066	2.439	0.0309	-2.5096642805678813
303.0719	4.804	0.0281	2.56646534102464
303.0869	2.422	0.00316	-3.8602029023483366
303.9888	4.817	0.886	0.14680058409474375
304.1218	0.512	0.823	0.22919424682257583
304.158	0.542	0.0981	1.8239095993608712
305.0333	4.102	0.0882	-1.8891065181161675
305.0336	1.426	0.0959	-1.8383494004829042
305.0691	3.3	0.438	-0.807022748205162
305.1047	3.486	0.352	-0.9772354838969075
305.1049	2.377	0.00595	-3.4770579563878043
305.1599	0.516	0.905	-0.12195897018189113
306.9948	1.951	0.0158	-2.9027471933744704
306.995	3.347	0.156	-1.535808292238191
307.0113	7.777	0.542	-0.6313299266259786
307.0117	2.104	0.135	-1.6253378489687733
307.0125	6.081	0.488	-0.720328433549307
307.0133	5.51	0.344	0.9933205737931953
307.0282	0.753	0.326	1.033106458842866
307.0288	0.574	0.716	0.3738613774619845
307.0839	3.473	0.00743	-3.3449396808241536
307.0839	5.094	0.432	-0.818562942729709
307.084	4.173	0.0532	-2.191137467789484
307.084	4.338	0.0734	-1.9996273261400344
307.084	5.158	0.527	-0.6560083152850796
307.1182	0.842	0.49	-0.7168338925302388
307.133	0.578	0.133	-1.6343590265911179
307.1508	8.821	0.203	-1.3620929738628529
308.0775	5.457	0.798	0.26315499514236296
308.0984	5.187	0.587	0.5613764122658574
308.0984	6.982	0.00617	-3.455406489274812
309.0078	2.406	0.168	1.488294383569309
309.0229	5.542	0.213	-1.3314310867813033
309.042	0.548	0.0951	-1.8430547727950244
309.0633	5.678	0.767	-0.30496019583747663
309.0633	6.215	0.319	-1.0476267966767905
309.0783	2.234	2.96e-4	-5.412113129615256
309.0785	2.268	0.00129	-4.4241779577654015
309.0994	3.647	0.121	-1.6946446613800719
309.9692	3.839	0.846	0.1991386966330288
310.1153	3.36	0.999	-6.466300777827011e-4
311.0568	3.442	0.126	1.6677649822351988
311.056	2.651	0.0166	-2.8712627969983595
311.0736	4.073	0.401	0.8767507573819767
311.0767	4.586	2.42e-4	5.5575830997613025
311.0771	4.042	0.195	1.3901609109959963
311.0929	2.301	4.13e-4	-5.180678235980022
311.0952	0.55	0.085	-1.911503609686469
311.1152	4.85	0.544	0.6274336715646599
311.1504	0.977	0.075	-1.9867594369297479
312.0317	3.986	0.488	-0.720328433549307
312.1266	0.909	0.00952	-3.198157925836647
313.023	5.662	0.951	-0.06322938293446104
313.0919	5.697	2.26e-8	15.699158174254716
313.0927	4.354	0.00283	3.9274563309803034
313.1652	0.951	0.051	-2.216820765226927
313.238	0.496	0.531	-0.6494697689556502
314.1055	0.512	0.828	-0.22324027072756414
314.1424	0.513	0.0195	-2.7796343095646145
315.0699	3.297	0.0783	-1.9610081940248825
315.0716	4.799	0.815	0.2406404876554654
315.0719	5.501	0.952	-0.062119359185231225
315.0831	3.586	0.0298	-2.532127520235693
315.1808	0.91	0.0259	-2.613017788590209
316.1207	2.075	0.0049	-3.5938409750074496
316.1208	2.204	0.00128	-4.42886665462132
316.1217	0.51	0.557	0.6075195469794563
317.0326	2.294	0.715	-0.3758514343074184
317.032	2.39	0.588	-0.5598978456948073
317.0446	2.457	0.0142	-2.963222178369174
317.0667	2.147	2.96e-4	-5.41165665480598
317.0686	5.121	0.595	-0.5485744994036842
317.0854	3.496	0.737	0.34522728245519774
317.11	8.01	0.939	-0.07857846545873429
317.1237	0.522	0.463	-0.7638678046044048
317.1597	0.517	0.114	1.7291810818957642
317.1602	3.057	0.14	1.6016563009608462
318.0761	2.4	0.179	-1.4446573276968615
319.03	3.986	0.132	1.6414438076009712
319.0668	4.881	0.255	1.2064019612666539
319.0671	5.695	0.846	0.19973210717301995
319.0839	3.477	0.0968	-1.8325935308567665
319.1392	0.518	0.223	-1.2994493920482595
320.1516	0.52	0.425	0.8316268265964999
321.01	2.453	0.168	-1.4855541552916744
321.0631	3.67	0.128	-1.6578648965949865
321.0787	2.11	0.222	-1.30129548045208
321.0824	6.52	0.684	-0.41888985377231747
321.0996	3.48	0.11	-1.7519605832452483
321.0996	4.109	0.267	-1.1744072328306545
321.1908	0.499	0.901	-0.12773449408426765
322.1117	3.713	0.6	-0.5412908346468885
323.0227	0.552	0.407	0.8660205551771482
323.0557	2.493	0.347	-0.9858479985185268
323.0573	0.537	0.38	-0.9183211184360868
323.0577	4.005	0.358	-0.9634697814543969
323.0593	6.042	0.0112	3.102641171928018
323.0789	5.679	0.17	-1.4775237144692481
323.0937	2.289	0.0679	-2.0467995637072214
323.094	2.167	0.196	-1.3848961938756774
323.1456	9.146	0.188	-1.413703396898788
324.067	0.537	0.606	-0.5320292920042854
324.0722	6.11	0.927	-0.09348844776682688
324.0723	6.186	0.781	0.2850377980782489
324.0725	5.673	0.0245	2.6456737424475536
325.0364	3.989	0.042	-2.3309623566147355
325.0388	3.005	0.205	-1.3563521627360189
325.0719	2.459	0.36	-0.9590461836913103
325.0923	3.905	0.414	0.8528822795034459
325.0944	5.667	0.144	-1.5856415895922402
325.1094	2.39	0.00283	-3.9271486760646646
325.1287	0.52	0.408	-0.8637996936248457
325.1689	1.04	0.00431	-3.671570582136456
326.0827	0.551	0.137	-1.6177162541297714
326.0864	6.015	0.374	0.9309722792431173
326.088	5.533	0.277	1.148893637200281
326.0987	3.437	0.563	0.5976832373587528
326.099	3.389	0.948	-0.0674085953099937
326.1102	4.91	0.913	0.11150670531560242
327.0325	4.016	0.127	-1.6622727186810173
327.0724	2.431	0.0622	-2.0988858945461093
327.089	3.578	0.0472	-2.2626378709358343
327.089	3.629	0.0548	-2.173690431378349
327.1074	0.558	0.836	0.21245311972706513
327.144	0.519	0.0105	-3.1429256167919113
328.0917	5.509	0.201	1.3675962552976866
329.0695	3.881	0.997	-0.0037558943700579366
329.0847	1.822	0.665	-0.446653227997662
329.0873	5.474	0.598	0.545249007092773
329.1058	0.558	0.158	-1.5257451195517264
329.1364	0.84	0.335	-1.0133558567120042
329.16	0.517	0.397	-0.8844413882553455
330.1373	0.513	0.0963	-1.8353785664823052
331.0999	3.452	0.697	0.40069993821609035
331.1214	0.588	0.0107	-3.130190341800985
331.12	2.389	9.29e-4	-4.634880166197432
331.161	1.03	0.0283	-2.561896304834054
331.176	0.516	0.493	-0.7112605646750778
332.152	0.513	0.216	-1.321694519383545
333.0072	3.165	1.74e-5	7.648725115712767
333.0076	2.172	1.28e-5	7.926608053535604
333.0077	2.22	5.44e-6	8.7296560986595
333.0245	8.134	0.214	-1.3269255385052088
333.0995	3.49	0.778	-0.28998408965528033
333.2065	0.498	0.813	-0.24317892555315618
334.1252	7.52	0.263	-1.1862580930476174
335.0228	2.013	9e-6	8.248511779201314
335.0421	6.09	0.292	-1.1122734578102225
335.0788	4.048	0.524	-0.6598649284705688
335.095	0.782	0.0284	-2.559199095867889
335.1151	3.621	0.201	-1.3691650499907313
335.115	3.507	0.238	-1.2546526003833758
335.1864	0.5	0.357	0.9646984724662823
336.0351	2.633	0.261	1.1921263356084346
336.0667	0.577	0.164	-1.502033710785702
336.0668	3.29	0.0129	-3.0212430687195777
336.0721	4.991	0.455	-0.776593997362757
336.0894	1.988	0.264	-1.18229613268398
337.0375	2.682	0.0183	-2.81604690945312
337.0384	3.521	1.06e-4	6.166850875666893
337.0387	0.585	0.00915	3.221752987802009
337.0561	4.657	0.333	-1.0169336258737398
337.0938	3.48	0.0328	-2.4748953631060564
337.1097	0.926	0.00758	-3.3329958277739733
337.1491	0.533	0.743	0.33656403411144875
337.1498	3.7	0.79	-0.2735625490127498
338.0519	5.673	0.0253	2.6266973153183546
338.0857	5.513	0.937	-0.0806455972172792
338.0875	5.702	0.42	0.8401377412208152
338.0878	4.821	0.544	0.6284916563782676
338.088	4.942	0.397	-0.8847557412872223
338.1174	5.405	0.451	-0.7837399588895806
338.1175	7.123	0.34	-1.0026746116761918
339.065	3.661	0.139	-1.6061896565625766
339.0737	6.209	0.913	0.11250691211992411
339.0739	6.241	0.459	-0.7702847096623922
339.0892	3.494	0.1	-1.8113810627621303
339.089	3.56	0.183	-1.4322872180988626
339.1076	3.545	0.409	-0.8612329641281923
339.1079	0.546	0.164	-1.5028811778680262
339.1194	3.617	0.112	-1.7453533295967458
339.1808	0.89	0.016	-2.8927109038359227
339.1848	1.034	4.42e-4	-5.133251997096773
340.1028	0.559	0.746	0.3331349616580354
340.1245	4.553	0.357	-0.9651867806930572
340.1245	4.57	0.572	-0.5843838372166906
340.1245	5.186	0.153	-1.5456962704162571
340.1259	4.777	0.61	0.5268496057719454
340.1549	3.953	0.345	0.990259100302999
341.0323	2.697	0.0484	-2.2473196902543613
341.0679	2.499	0.752	0.32541925502001107
341.0875	4.696	4.63e-4	5.100854654035458
341.1043	3.624	0.0129	3.018665310736211
341.1086	6.451	0.507	-0.68865091327385
341.1236	0.523	0.00824	-3.283702724109343
341.1236	3.922	0.907	-0.11951168485924542
341.1238	3.166	0.00618	-3.454624526986558
341.1536	6.145	0.338	-1.0066523693189724
341.1963	0.855	0.0352	-2.4348314518310517
342.1008	0.561	0.0425	-2.3237386880491586
342.1012	3.76	0.961	0.050029164704410996
342.1401	4.801	0.107	1.771608013978591
342.1553	4.352	0.979	0.027546339207386878
342.1555	3.661	0.608	-0.5294783093961247
342.1556	0.557	0.81	0.24634067779150773
343.0389	3.833	0.00994	3.1728932609744818
343.0528	8.034	0.0716	-2.014890565845449
343.0667	4.941	0.448	0.7902255025252699
343.0672	6.081	0.07	2.0284297735333485
343.0855	2.702	0.312	-1.064373937121344
343.0889	3.595	0.741	-0.34040128882405013
343.1392	3.936	0.0144	-2.954145118682064
343.1393	0.52	0.00328	-3.8373730970334328
343.1394	3.094	0.0105	-3.1384325904631605
344.1164	0.533	0.854	-0.18924092498908143
345.028	2.521	0.929	-0.0909856079503251
345.0646	0.556	0.573	0.5834191846855886
345.0795	2.084	0.00905	-3.2281150597733164
345.0837	3.659	0.587	0.5619042712374245
345.0987	2.126	0.0211	-2.733254039856978
345.1184	3.328	0.777	-0.290824413498911
345.1404	1.027	0.00124	-4.446608263562685
345.1552	0.548	0.00481	-3.6044554146770635
345.1552	3.921	0.00948	-3.2005419737329173
345.155	0.983	4.81e-4	-5.074852335650942
345.1675	3.926	0.0275	-2.577965218459827
346.0776	4.14	0.199	1.3754836567975322
346.1321	3.621	0.248	-1.227017798554453
346.1323	0.513	0.201	1.3694545081357503
346.9896	1.85	0.461	0.7658687694982741
347.0644	3.426	0.492	0.7132250021197156
347.0747	6.014	0.701	0.39542824316694775
347.0769	3.657	0.692	-0.4077331715056767
347.076	2.334	0.00582	-3.490790289035872
347.0888	4.926	0.193	-1.3946069620874932
347.0935	2.377	0.00106	-4.548038694286122
347.1054	3.328	0.679	0.4268148660493183
347.1054	3.351	0.402	0.8751474873649806
347.1705	3.994	0.129	-1.6545401706292036
347.1706	4.809	0.151	-1.5562693501861518
348.0905	0.595	0.725	0.3622303588220825
348.1105	4.903	0.0864	-1.901566166218914
348.1473	0.523	0.736	-0.34647836943839616
348.5347	2.62	0.665	0.44669556553076395
349.002	2.669	1.65e-5	7.69784962055194
349.0213	7.922	0.608	-0.5292714505657437
349.039	3.936	0.151	-1.5560662211177614
349.0593	2.431	0.218	-1.3159646123859177
349.0943	3.648	0.334	-1.014871942743436
349.1248	5.186	0.0795	-1.9518394566832247
349.1248	5.438	0.637	-0.4870807189735864
349.2019	0.51	0.0899	-1.8773559771791188
350.0879	4.725	0.917	-0.10639976231870404
350.1261	4.787	0.016	2.892485445798543
350.1635	0.57	0.863	-0.17743715970491106
351.0376	7.763	0.706	-0.38795200031954197
351.0566	8.859	0.0351	-2.436142610567836
351.0893	2.059	0.0396	-2.3647176521847144
351.1053	2.385	0.0114	-3.089814108392305
351.1173	3.296	0.0106	3.132797099915725
351.1268	3.641	0.0243	-2.6509433301504224
351.1655	0.545	0.227	-1.2864948575475907
352.0712	1.03	0.0165	-2.8768959980243594
352.0857	1.363	0.42	-0.8413086439780147
352.0858	0.661	0.739	-0.34230403338331256
353.0331	2.172	1.35e-5	7.874678340408169
353.0334	2.232	2.37e-5	7.380396642723067
353.0557	1.293	0.699	-0.398239069689493
353.0847	3.54	0.503	-0.6948183518939133
353.0888	1.003	0.0269	-2.5919759464029517
353.0894	5.683	0.622	-0.5087270942495133
353.0894	6.244	0.172	1.4726615445423372
353.1042	2.363	0.0263	-2.6032816284256435
353.1198	4.773	0.992	-0.010587739589761674
353.1236	1.057	0.0371	-2.402849041617095
354.101	0.567	0.337	-1.0077967335665832
355.0323	2.199	2.33e-6	9.591694637358792
355.0469	0.537	0.22	-1.3078510424424474
355.084	3.477	0.00211	-4.1109394914995665
355.1046	5.684	0.265	-1.1797893396172203
355.1198	2.415	0.0243	-2.650332661911335
355.1392	0.537	0.525	-0.6587637740876788
355.139	2.92	0.138	-1.6134992838059565
356.0984	4.734	0.0156	-2.9086327972323267
356.0985	4.988	0.883	0.15128519489293663
356.0986	5.69	0.352	0.9757056939006674
356.1167	0.565	0.74	0.34084651840052327
356.1531	0.526	0.169	-1.4840762775282526
357.0817	5.431	0.888	0.14504113446590086
357.0822	3.942	0.726	-0.3599570552558116
357.0822	4.307	0.971	0.036866836372640606
357.1011	2.685	0.615	0.5193257679110416
357.1019	0.569	0.401	0.8778356273315288
357.1184	4.427	0.027	-2.5892732406228824
357.1912	0.943	0.291	-1.1146604110032448
358.132	3.491	1.15e-6	10.361811599735303
359.0346	2.582	0.965	0.04526965089994289
359.0581	3.057	0.789	-0.27458953480922427
359.0801	0.561	0.975	0.03227787897523705
359.0981	5.122	0.581	0.5697463976384755
359.0981	5.715	0.481	0.7322907150808297
359.1156	0.557	0.44	-0.8043230854068482
359.134	0.536	0.0709	-2.0207037649185744
359.1707	0.969	0.0243	-2.650168017572351
360.1841	0.558	0.812	-0.24455389944772016
361.0709	0.548	0.974	-0.03310447986748745
361.0718	3.973	0.786	-0.2793210967248972
361.0904	5.706	0.124	1.6788657235471112
361.1028	5.97	0.187	1.4174132175622889
361.1209	3.29	0.977	-0.02897137328417818
361.12	2.246	0.148	-1.5696569670041045
361.1498	0.533	0.642	-0.4796841083093515
361.1498	5.087	0.0025	-4.003743487699035
361.1499	3.707	0.128	-1.657921816797238
361.1499	4.125	0.535	-0.6426306673715446
362.028	5.344	0.861	0.1800016713439653
363.0179	2.025	1.12e-5	8.044682539187543
363.0285	3.294	0.0991	1.8180596574854655
363.0285	3.439	0.224	1.2966332097789406
363.0705	4.001	0.258	-1.1981973759178886
363.0706	2.372	0.00819	-3.2869381678135845
363.0752	3.254	0.38	-0.9187866789910949
363.0857	2.443	0.011	-3.1123199133190917
363.1077	2.178	0.886	-0.14749011539809323
363.1655	0.542	0.472	-0.7467400107395981
363.1655	4.146	0.67	-0.4384176718927234
363.1799	0.52	0.642	0.47927151239209514
364.0847	1.046	4.64e-5	-6.817563184885015
364.0853	0.563	0.028	-2.5678001339960246
364.0955	3.54	0.143	-1.5890606071509048
364.0972	0.554	0.164	-1.502385437621954
365.0183	8.227	0.954	-0.05963174990328591
365.0531	6.568	0.538	-0.6373275899165435
365.1096	4.1	0.1	-1.8117620359270479
365.1351	6.514	0.13	-1.6489187649104808
365.1425	0.559	0.0473	-2.2611345351929693
365.1964	0.512	0.64	0.48188880266200196
366.0821	3.731	0.11	-1.753274771086969
366.1011	0.567	0.369	-0.9398722049767765
367.0118	2.491	0.59	0.5563468807731945
367.0119	2.609	0.736	-0.3466759697355638
367.0828	2.357	2.85e-4	-5.43921135033887
367.1049	5.136	0.465	-0.7602618535114931
367.1051	4.107	0.986	-0.017686620971245195
367.1133	5.469	0.431	-0.8201066143869495
367.1156	5.688	0.523	-0.6618868353446496
367.1391	0.519	0.442	-0.8011846548148092
367.1579	1.338	0.379	0.9204910947649416
367.1582	0.557	0.217	1.3181361650896115
367.212	0.875	0.0105	-3.1422808857349724
368.0543	2.66	0.133	-1.6332948415259279
368.0807	3.064	0.632	-0.4936827513691774
368.0985	4.469	0.126	1.6716350488411857
368.1164	0.563	0.139	-1.6079076808997335
369.0281	4.932	0.16	-1.517030618003799
369.0507	1.9	0.881	-0.15322461981080665
369.0843	6.594	0.269	-1.1707225444640268
369.0995	3.487	0.215	-1.3224769186547642
369.1208	5.681	0.139	-1.6057124700866683
369.1312	0.552	0.601	0.5394196624974935
369.1547	0.523	0.778	-0.28923686114234926
369.1736	1.402	0.189	-1.4088998681219755
369.1739	0.556	0.379	-0.9199601729170491
370.0777	4.777	0.118	-1.7128027569009343
370.0777	7.194	0.412	0.8563287228231389
370.0962	2.969	0.0455	-2.284172499973667
370.1324	0.553	0.0517	-2.208379046543411
370.1613	5.455	0.399	0.8810177230852697
371.0942	2.275	0.119	-1.7047952034357374
371.0979	5.681	0.0358	-2.4250388912759595
371.1155	4.831	0.714	0.3765918509958489
371.137	5.203	0.0282	-2.564049679913213
371.1712	0.531	0.384	-0.9107023649854915
372.0936	4.817	0.157	-1.5303912149063994
372.1476	0.515	0.403	-0.8732265861019718
372.1824	0.563	0.597	-0.5454271644020098
372.9904	4.024	0.488	-0.720328433549307
373.0618	1.02	0.128	-1.6586488063015816
373.0775	7.367	0.488	-0.720328433549307
373.1121	3.415	0.118	-1.7097362868779569
373.1136	4.555	0.204	-1.3596236054369266
373.1499	0.521	0.817	-0.23761033236599388
373.1519	4.556	0.925	0.0961980682648462
373.1862	0.927	0.0936	-1.8528088096640876
374.1159	2.313	0.427	-0.8273536560598838
375.0208	1.56	0.221	1.30654455397677
375.091	3.638	0.479	-0.735284105869005
375.0929	6.899	0.488	-0.720328433549307
375.1189	4.534	0.565	0.5950376071423703
375.1293	5.379	0.00859	-3.2588231575691076
376.2119	0.518	0.731	0.3537034402261676
377.0534	3.749	4.03e-5	6.932484369747054
377.0853	6.452	0.824	0.22864423738036685
377.0894	5.128	0.884	-0.15032082957460427
377.114	3.199	0.0992	1.817566197692524
377.1447	5.659	0.0398	-2.362181710881349
377.1809	0.526	0.508	-0.6865013258796971
377.196	0.515	0.957	0.05591789879785623
378.1013	0.561	0.51	-0.683519009080118
379.0335	7.386	0.346	0.9885376261283554
379.0685	6.344	0.631	-0.49472494313541365
379.0686	4.02	0.981	0.023821376873062152
379.1048	4.043	0.467	0.7556393246436452
379.1403	0.524	0.697	-0.4013923639437148
379.1601	0.575	0.753	-0.3240338887294817
379.1604	4.758	0.263	-1.185870074219204
379.1606	5.126	0.813	0.24302311353195677
379.1966	0.529	0.0983	-1.8228121254991163
380.1156	0.558	0.831	-0.21939815869722848
381.0129	8.686	0.656	-0.4594738314070169
381.0996	3.658	1.6e-4	5.856517874901549
381.1368	3.661	0.116	-1.719919092349361
381.1378	0.984	0.00375	-3.7559101880862964
381.137	0.563	0.0288	-2.550404883041962
381.1544	0.536	0.486	-0.7237899194856873
381.1547	2.676	0.557	-0.6079064261756173
382.1367	0.564	0.648	-0.47125711681870985
383.0437	4.326	0.364	-0.9510986898191304
383.0963	0.55	0.845	-0.2001689576946865
383.0977	4.787	0.201	-1.3688374092087199
383.1166	1.001	0.00997	-3.1708795006922834
383.1188	6.011	0.0161	-2.8893536680467045
383.1527	0.571	0.286	-1.1269085492696207
383.153	2.502	0.0896	-1.8795807804021465
383.1703	0.521	0.0315	2.498441548190285
384.0756	3.321	0.626	-0.5024170638665656
384.9454	1.825	0.709	-0.38333443987111876
384.9455	1.844	0.595	0.5483993548537818
385.0454	3.618	0.201	-1.3701437745599405
385.0755	3.251	0.455	-0.7777775710438529
385.1682	2.449	0.0323	-2.4843775228655764
385.1683	3.375	0.0954	-1.8415851529093483
385.168	0.573	0.23	-1.2793773955550152
385.1859	0.519	0.84	0.2077435672851752
387.0248	3.58	0.214	1.326786255956806
387.0737	5.124	0.999	-9.95095731067363e-4
387.1653	0.52	0.288	-1.1214592456363834
387.1654	3.687	0.155	-1.5399488341585503
387.1655	3.016	0.257	-1.2021871978491525
387.1794	0.529	0.731	0.3534168155435176
387.2017	0.89	0.049	-2.239781773492682
387.2018	0.521	0.932	-0.08753401372692876
388.0434	4.724	0.586	0.5633294999190193
388.0864	2.467	0.138	-1.6102842671637203
389.0876	3.478	0.111	1.750698207804427
389.0906	0.595	0.992	-0.010765440460915965
389.0908	2.885	0.104	-1.7880990763606417
389.0984	3.675	0.176	-1.456022469021936
389.111	3.877	0.227	-1.2885870317102692
389.1472	0.558	0.0945	-1.846911478688879
389.1811	0.522	0.489	-0.718402808744888
389.2172	3.549	0.396	-0.8862423874961214
390.2148	3.506	0.243	-1.242113501855434
391.1038	4.212	0.131	-1.6454605817202659
391.1312	3.391	0.571	0.5854129225347726
391.1314	3.291	0.868	-0.16996325291929087
391.1405	0.537	0.526	-0.6573441769043731
391.176	0.535	0.775	0.2935367354226651
391.1964	0.519	0.237	-1.257273918578565
392.1165	0.562	0.0143	-2.960603246842917
392.1204	3.651	0.183	-1.4318525876293227
393.0106	4.036	0.488	-0.720328433549307
393.0116	3.844	0.0309	2.510820135777606
393.1028	4.961	0.84	0.20774355917164203
393.9848	4.068	0.488	-0.720328433549307
394.046	3.795	0.164	-1.500035825708091
394.1352	5.7	0.688	0.41373839981948185
395.0427	2.519	0.943	-0.07371676009218922
395.0635	7.741	0.412	0.8558257501217752
395.0636	6.682	0.292	-1.1117894737739948
395.0644	1.738	0.403	-0.8725249389931521
395.0644	1.898	0.848	0.19675755784244037
395.1141	1.956	0.233	-1.2694758892206455
395.115	3.303	0.0175	-2.843136338928765
395.207	0.516	0.869	0.16930459313918478
396.1237	4.366	0.97	0.038386190321286595
396.1292	0.558	0.706	0.3882680972772743
396.1296	3.893	0.187	1.416210348926559
397.0538	5.353	6.71e-6	8.525726041944566
397.0731	0.584	0.442	-0.8013868345422206
397.095	1.037	0.0871	1.896858655436716
397.1261	4.74	0.0192	-2.7869621841744325
397.1353	1.015	0.0674	-2.050923963847855
397.1493	3.687	0.527	-0.6556118761726699
397.15	0.541	0.668	-0.4419458411194719
397.186	0.518	0.708	-0.3859775524938425
398.9611	1.68	0.674	0.4338384309711114
399.0247	3.89	0.829	-0.22223579412088348
399.0615	2.081	0.23	-1.2770344763312675
399.095	6.659	0.147	-1.5716976195178867
399.095	6.765	0.0501	-2.227260247028174
399.1089	4.124	0.684	0.4194941925684433
399.1654	0.559	0.844	-0.202548220028152
399.1654	4.031	0.255	1.2073278217649213
399.1655	3.938	0.268	-1.1720628281566465
400.1427	0.588	0.401	-0.8766967385120393
400.1428	3.49	0.612	-0.5239246148401625
401.0404	3.556	0.623	-0.5067914028638216
401.0691	5.126	0.146	-1.5749474087773492
401.0891	4.883	0.341	-1.0000310426876966
401.1035	2.348	0.153	-1.5482140262104982
401.1091	3.78	0.0796	-1.9512547274019707
401.1267	0.551	0.432	0.8196214781977325
401.1446	4.261	0.513	-0.6789750192914596
401.1809	0.543	0.578	-0.5744247613907637
401.194	3.928	0.326	-1.033171939694893
403.0553	2.354	0.882	0.1527984210607794
403.0557	2.292	0.889	-0.14358279583219777
403.065	4.531	0.375	-0.9279693438449949
403.0875	7.396	0.488	-0.720328433549307
403.1027	3.097	0.0575	2.145631019626545
403.1968	4.623	0.966	0.043211237541174556
404.1085	0.533	0.304	1.0838674089212808
405.1033	6.178	0.488	-0.720328433549307
405.106	1.028	0.374	-0.9308799882222671
405.1177	2.095	0.0394	-2.3680678094556193
405.1196	0.54	0.434	0.815402158579839
405.1259	0.956	0.0052	-3.5576558987517206
405.1471	3.381	0.989	0.01353748064572212
405.1761	0.547	0.677	-0.4292822762646545
405.1761	4.642	0.672	-0.4367831821119465
405.2124	4.811	0.356	-0.9687480476911312
406.1143	3.661	0.58	-0.5722158907976358
407.0272	8.433	0.078	-1.9631219022720794
407.0996	4.018	0.449	-0.7883461726884893
407.1007	3.863	0.177	-1.4513394950901353
407.1705	0.517	0.824	-0.22856218400510417
407.2794	0.974	0.91	-0.11534517242019574
408.1502	3.977	5.67e-4	-4.963232499882106
409.1865	0.518	0.167	-1.4911692070518738
409.2232	0.514	0.616	-0.517499767878901
410.0405	3.753	0.161	-1.5136134695899905
410.1275	2.212	0.0401	-2.3583974305908724
411.1101	4.192	0.934	0.08464756575845178
411.1137	1	0.168	-1.487534988988971
411.1269	4.179	0.289	-1.1203894764050955
411.1293	0.569	0.0479	-2.253289706554195
411.1686	4.114	0.328	-1.028318164378052
411.1835	0.562	0.206	-1.3538539149815896
411.2018	0.521	0.0649	-2.073074911563281
411.2019	3.666	0.0238	-2.6613438027356833
412.1428	0.561	0.027	-2.588596935454122
412.9767	1.561	0.167	1.4915115514292192
413.1447	4.649	0.438	-0.8086321532744971
413.163	0.565	0.109	-1.7601729120550365
413.181	0.52	0.865	-0.17417057822786794
413.2172	0.519	0.0328	-2.475264127563246
415.0559	3.701	0.209	-1.3428075207667607
415.0559	3.74	0.669	-0.44063464811273634
415.1051	3.468	0.469	-0.7528172868801316
415.1602	4.918	0.0136	-2.988010709675724
416.1462	3.62	0.759	-0.3147447695321442
416.9353	1.747	0.145	1.5827548805563674
417.0557	5.758	0.616	0.5176629459305873
417.0998	3.083	0.264	-1.1832665747509252
417.1191	3.981	0.282	1.1363331600213582
417.2121	0.519	0.255	-1.2063125265225285
417.2123	3.159	0.357	-0.9663848055339931
417.2123	3.2	0.404	-0.8713596498767672
418.063	1.867	0.0819	1.9339041570268265
418.0986	3.628	0.322	-1.0410633460012935
418.1022	3.043	0.326	-1.033614398134257
418.1445	0.549	0.59	0.5559216328730082
418.1445	4.081	0.304	-1.0833512716924785
419.0982	3.161	0.417	0.8475679148781611
419.1429	3.43	0.868	-0.17100998819682156
419.2277	0.518	0.773	0.2960689076514932
421.0453	1.036	0.48	0.7335056179078481
421.0596	0.559	0.297	1.1000286968391313
421.0798	3.886	0.438	-0.8086248394154543
421.1145	2.311	0.127	-1.663374384432383
421.142	3.433	0.137	-1.6144897790285786
422.0579	1.881	0.78	-0.2867305303837212
422.058	1.714	0.771	-0.29851641218802977
422.1276	2.248	0.00674	-3.403083571316429
423.0221	8.465	0.0609	-2.1112651087677383
423.0586	7.921	0.269	-1.1703224226689113
423.1429	0.54	0.74	-0.3412578818858409
423.1472	0.555	0.0945	-1.8472216532025476
423.2739	0.505	0.282	1.136759994928766
424.0372	1.749	0.0216	2.7201736228873146
424.0564	3.444	0.318	1.0503983626053848
424.1437	0.564	0.051	-2.215915645006761
425.0374	8.429	0.0567	-2.1535735374964893
425.0401	3.52	0.741	-0.34000575804186695
425.1117	3.872	0.049	-2.2396691026949784
425.1127	0.56	0.955	-0.057373945043528704
425.1157	3.412	1.76e-5	7.639955213753192
425.1445	3.761	0.53	-0.6500570442356715
425.181	0.529	0.056	-2.1609120647494007
425.2133	5.414	0.924	-0.09803228244075622
426.1589	0.567	0.063	-2.0913079187797403
427.0568	3.396	0.156	-1.5350463054728833
427.0643	5.369	0.246	-1.2321476983517334
427.0695	3.454	0.0546	-2.176309681260981
427.0857	5.802	0.488	-0.720328433549307
427.1393	2.402	0.0027	-3.9576304061831706
427.178	0.573	0.0885	-1.8871568515045196
427.1828	1.023	3.22e-4	-5.3545305653761295
427.1967	0.523	0.005	-3.580950888065444
427.1967	4.119	0.00418	-3.689528070414007
427.2136	0.542	0.0294	-2.5396039011943037
429.0379	2.569	0.271	1.1648990374336572
429.072	0.525	0.459	-0.7706306850396931
429.0822	4.539	1.81e-6	9.862017678057224
429.1572	3.915	0.00108	-4.537806177345688
429.1759	0.524	0.904	0.12430085517757351
429.1931	2.274	0.176	-1.456961853484476
429.1931	2.307	0.18	-1.4404235024601046
429.2122	0.521	0.07	-2.0286926408952897
431.098	4.31	1.16e-6	10.352166307972778
431.1156	2.347	0.0652	-2.0705817950968566
431.1161	1.301	0.488	-0.720328433549307
431.1163	0.545	0.0963	-1.8355114000234924
431.1165	2.279	0.0337	-2.45884347962984
431.1183	0.764	0.156	-1.5343203678799122
431.2275	0.521	0.0149	-2.9346108375379902
432.0841	5.875	0.336	-1.011222524959265
432.1237	4.381	0.667	0.4438144865504053
432.1425	4.299	0.46	0.7678153389853104
432.1992	4.386	0.894	0.13642113910038084
432.2026	5.454	0.488	-0.720328433549307
433.1135	3.943	8.84e-7	10.657791144993682
433.1231	0.804	0.114	1.7317213879019902
433.142	3.319	0.241	1.2472166085783936
433.142	3.384	0.399	0.8806334037498548
433.2073	3.667	0.419	-0.8429413241841834
433.2074	0.527	0.763	-0.30978971509185227
434.1238	0.757	0.108	1.7631904822829623
434.1811	6.248	0.488	-0.720328433549307
435.1575	3.434	0.824	-0.22772129392448484
435.2224	0.525	0.897	-0.13258746024426518
435.2226	3.698	0.759	-0.3155972659740521
436.1125	6.228	0.594	0.5512619453686679
437.0408	1.033	0.785	0.28086230300893444
437.0543	0.556	0.841	-0.20610226718590427
437.089	2.266	0.57	0.5875016961340203
437.0909	0.565	0.773	0.29626647060458744
437.1808	0.518	0.145	1.5820977665382137
438.1585	0.558	0.189	-1.4081356554266171
439.1031	2.332	0.00366	-3.7704022472231626
439.105	1.045	0.097	-1.831397390546733
439.1605	0.555	0.678	-0.42728799277724916
439.1605	3.564	0.944	0.07165204546950424
439.1605	4.114	0.781	0.2862844574843085
440.1718	0.558	0.137	-1.618736882018038
440.9939	1.065	3.34e-8	15.070355217150508
441.1073	2.397	0.533	-0.6455038056881948
441.121	0.557	0.987	0.016768662651642657
441.2119	0.517	0.807	0.2514685691456282
442.19	0.568	0.508	-0.6857656175967766
443.059	5.513	0.488	-0.720328433549307
443.0997	3.638	0.101	-1.8093566888240644
443.1009	0.567	0.0286	-2.554596696691403
443.1553	0.527	0.242	1.2431144843854405
443.2277	0.518	0.594	-0.5501412468677728
444.06	1.886	0.0861	-1.9033703690948656
444.9665	2.007	0.133	1.6340271316818438
445.077	4.149	6.28e-7	11.058448540946262
445.0919	7.933	0.58	0.5718220908265507
445.1477	3.493	0.295	-1.1054142126556938
445.1864	2.457	0.234	-1.2678128682806544
445.1986	3.327	0.597	-0.5457039204147613
445.2027	0.562	0.851	0.1926638460820589
445.2067	0.529	0.164	-1.5004096456556895
445.207	3.608	0.0494	-2.235430931223861
445.2433	0.517	0.311	-1.0675913036747533
446.037	3.778	0.291	-1.1138831575111556
446.1811	3.871	0.159	-1.5213649790944097
446.2903	0.514	0.262	1.1892115588037777
446.2906	0.979	0.655	0.4599445353253897
447.0927	4.077	0.00763	3.328970811601497
447.1091	2.406	7.5e-4	-4.776537945669953
447.1389	3.421	0.341	0.999674506591085
447.1495	4.739	0.0821	-1.932623381438705
447.2226	0.525	0.479	-0.7362270888183802
448.1967	5.689	0.488	-0.720328433549307
448.1974	3.226	0.298	-1.0971849027845475
448.198	0.564	0.584	-0.5657167003066151
448.3055	0.515	0.674	-0.4339941122858786
449.0859	4.217	0.633	-0.49261698511106694
449.108	4.523	1.83e-4	5.75930815512718
449.2019	0.567	0.698	-0.3991238553069783
449.2533	0.518	0.0585	-2.1352934326385866
450.0527	1.755	0.129	1.656205940786588
450.0891	1.602	0.782	-0.2845382381622157
450.1666	1.737	0.652	-0.46474698521940233
450.1763	0.523	0.704	-0.3908097022596646
450.1766	4.114	0.201	-1.369222256087415
451.0698	0.558	0.172	1.4720705715673463
452.1919	4.102	0.307	1.0760431000346686
452.1921	0.558	0.707	-0.3862381254438937
453.0666	5.135	0.929	-0.0911990220988878
453.0692	3.704	0.0752	-1.9850319296603056
453.1759	0.534	0.181	1.4365745680889563
454.0476	1.757	0.418	-0.8446998033161701
455.0859	4.925	0.488	-0.720328433549307
455.2276	0.518	0.482	-0.7295702115941596
455.318	2.305	0.0203	-2.754037382111718
456.0272	1.988	0.247	1.2308220267074539
456.1024	3.284	0.598	-0.5451557547239151
457.0539	3.795	0.872	-0.16494455587343018
457.0666	3.573	0.125	-1.6746028404541613
457.0745	4.345	0.347	0.987147024928685
457.0745	4.509	0.469	0.7525749241193637
457.0951	5.947	0.978	0.027988038701965832
457.206	0.526	0.0907	-1.8722814729051733
457.2224	0.513	0.158	-1.525525299672718
459.0923	4.329	2.66e-8	15.431807726354108
459.0952	3.721	0.808	-0.24926576531051647
459.1086	2.334	0.206	-1.3528281561406286
459.1089	2.376	0.114	-1.732125643971929
459.1501	4.308	0.0775	1.966991386464259
459.1608	0.57	0.516	-0.6728111376115017
459.1642	2.435	2.19e-4	-5.629002483302542
459.2227	0.523	0.587	-0.5610840224900631
459.2375	0.514	0.037	-2.404564858528817
460.1098	1.553	0.272	1.1618101972566137
461.1267	0.535	0.145	-1.5819105503929092
461.1289	0.544	0.332	-1.0196574384429433
461.2383	0.521	0.802	0.2580336728287368
462.1763	3.681	0.144	-1.5859388081319288
462.1765	0.536	0.174	-1.4620466951751543
462.2127	5.401	0.488	-0.720328433549307
462.2847	0.517	0.697	0.40017814848614497
462.9672	3.843	0.263	1.1867593701871992
463.1064	3.478	0.626	0.5025757724803598
463.2329	0.521	0.84	-0.2073273089750153
464.191	3.704	0.039	-2.373525322947174
464.3008	0.518	0.0663	-2.0607861006274564
465.2489	0.518	0.053900000000000003	-2.1835932937634013
465.3011	0.522	0.708	-0.38563306596109664
466.2075	3.673	0.569	0.5891339065512351
467.1357	3.676	6.7e-4	4.85154437894673
467.1404	0.556	0.287	1.1258723834481081
468.0468	8.118	0.806	-0.25169245246663885
468.0783	1.65	0.238	-1.253970187206651
468.1999	0.539	0.536	-0.6413305096175128
468.2018	4.046	0.488	-0.719398145655069
469.1127	2.353	0.297	-1.1007351968903591
469.1128	2.301	0.751	-0.3265887635443323
469.1421	3.31	0.455	0.7778474489552484
469.1421	3.396	0.74	0.3406319755393682
469.1705	0.528	0.918	0.10589406605999202
469.2257	0.564	0.908	-0.11835130363616758
469.2258	2.494	0.913	-0.11210779437666528
470.0688	3.799	0.212	1.3337148111369013
470.0689	3.84	0.236	1.2612033150684718
471.0947	4.944	0.85	0.19348004174700484
471.1311	4.172	0.125	1.6741295005800525
471.2021	0.864	0.026	-2.611793639526424
471.2413	0.566	0.634	-0.49106444589388915
471.2417	2.956	0.859	0.1826860555012925
473.0455	2.578	0.536	0.64013782345041
473.1447	3.71	0.944	-0.07179302087689976
473.145	0.575	0.815	0.24031839160031204
475.077	3.665	0.331	-1.0226430281168464
475.1985	3.657	0.0131	-3.009302172585166
476.1917	3.149	0.258	-1.2007607590319407
476.1921	0.548	0.0727	-2.005768783513521
477.0708	3.213	0.165	-1.4982644854533906
477.1075	1.029	0.21	-1.3405716325210217
477.1233	1.01	0.0412	2.3420905678221033
478.084	2.021	0.255	1.2070366571753626
478.1159	4.716	0.599	0.5430618951240902
478.1202	1.551	0.617	0.5165663827684636
479.228	0.527	0.301	-1.0913205450069376
480.1149	4.917	0.00471	3.6175262215923336
481.2435	0.53	0.174	-1.4632403849511133
481.2437	3.36	0.137	-1.6149046062297727
481.2437	3.448	0.279	-1.144924189542325
482.2164	0.531	0.811	0.24536917898920246
483.0946	4.132	0.844	0.20199411398017783
483.1578	3.257	0.597	0.5455174028420312
483.1578	3.308	0.51	-0.6838429744065381
483.1768	1.731	0.488	-0.720328433549307
485.0437	5.783	0.629	0.49802161467734807
485.0979	5.138	0.779	0.2884616833350385
485.1657	3.694	0.153	-1.5472556102398387
485.1658	0.539	0.342	-0.9980029684892594
485.1983	9.408	0.18	-1.4426337271689522
485.238	0.52	0.399	0.8808929730705785
486.1209	2.988	0.149	-1.5618981754131267
487.0577	3.942	0.134	1.6311198131894662
487.1256	5.095	0.738	-0.3445468488661733
487.2539	0.52	0.75	-0.32725944306994986
488.0413	0.567	0.345	0.9909342370865047
489.0636	3.769	0.289	1.1203346474292615
489.1188	3.274	0.231	1.2747860187490911
489.1195	2.377	0.00942	-3.204488426155766
489.212	0.521	0.135	-1.6247523589405148
489.2349	0.534	0.404	0.8704604571323816
490.1204	1.242	0.274	-1.1561910460477716
491.1473	3.302	0.405	-0.8690707753349571
491.1918	4.425	0.666	0.44489705425510767
492.1522	3.718	4.53e-4	5.1172251130022905
492.1876	3.692	0.0142	-2.9654012946528447
493.2281	3.987	0.299	-1.0956928514362314
493.2431	0.524	0.577	-0.5764268834804417
493.244	3.392	0.734	-0.34879105734092963
495.1962	0.514	0.0658	-2.065150056281685
495.2227	4.533	0.653	0.4630606746393457
495.2228	0.529	0.0226	2.6920523643462797
495.2231	4.107	0.765	-0.30656003570414303
495.2953	0.521	0.357	-0.966218570768055
496.1979	0.524	0.0359	-2.4218150777854386
497.1106	3.715	1.34e-4	5.98664939707536
497.2379	4.524	0.497	-0.7046468003572294
497.2745	0.519	0.703	-0.3921454175898934
498.0753	3.875	0.219	1.3123096247355315
499.112	3.373	0.0387	-2.3787525931030684
499.1257	4.035	0.668	0.4421604601106731
499.151	3.318	0.507	-0.6888071695043663
499.151	3.347	0.695	-0.404286277578816
499.2904	0.518	0.985	0.018978795401476834
500.0784	3.83	0.604	-0.5357725566689434
500.1897	5.486	0.488	-0.720328433549307
500.279	0.526	0.0955	1.8403943968503815
501.1052	5.105	0.903	0.12503360547303655
501.1057	4.061	0.00342	3.8115396846667724
501.1421	5.113	0.16	-1.5170866379853516
501.1778	3.92	0.0254	-2.6251694170188635
502.2073	5.418	0.344	0.9936186364543179
502.2076	4.936	0.354	0.9709906957130934
503.1207	5.53	0.488	-0.720328433549307
503.1919	0.546	0.208	-1.3455638643205756
504.1358	1.245	1.11e-7	13.294593903260033
505.1592	5.144	0.33	1.0240388723096885
505.2646	0.525	0.917	0.10680402783382893
506.0901	3.699	0.302	1.0881282347032215
507.1128	2.331	0.0516	-2.209170203202485
507.156	6.445	0.752	0.324910093611144
507.2233	3.159	0.828	-0.22302136571294887
507.2243	0.539	0.0504	-2.223277133747796
508.0596	3.862	0.0828	1.9275193752553736
509.039	6.64	1.33e-6	10.194014715470795
509.238	0.522	0.918	-0.10613156411755784
509.2749	0.528	0.0626	-2.0951968008493993
510.2519	0.566	0.292	-1.1132870792008926
510.2524	3.211	0.73	0.35531103860416124
511.1599	2.441	0.114	-1.7314291846225527
511.254	0.526	0.934	-0.084284231815771965
511.2903	0.535	0.231	-1.27397270015771
511.2904	3.737	0.114	-1.7342807817538455
512.1045	1.845	0.137	-1.6164636029371582
512.192	3.096	0.213	1.3286870423934634
512.2676	0.566	0.317	1.0539604783876952
512.268	3.301	0.119	1.7037702703125623
513.07	3.923	0.0247	2.640204688913417
513.2181	0.519	0.631	-0.49571453735543414
513.2693	0.525	0.859	0.18282741219048684
515.1935	3.917	0.00794	-3.3053392947809597
515.2843	0.519	0.86	0.18153973403464196
516.1847	5.788	0.176	1.4568680342698237
517.1333	3.769	0.326	1.0322114630998032
517.1349	0.554	0.576	0.5780826608750601
517.1523	3.699	0.0328	2.4756910624231425
518.1649	5.312	0.488	-0.720328433549307
519.1171	4.031	0.147	1.5703172212766474
521.1088	3.637	0.166	-1.4936871782370122
521.2193	2.309	0.0142	-2.964589501865679
521.2418	0.552	0.0614	-2.1067974036193653
521.2423	2.361	0.336	-1.0113738621325423
521.2429	2.397	0.393	-0.8931798998429853
523.1107	3.713	0.182	1.4344469849736645
525.1638	0.564	0.00963	-3.1912580288015273
526.1199	1.643	0.334	-1.0156807052898562
526.2471	3.744	0.443	-0.799568979324731
527.1255	5.129	0.562	-0.5992322182988192
527.1811	2.365	0.0494	-2.234938290255251
527.1963	3.633	0.0155	-2.910936074985865
527.2131	0.53	0.953	0.059811909653718714
528.2625	0.58	0.658	-0.4558632538495859
528.263	4.027	0.0491	-2.239158661589583
528.3014	0.529	0.785	0.2807635483345968
529.261	0.533	0.994	0.008015189697318773
531.0208	5.949	2.41e-7	12.249257849477603
531.0967	3.961	3.5e-4	5.2948740991411904
532.3118	0.521	0.226	-1.2915818134875805
533.1324	3.783	0.727	0.3588635997787303
533.167	4.705	0.885	-0.14842027898822904
533.1721	6.434	0.99	-0.012534755812727111
533.1882	3.463	0.301	-1.0908367915381112
533.2041	3.926	0.00236	-4.040853728362378
535.2001	3.279	0.00694	3.3852944789361077
535.2183	3.646	0.0856	-1.906882948856901
536.0432	3.797	0.832	0.2177682460018656
536.1007	3.693	0.303	1.0848981480563722
537.2331	0.562	0.0582	-2.1385232885007204
538.0701	3.804	0.88	0.1551078086573338
539.2491	0.576	0.145	-1.5824739352424433
539.2491	4.207	0.131	-1.6436047905641833
539.2492	4.084	0.0891	-1.8828101912277033
540.0743	3.978	0.0932	1.8551780006011573
540.2079	3.902	0.00275	-3.945345099958411
541.1212	6.459	0.372	-0.9347880570591803
541.2136	0.56	0.0105	-3.1423400695591255
541.2642	0.585	0.367	-0.9445097035247981
541.2644	4.221	0.199	-1.376701804132851
543.2802	5.001	0.377	-0.925120103070254
544.0945	1.747	0.333	-1.0175789361018621
545.1254	2.429	0.406	-0.8682199966948981
545.1677	3.916	0.0276	-2.5758204673274476
545.1681	0.551	0.0208	-2.7399143452766865
545.2041	3.931	0.062	-2.1011445656940353
546.3042	0.52	0.196	-1.3859444756569648
547.0889	3.745	0.0642	2.0795222455591498
547.1866	3.913	0.0054	-3.535129994837763
551.1172	4.021	0.466	-0.7578286946110047
551.2299	2.381	0.065	-2.0723945370565455
552.06	3.78	0.0646	-2.0761437996231424
553.2285	0.519	0.54	0.6345941937593369
554.1517	1.231	0.342	0.9969123482859034
555.1556	3.583	0.578	0.5754814856705448
555.1887	3.497	0.172	-1.4714478611190909
557.0606	3.819	0.0183	-2.816053216168847
558.1541	4.293	0.339	-1.0044506504153992
560.1017	3.341	0.716	-0.3746540432134164
561.0749	3.828	0.62	0.5118913729726053
561.0808	3.926	0.404	0.8710512094679822
561.1384	2.255	0.128	-1.6582882159756485
561.1622	4.287	0.585	-0.5650062801917004
563.1016	3.856	0.511	-0.6812864495016155
563.2176	0.558	0.979	0.02653393928305565
563.2511	3.658	0.136	-1.6195505019222232
564.1689	6.53	0.566	0.5931484014297823
565.1552	4.125	0.345	0.9909889626680453
565.1555	0.583	0.651	0.46593326895269027
565.1698	3.303	0.0525	2.1996570510375015
565.2092	0.543	0.704	-0.39138058135019466
565.2327	0.562	0.71	-0.3825360962687264
566.1	3.386	0.302	-1.0871953210919265
567.1896	3.663	0.264	-1.183103330293418
567.3144	0.527	0.923	-0.0986464596068038
568.1059	3.844	7.08e-4	-4.814568115406126
569.1103	3.819	4.19e-6	-8.98866069468408
569.2416	0.916	0.0228	2.6870487505818885
571.1314	3.55	0.474	0.7436953223277759
571.1485	6.253	0.335	-1.0135958536622787
571.2532	0.525	0.0484	-2.247513358993036
573.1989	3.921	0.141	-1.59965321413642
573.2395	0.524	0.153	-1.5467233463995402
574.0803	3.839	0.228	-1.2840407448517022
574.1703	5.501	0.488	-0.720328433549307
575.1574	4.183	0.118	1.708554673011114
575.2789	0.536	0.0994	1.8160361521103898
577.1969	0.559	0.0243	-2.6513976720391224
578.1363	1.547	0.671	0.43736922143641704
579.2119	0.564	0.112	-1.741318472131079
579.2125	2.377	0.0558	-2.163221697675371
581.2273	0.569	0.166	-1.492637348830904
582.095	3.386	0.203	-1.3612015447386818
583.1521	3.804	0.0922	-1.862138521239499
583.3112	0.557	0.461	-0.7658063983592129
583.3114	4.248	0.705	-0.3900392888732766
586.169	5.4	0.353	0.9747897969265558
587.1079	0.57	0.22	1.3092030494747626
587.2144	3.945	0.136	-1.6197645993513055
591.3172	0.523	0.0232	2.678082337703692
591.3175	0.775	0.103	1.7918162325560698
592.152	1.844	0.449	0.7875488510810558
593.1674	1.005	0.988	0.014912766232370393
593.1687	0.592	0.364	0.9520823766357203
594.0962	3.813	0.114	1.731365951302773
594.3635	0.533	0.0184	2.8137358226373905
595.1274	3.509	0.109	1.7579295183634451
595.3413	0.521	0.95	-0.06384525306299413
597.0952	3.781	0.0933	1.8547638272910383
598.0901	3.38	0.192	-1.397833030038268
599.1786	4.035	0.892	0.13911384065468194
600.2839	3.862	0.0378	-2.392158476313298
600.284	0.642	0.794	-0.26771637530562714
601.1781	0.558	0.581	-0.5703835934595851
603.1886	3.693	0.289	1.1188140272992528
604.1208	7.712	0.337	-1.0080812000806645
605.111	4.047	0.488	-0.720328433549307
606.0945	3.81	0.299	1.0957086204848234
608.1467	1.783	0.42	0.8405178202778857
609.2621	0.562	0.0062	-3.4522581682780595
610.0903	3.375	0.099	-1.8187650683655374
612.1748	3.869	0.518	-0.6692673560733401
613.3585	4.442	0.224	-1.2972314792829949
615.2464	4.094	0.00566	-3.5072896735251167
615.3123	0.522	0.369	0.9415047045287698
617.1301	3.99	0.0181	2.8207715943238996
618.1748	4.18	0.338	-1.0058708043865658
618.1817	1.581	0.0173	-2.849625218240944
619.102	3.571	0.349	0.9834390178777481
620.1832	1.624	0.152	1.5516115890646809
621.1088	7.531	1.54e-9	20.683472705650694
621.1629	3.937	1.89e-5	7.5744491219433225
622.0896	3.343	0.473	-0.7454090994006052
622.1488	5.921	0.488	-0.720328433549307
622.1913	4.077	0.328	-1.0276799076835696
624.1416	1.761	0.104	1.7896416632768268
628.1269	3.837	0.811	0.24597014948015844
628.2092	3.413	0.315	1.057265982257446
630.1194	3.743	0.157	1.5314631232543678
631.2682	0.556	0.0691	2.0360823819252576
632.2037	7.803	0.0142	-2.9618337760968614
633.1408	2.45	0.824	0.22868645966715329
633.2843	0.555	0.99	0.012917945706714267
636.0805	3.392	0.475	0.7414858304470252
636.2293	3.934	4.56e-4	5.111962584585037
640.333	6.148	0.384	-0.9095227065463566
641.2574	0.556	0.155	-1.5402403515401712
646.1225	3.879	0.00152	4.317458429408812
646.2164	3.785	0.856	-0.18680268455716098
650.2588	0.526	0.463	-0.763968836750329
650.2883	3.304	0.813	0.2432542225048765
653.0287	5.802	0.488	-0.720328433549307
655.1389	4.473	0.488	-0.720328433549307
660.1369	3.999	0.488	-0.720328433549307
660.2145	1.234	0.979	-0.027267625585662578
667.2045	3.916	0.9	-0.1286532625271837
667.3006	0.558	0.16	-1.5164066457202163
674.2293	1.21	1.25e-4	6.038629861206926
678.2052	1.322	0.755	0.3207082748789491
686.154	3.73	0.97	0.03852889270919427
688.2445	1.123	2.96e-4	5.412120544561737
689.3021	0.543	0.078	-1.963619509038331
699.3031	3.917	0.007	-3.3798667974004504
701.3564	0.532	0.877	-0.15875074530158545
703.0841	8.109	2.65e-8	15.436291732703092
712.2431	1.025	1.7e-6	9.92481858323277
713.3193	0.549	0.119	-1.7066753475091347
715.3355	0.55	0.0554	-2.167488807088852
723.3398	0.537	0.536	-0.6411443717868044
73.0294	0.881	0.191	-1.4017326881629484
730.1411	3.843	0.0603	2.117174333300484
735.3596	0.544	0.159	-1.5238159420741073
749.3919	0.532	0.363	0.9536644343284334
751.2991	3.904	0.0886	-1.886544983295312
757.3533	0.543	0.573	-0.5832380233789299
759.3976	0.531	0.427	0.8283710903648662
763.1909	7.999	0.401	-0.8770069406219158
767.0226	5.837	0.488	-0.720328433549307
768.2532	4.003	0.785	0.27981017099105965
769.3448	0.551	0.973	-0.03505053483780746
773.3418	0.556	0.83	-0.21996459507493174
775.357	0.555	0.257	-1.2019343006856797
781.4186	0.521	0.379	0.9206729027765443
790.1902	4.037	0.346	0.988743228762138
803.2032	4.539	0.488	-0.720328433549307
805.2203	4.324	0.488	-0.720328433549307
833.2896	4.053	0.488	-0.720328433549307
853.3185	7.746	0.347	-0.9874974274917891
87.0451	2.052	0.00896	-3.2337327749157194
88.0403	6.143	0.317	1.0522582472689492
907.414	0.559	0.976	0.030511986884697737
909.4292	0.56	0.155	-1.540252882606929
923.4088	0.576	0.182	-1.435011718974045
934.2803	8.066	0.963	0.046961308211341056
96.9696	7.956	0.0331	-2.469511497296037
97.9594	8.026	0.789	0.2743917355990009
99.0451	0.903	0.682	-0.4220738588444996
99.0451	1.601	0.0179	-2.829747119371695
