"p.value","m.z","t.score","r.t"
0,100.0756,-2.113752642,0.774
0,1106.5217,-1.478368647,3.833
0,111.0439,-1.393080496,0.81
0,111.044,-2.178043887,2.998
0,114.0669,-1.991276391,0.645
0,121.0283,0.66762934,0.799
0,121.0284,0.180762096,2.736
0,121.0284,1.727290075,3.033
0,121.0284,0.101594463,3.689
0,121.0646,0.424013257,4.206
0,125.0597,0.905410547,3.726
0,131.0494,1.766268673,4.532
0,132.0444,-1.140857167,0.791
0,132.0768,-3.151364538,0.656
0,134.0601,-0.434801035,3.31
0,134.0963,0.226928917,0.777
0,134.0964,1.011402557,2.689
0,135.0441,0.872773667,3.831
0,136.0482,2.582830834,0.633
0,137.0597,1.132142505,3.062
0,137.0598,1.041520138,4.484
0,137.071,1.885057811,0.636
0,138.0551,1.503747815,0.654
0,138.0639,0.498948291,0.655
0,139.0387,0.069242829,3.143
0,141.0659,-1.737938567,0.655
0,142.0862,-2.82289238,0.71
0,144.0655,0.675840147,0.707
0,144.1023,1.525007625,0.656
0,144.1103,-0.321492692,0.66
0,144.1283,2.329920156,0.662
0,145.0648,1.024045553,5.215
0,146.0609,0.166903755,0.789
0,146.0614,0.852832093,2.317
0,146.0812,0.394503536,0.71
0,148.1122,1.083618013,0.753
0,148.112,1.245807348,2.583
0,149.0596,0.796208353,0.765
0,149.0598,0.419164612,4.188
0,149.0598,2.065751956,7.95
0,152.0699,1.193675673,2.312
0,152.0705,1.28821356,2.812
0,152.07,1.009294359,0.791
0,153.0658,-0.872094212,0.769
0,153.0659,0.064839327,2.108
0,156.0769,-4.133470344,0.621
0,159.1492,-1.903601424,0.608
0,160.0405,-0.616435739,2.57
0,160.0967,1.650516945,0.691
0,160.1332,-1.994189705,0.662
0,162.1126,-3.118268849,0.642
0,163.0755,-0.507041469,3.225
0,163.0993,1.359061724,3.595
0,163.123,-1.604522287,1.223
0,163.1243,-3.976574337,0.654
0,166.0723,0.042540962,0.669
0,166.0862,-3.493107586,0.727
0,166.0863,-1.928249415,2.395
0,166.1216,1.000978922,0.797
0,166.1226,0.837326283,2.55
0,166.131,0.952445585,0.809
0,167.0562,-1.324799849,0.774
0,167.0563,-1.174410618,2.234
0,167.0564,-1.852422309,2.346
0,167.0795,1.532008436,4.248
0,169.0358,-0.466362527,1.154
0,170.0447,0.186275225,0.81
0,170.0448,-0.005741395,2.599
0,170.0602,0.581851126,4.487
0,170.0631,-2.237419776,0.751
0,170.0926,-2.976402823,0.62
0,174.0873,-0.90461797,0.814
0,174.1237,4.062177603,2.04
0,175.1442,-0.679794195,0.616
0,176.0707,1.437697092,4.755
0,177.0546,1.058972996,3.653
0,177.102,-1.775105376,0.741
0,177.1123,-0.169984809,4.741
0,180.0658,1.653626233,2.895
0,180.0658,1.715712339,3.481
0,180.0739,0.820630493,3.473
0,181.0609,-1.301218607,3.097
0,181.0704,-1.009306738,2.671
0,181.0717,-1.353806582,0.801
0,182.0715,1.139698265,2.896
0,183.0644,-1.440735031,2.192
0,183.0645,-1.05234901,2.074
0,183.0655,1.406814282,4.503
0,185.0912,-2.80823751,0.756
0,185.1284,-1.63749939,0.796
0,185.1284,-1.379333662,2.751
0,186.1124,0.168519017,4.054
0,189.1684,-2.295246717,0.616
0,189.16,-2.267223514,0.615
0,190.0499,-1.868689351,3.133
0,191.1066,-0.166111663,5.298
0,192.0659,-0.969471634,4.563
0,192.1052,-1.984012451,3.316
0,193.0968,-2.829616163,0.764
0,193.1547,-0.241061377,0.646
0,195.0647,1.545160205,0.814
0,195.0874,-2.517552842,3.353
0,196.0604,-0.153698694,3.589
0,196.0604,-0.097517039,4.033
0,196.0605,0.55371073,2.921
0,196.0693,-0.090621239,3.577
0,199.0965,-0.521041103,3.235
0,199.0965,-0.641884296,3.748
0,199.1068,-2.357132332,3.168
0,199.1069,-0.153776862,3.734
0,200.1281,-3.084402848,5.02
0,202.1437,-1.690618598,5.378
0,203.0814,-0.883125428,0.73
0,203.139,-2.996618505,0.665
0,203.1502,-1.800069307,0.654
0,204.1231,-3.754589656,0.665
0,204.1231,-2.013631533,1.146
0,205.0971,-1.872051508,2.931
0,205.097,-3.231558288,0.801
0,210.0607,4.391153963,1.159
0,213.0757,0.207593776,3.832
0,213.076,0.539943315,4.23
0,213.1234,0.679635025,0.672
0,215.0163,2.061306895,0.719
0,217.118,-0.909516593,0.7
0,217.1547,-0.893596197,0.664
0,218.0426,2.351570118,0.785
0,218.1384,1.440974751,6.89
0,218.1386,-2.449612159,2.048
0,219.1705,1.473806843,0.65
0,220.0637,-1.904473165,0.707
0,220.0638,-1.201617673,2.227
0,220.1178,3.131958836,2.562
0,220.1179,3.273684537,0.735
0,220.1367,-1.978848612,4.453
0,222.1126,-1.347785154,4.749
0,224.056,-0.916650625,3.685
0,226.071,-0.655703969,3.019
0,226.9516,-0.920000873,0.553
0,227.1026,-0.984871629,2.542
0,229.0704,1.181569985,2.103
0,229.0982,-1.493835234,5.024
0,229.1182,-0.625567326,0.667
0,229.1547,-3.228868045,1.206
0,229.1547,-2.830902062,1.899
0,229.1547,-1.964404704,2.116
0,229.1549,-2.069823718,0.669
0,230.1106,1.344495321,4.213
0,230.9902,3.554906631,0.718
0,231.1009,-0.143628914,6.633
0,232.0264,1.375447719,2.519
0,232.1543,-1.506234486,0.707
0,232.1544,-1.037348538,2.651
0,234.1122,9.0510619,4.883
0,235.0574,0.820111796,3.619
0,237.1232,0.854843882,2.723
0,239.1389,1.195201026,4.617
0,240.0954,-0.333710955,4.039
0,240.1607,0.286094147,5.206
0,241.1546,-2.041766734,1.985
0,242.1115,0.36684158,4.496
0,242.1325,-0.408302092,4.563
0,242.1417,0.061197434,4.559
0,242.1504,0.764390694,4.993
0,243.0877,0.607524124,4.57
0,243.1339,-1.574515459,3.536
0,244.1269,-0.520447403,4.537
0,244.1542,-2.298673282,0.804
0,244.1542,-1.423262705,3.098
0,244.1711,0.765822817,3.868
0,245.0798,-1.754020891,4.776
0,245.1494,-2.070424732,3.787
0,245.1495,-1.717294875,3.326
0,246.0972,1.28157168,2.12
0,246.1699,-2.568342815,0.806
0,246.17,-2.872692257,3.238
0,247.1076,-0.213969767,4.297
0,247.1078,0.782196522,4.488
0,247.1288,-0.664321034,0.789
0,247.1424,0.536899477,0.808
0,247.1441,-0.424128625,3.239
0,248.1679,-1.992384603,5.389
0,249.0966,-0.555923131,4.117
0,250.1107,7.791368378,3.546
0,251.1276,-2.071589051,5.991
0,254.1398,0.077943371,5.274
0,254.1765,0.936391405,6.358
0,255.0655,-1.353499695,5.039
0,256.1666,-1.462406536,4.784
0,257.1494,-1.818500828,3.646
0,257.1495,-1.480873306,4.039
0,257.153,-3.520886316,5.622
0,257.2261,-0.849047636,6.012
0,258.1241,-1.904071044,0.69
0,258.1269,0.307728452,3.305
0,258.128,-0.082970066,4.17
0,258.1827,-0.829782537,3.513
0,258.1834,1.116692745,4.934
0,258.1848,1.139692758,3.943
0,258.1947,0.98997404,3.931
0,259.1651,-1.698207993,4.324
0,260.1492,-1.540308557,2.107
0,261.1442,-2.832534265,0.8
0,261.1443,-0.268831574,3.263
0,261.1443,-0.629008437,3.733
0,262.1648,-2.916531602,2.169
0,263.0816,0.048535574,7.148
0,263.1025,-0.038847547,3.498
0,265.1191,-0.319940515,2.889
0,265.1195,-0.352546367,3.466
0,265.1278,-0.283494546,3.383
0,265.1556,-0.798197234,3.46
0,266.1022,-1.030961891,3.875
0,266.1357,-0.281861408,3.432
0,266.1362,-0.426899242,3.431
0,267.1329,0.1512794,3.967
0,267.1335,0.450775529,4.316
0,269.1244,-1.469476367,0.667
0,270.183,1.720548998,4.814
0,271.0596,-0.769508773,4.449
0,271.0753,1.648134476,2.433
0,271.0761,1.479414899,0.756
0,271.1653,-5.227256814,4.288
0,271.1656,-6.042335762,4.57
0,272.1663,0.325643812,5.352
0,272.1855,-2.337011666,3.975
0,272.2044,1.385377581,4.93
0,272.2049,1.666429602,4.967
0,272.2382,0.976414305,4.968
0,273.2384,1.01418792,4.97
0,274.1181,-0.076040386,0.778
0,274.1778,1.557027418,4.235
0,274.1833,-2.162628623,5.809
0,274.2013,-2.756234213,4.449
0,274.2138,-1.194979049,4.28
0,276.1366,-0.263375933,0.762
0,276.1375,-1.923106359,2.825
0,276.1442,-3.049526573,0.669
0,276.1442,-2.530288614,2.061
0,276.1991,-1.953093164,6.202
0,277.1173,-0.506699359,0.79
0,277.1432,-3.702155111,7.079
0,278.1335,-0.290503548,0.718
0,279.1317,0.710875202,4.044
0,279.1332,1.100265132,3.64
0,280.1543,-1.731455904,3.604
0,281.1128,-0.766548303,0.728
0,281.1128,-0.513462264,0.765
0,281.1131,-1.001581032,3.801
0,281.113,-0.620071984,2.62
0,281.113,-0.7829121,3.046
0,282.1196,0.70130223,1.153
0,283.1287,-2.252384088,4.036
0,284.092,0.583406367,3.463
0,284.1855,-3.846331063,4.179
0,285.1441,-3.946292416,0.774
0,285.1804,-1.289846819,5.23
0,286.1284,-1.514064747,2.172
0,286.1445,-1.318239951,2.886
0,286.1792,-0.042126585,4.126
0,286.2019,-4.114966555,4.654
0,286.2113,0.816529277,4.609
0,287.1002,2.362548514,2.762
0,287.1003,2.95777065,2.867
0,287.1004,4.274155373,3.467
0,287.1598,-5.178057831,0.805
0,287.1967,1.41002577,0.655
0,288.1616,-0.758453516,4.254
0,288.1937,-2.641002008,3.464
0,288.1983,0.628985507,5.173
0,288.2168,-3.449183285,4.83
0,288.2295,-3.414321386,5.182
0,289.1393,0.315566454,3.497
0,290.1419,0.250629286,5.181
0,290.1595,-1.855967746,0.783
0,290.1597,-1.359828425,2.525
0,290.1739,1.106762304,3.326
0,292.1575,8.277271862,3.656
0,293.1465,-3.418167255,4.573
0,295.048,0.31150144,2.58
0,295.1284,-0.592334094,0.813
0,295.1287,-3.09614445,3.186
0,296.1492,-1.384551907,2.896
0,296.1628,-0.64829588,4.092
0,297.1443,0.441973117,3.938
0,300.199,-2.579299862,6.283
0,300.2168,-1.945814016,5.214
0,300.217,-1.834399735,5.005
0,301.1221,-0.43473805,3.855
0,301.1391,-5.673245184,0.795
0,302.1232,-0.764352797,3.89
0,302.1418,-3.50121648,0.788
0,302.1423,-0.473635662,3.205
0,302.1728,0.613563744,6.009
0,302.1959,-3.466277685,0.798
0,302.196,-2.033895923,3.701
0,302.2329,-1.77571874,5.39
0,302.2435,-0.617269329,5.373
0,302.2687,-2.321958531,5.39
0,303.0741,7.829510918,3.467
0,303.0862,0.201754952,4.684
0,303.1704,0.939786673,6.179
0,304.129,-1.925231442,3.192
0,304.129,-1.949898175,3.69
0,304.15,-0.406786791,0.797
0,304.1925,0.909659976,4.641
0,304.2117,-2.769028766,4.122
0,305.0863,0.894888207,2.684
0,305.0865,0.517282216,0.744
0,305.1857,0.594757521,4.623
0,306.1703,0.845385015,4.74
0,307.1221,-1.155594507,2.208
0,307.2,0.69293539,5.592
0,308.168,1.332585829,5.004
0,308.1854,-0.743172766,4.932
0,308.1987,-0.670527419,4.967
0,308.2029,-0.313300273,4.983
0,309.1689,3.036682248,5.025
0,310.1653,-0.897834559,3.385
0,310.2375,-2.861673813,5.158
0,311.1488,1.43156617,4.505
0,311.1563,-1.243329378,5.057
0,312.1299,-2.360853604,0.786
0,312.1301,-0.926272233,2.601
0,312.2162,-2.866945885,5.201
0,312.2166,1.344986731,4.927
0,312.2168,-2.602086439,5.505
0,313.0848,0.956122999,2.276
0,313.0853,1.227489203,3.183
0,314.2327,-4.599722568,5.619
0,316.1385,-1.238448313,4.504
0,316.1938,-2.04616521,5.631
0,316.248,-2.00291751,5.914
0,316.248,-2.872707012,6.107
0,317.0855,-0.995322012,0.773
0,318.1438,-0.179575252,2.762
0,318.1909,-1.612502603,0.803
0,318.191,-1.14390254,3.368
0,318.2093,-1.771491375,5.034
0,319.1649,-0.016670463,4.258
0,319.165,-3.484670211,3.812
0,322.1811,1.195444644,5.096
0,322.2005,-0.116423251,4.899
0,324.1249,-1.877720717,2.964
0,324.1258,-0.102474109,3.118
0,325.1697,-0.549311116,5.177
0,325.1883,-1.376238859,3.576
0,326.0869,-0.384238767,2.134
0,326.1962,-1.092972474,5.293
0,327.0685,1.531445479,0.734
0,328.1026,-0.593691657,3.567
0,328.1873,0.874985469,2.778
0,328.2118,-0.943837434,4.717
0,328.2482,-4.587994631,6.065
0,328.248,-0.688306042,6.21
0,329.2074,-0.110716015,3.337
0,330.1909,-2.125612413,3.491
0,330.2272,-1.443869308,4.126
0,330.2275,-3.977007772,4.829
0,331.2276,-2.179067249,4.919
0,331.2294,-0.615492772,4.533
0,336.2167,-4.921831798,5.325
0,337.1754,-0.530972246,3.847
0,338.0825,-0.926598239,3.449
0,338.0863,0.4706154,0.805
0,338.0865,0.554710313,3.299
0,338.1399,-0.440948122,3.076
0,338.1737,0.065772376,6.007
0,338.1777,-2.379209007,5.232
0,338.2323,-3.797528991,5.729
0,338.2324,-3.070787817,5.637
0,340.1025,1.069219754,3.555
0,340.1026,0.931779207,3.009
0,340.1336,-0.965358367,2.71
0,340.2479,-1.683068291,6.162
0,341.1709,-0.876098476,3.522
0,341.183,1.160855698,2.936
0,341.1877,0.903854203,3.826
0,342.1686,-0.345312696,3.782
0,342.173,-2.695108896,5.69
0,342.2635,-1.827456075,6.518
0,343.1003,-0.251011407,0.795
0,343.1674,-1.396054522,2.639
0,343.2227,-1.377016765,4.522
0,344.2066,-1.033297128,4.021
0,344.2431,-1.426636661,4.284
0,344.2542,-2.314353675,4.012
0,346.2221,0.668649546,2.636
0,349.0869,-0.812684993,0.775
0,350.0854,0.013219802,0.775
0,350.2065,-0.321726968,3.938
0,350.2322,0.086076055,5.809
0,354.1544,0.863833489,3.176
0,355.2625,0.598366483,6.784
0,356.1907,-0.268801458,4.001
0,356.2429,-2.947991839,4.821
0,356.2429,-2.802866028,5.382
0,356.2429,-2.214591743,5.634
0,357.1179,1.966685515,3.698
0,357.2786,-0.430307476,5.926
0,357.2787,-0.448423155,6.664
0,358.1496,-0.069824578,4.728
0,358.2585,-3.654112091,4.768
0,358.2585,-2.234836765,5.127
0,358.2589,-1.669336283,5.812
0,363.1428,0.416429099,4.369
0,364.0426,1.105084416,0.774
0,364.1964,1.837287887,4.526
0,364.196,0.539996961,3.31
0,366.1108,-0.699521595,0.7
0,366.1127,-0.635832058,3.577
0,366.1134,-1.307244656,3.129
0,366.2039,-0.790323608,4.917
0,367.1497,-1.992530469,0.741
0,367.1498,-2.854849926,2.362
0,369.1289,-2.909793242,3.506
0,369.1292,-2.524432874,3.953
0,369.129,-1.968806438,3.414
0,372.1861,-0.647920338,3.381
0,373.1128,0.613496785,2.656
0,375.2614,0.003096439,3.928
0,377.1448,-1.829195438,3.492
0,378.1418,0.168436128,3.378
0,378.1755,0.658334904,4.358
0,378.1767,-1.390699783,3.465
0,380.1102,-1.325620995,4.279
0,381.1534,0.72938007,4.397
0,383.0941,1.976772134,2.983
0,383.0946,0.915265829,0.768
0,383.133,0.035767129,0.792
0,384.1146,-1.76412521,2.579
0,384.1171,-2.104790402,0.716
0,384.1228,-0.988628441,2.31
0,385.1464,1.812635715,0.793
0,385.3097,-2.862949608,5.886
0,389.1625,-1.746738825,5.768
0,390.1393,0.851140821,3.49
0,390.2632,2.050744786,6.892
0,392.1549,1.282846681,3.207
0,392.1549,0.605239142,3.682
0,394.0744,0.344989499,0.764
0,394.1701,1.753866128,3.105
0,394.1707,1.431177714,0.77
0,395.1334,0.37567302,4.462
0,398.1138,2.260581881,3.137
0,398.1421,-1.00668448,3.384
0,398.1452,-1.888757072,4.007
0,398.1823,0.156523696,5.89
0,400.1973,-0.053497172,6.231
0,400.2173,-0.239952484,3.807
0,400.269,-1.450654931,4.886
0,402.2845,-1.705178688,4.888
0,402.2846,-1.71084512,5.623
0,405.1518,-0.844764711,6.25
0,406.1258,-0.967889751,5.43
0,410.0483,0.418133077,0.757
0,410.1446,-0.960053046,4.093
0,410.1459,-1.35363709,4.445
0,412.2838,-1.86452767,6.085
0,412.284,0.262683098,6.004
0,413.0425,1.582688919,3.484
0,413.1052,0.377038772,2.633
0,413.1411,-1.745426809,0.782
0,413.1413,-1.289873684,2.988
0,414.2998,-3.034983234,5.934
0,414.2998,-2.62306536,5.974
0,414.3361,-1.093923888,5.556
0,415.0333,0.175481672,3.007
0,416.1472,-0.910396516,3.465
0,416.1915,-0.055039812,4.419
0,416.2124,-0.370056726,3.558
0,416.3152,-0.328540133,4.924
0,416.3153,-0.222884091,6.637
0,416.3517,-0.946111129,5.027
0,418.1658,-1.955940577,4.047
0,420.1268,-0.295704117,2.836
0,420.1859,-1.294178024,3.752
0,420.1863,0.56416913,3.296
0,422.2054,-0.463359214,3.013
0,424.1599,-1.596476966,5.447
0,425.2145,-1.303702346,9.778
0,429.1143,-0.99882605,5.43
0,429.2112,1.703931049,4.041
0,430.1728,-0.179451507,4.485
0,430.2032,-0.279787399,5.342
0,430.2946,-1.603924252,5.306
0,431.0964,-1.284449502,3.273
0,431.0966,-0.85615689,3.757
0,431.0972,0.239731071,4.035
0,432.1859,0.650272795,3.705
0,432.2483,1.191165254,2.831
0,432.3103,-0.686174877,6.468
0,432.3465,0.227789339,4.852
0,433.1121,-0.470346183,3.884
0,433.1123,-1.571340995,3.32
0,433.2362,-2.027032169,4.04
0,434.1403,-0.519539448,3.73
0,434.1523,0.031225134,3.477
0,434.1581,0.077790174,3.919
0,435.1282,-0.932610693,4.891
0,436.1558,0.222457858,2.94
0,436.1558,-3.729550186,3.898
0,436.1596,-1.397207747,4.464
0,436.1964,-1.353181648,4.096
0,436.1971,-1.175618215,4.541
0,436.225,-0.096449754,0.726
0,438.1601,-0.865868772,0.745
0,438.1606,1.347474175,2.865
0,441.1613,0.544383583,0.696
0,444.1861,-1.793112946,4.37
0,444.2226,-0.481494474,4.583
0,444.3097,-0.274503126,5.039
0,446.2388,0.880348798,3.483
0,447.0916,-0.184456477,4.229
0,447.113,-0.624867235,3.587
0,448.1364,0.165801511,3.004
0,448.1967,1.154154476,3.611
0,448.1978,0.136458958,4.334
0,448.2321,1.111548679,4.67
0,448.3052,-0.631273463,5.404
0,448.3055,-0.499987042,6.562
0,449.1046,0.378013662,3.633
0,449.1059,2.954620235,4.17
0,449.1076,4.310884712,4.454
0,450.1364,-0.549717256,0.798
0,450.2125,0.154408774,4.913
0,450.2132,-0.653652727,5.757
0,450.213,-1.440407526,5.045
0,452.1914,-2.752577956,4.626
0,452.1914,-2.778711697,4.683
0,452.2062,0.07103479,5.052
0,455.7883,1.755301957,4.34
0,457.2213,1.033037395,5.699
0,457.2496,-0.787103635,6.911
0,458.1454,0.706895593,0.678
0,458.202,-1.029933974,4.658
0,461.1074,-0.271826493,3.814
0,461.1078,-0.172689337,3.304
0,462.1965,-2.286610323,5.965
0,464.1911,-2.15652188,4.995
0,464.2272,1.695904957,0.798
0,464.2281,-1.191183956,3.182
0,465.0856,0.774091902,4.069
0,466.2058,-1.469626569,4.763
0,468.2225,-2.16870505,4.941
0,469.2077,-1.528479102,2.929
0,470.2865,-0.409798838,6.552
0,474.1718,-0.45545143,0.703
0,475.2467,-1.939074724,4.955
0,478.2067,2.053114785,3.637
0,480.2037,-0.119101966,3.652
0,480.2234,0.872673856,4.382
0,482.1231,1.163085761,3.477
0,484.2903,-2.069977652,6.142
0,486.2329,-1.751958352,5.447
0,487.2086,-1.206907971,3.066
0,489.2311,0.164587479,4.429
0,491.2279,0.753929071,4.076
0,498.0952,1.209973563,3.472
0,500.2812,0.800418917,6.002
0,500.2849,0.578902231,5.194
0,501.2038,0.108481746,4.801
0,502.2964,0.90762667,5.697
0,503.1571,1.279842497,3.796
0,504.1824,2.274354801,0.676
0,504.2071,-3.177839836,4.427
0,504.2224,-1.634526882,3.279
0,504.2644,-1.380860299,3.847
0,505.236,1.181949837,2.917
0,505.2371,1.013359958,0.816
0,508.28,1.577009204,2.988
0,512.2857,-1.946813097,6.504
0,514.2642,1.007580367,5.844
0,523.0001,0.441169824,5.152
0,526.2647,0.335941838,6.979
0,530.2018,0.306726789,4.016
0,530.3214,-0.644003336,4.045
0,532.1906,0.036734039,0.792
0,532.3526,0.298755577,10.707
0,543.3195,1.169898113,5.303
0,544.3373,0.197594088,4.266
0,551.2103,0.945010221,2.591
0,552.3496,0.637153627,5.214
0,553.2943,-1.614807463,6.108
0,555.3098,-2.392048811,6.452
0,559.2603,-0.947743502,7.463
0,560.3058,-2.866715949,5.064
0,562.2489,0.190172512,5.434
0,565.2029,0.309284989,0.801
0,567.1757,-0.697355158,2.786
0,572.2333,1.487823925,5.399
0,574.2227,1.133310333,0.788
0,575.2542,-1.385842194,6.292
0,575.384,1.118176778,5.148
0,576.1819,-0.484679944,0.788
0,579.2172,1.933942054,2.935
0,579.3413,-1.178683336,3.735
0,583.1477,0.133447502,2.876
0,586.2128,-1.519372036,3.002
0,588.3229,-1.167610034,4.257
0,591.3167,1.091959198,5.042
0,592.3019,1.444880201,3.483
0,593.3321,1.242506068,5.017
0,595.3478,-0.071025215,5.049
0,603.4563,-0.281483863,5.393
0,605.3265,-1.569686132,2.998
0,606.1346,-0.767549452,2.583
0,606.2801,1.140755159,3.463
0,61.0395,-0.327983189,0.663
0,618.2905,-0.877181105,3.277
0,651.105,-1.514012629,3.812
0,677.186,-1.419564651,3.444
0,685.2837,1.141304983,4.555
0,693.1579,0.666744159,3.427
0,705.3808,-0.95987466,3.85
0,715.3756,-1.084298879,3.922
0,717.3914,1.348998903,3.919
0,719.3713,1.322713834,3.228
0,719.3715,1.280506568,3.54
0,719.3726,1.29074747,3.874
0,723.3228,1.130239123,3.019
0,728.3715,-0.353481471,3.305
0,731.4168,1.60247266,3.418
0,733.3859,-0.869217754,3.912
0,755.1895,-0.589764636,2.903
0,755.19,-0.956056445,3.465
0,76.0757,0.540512645,0.642
0,912.3994,-0.142052596,3.075
0,1030.3123,-0.220610043,3.466
0,108.0216,0.595272783,3.832
0,109.0294,0.276296973,3.11
0,1093.9937,0.684036034,2.988
0,1108.0095,0.105163005,3.117
0,1108.0095,-0.231301896,3.194
0,1108.0095,-0.544526256,3.804
0,111.0085,-0.84202819,0.703
0,1122.0248,-1.503875601,4.125
0,1122.0249,-1.02226688,4.032
0,1133.0047,1.180231857,3.302
0,123.0452,0.232639229,4.211
0,124.0072,-0.038328553,0.616
0,131.0349,-2.129609948,0.8
0,133.0504,-0.171469965,0.696
0,135.0295,-1.296139427,0.64
0,137.0243,1.546921362,4.815
0,137.0244,1.379187691,4.225
0,137.0248,1.596523128,0.733
0,144.03,-2.285890073,0.697
0,144.0665,-4.22080625,0.781
0,145.0141,-0.562870344,0.693
0,146.0456,-1.673865874,0.708
0,147.0298,-0.652984917,0.76
0,149.0089,-1.769777669,0.649
0,149.0452,0.2618269,0.654
0,151.04,-1.563285083,4.082
0,151.04,-1.432162734,4.576
0,154.0621,-3.543489053,0.609
0,154.9984,-2.805096373,0.703
0,157.0506,-2.712415607,2.959
0,161.0454,-1.200087154,0.768
0,161.9866,0.869218866,2.133
0,161.988,-0.847333293,0.685
0,165.0405,-0.525290801,0.634
0,165.0409,-1.385517026,0.76
0,165.0417,-1.515588626,2.342
0,165.0557,-1.202230908,4.102
0,167.0208,-0.882701328,0.657
0,167.0211,-1.499028393,1.15
0,168.0301,-0.250489877,0.797
0,168.0302,-0.15930928,2.597
0,168.0777,-2.925426444,0.606
0,171.0487,-1.256918492,4.824
0,172.9915,-0.249685046,3.001
0,173.0001,0.00539278,2.997
0,173.0089,-0.628467064,0.672
0,173.0091,-0.315259185,1.231
0,173.9923,-1.682345999,0.799
0,174.0405,-0.55771127,0.655
0,175.0241,0.876172003,0.753
0,175.0611,-0.057969263,3.177
0,175.0975,-0.642492449,4.743
0,177.0225,-3.702294143,0.776
0,177.1283,0.622939788,5.202
0,178.0513,0.992351579,2.879
0,178.0515,-0.358698466,2.811
0,178.0515,0.92421499,3.479
0,178.0524,1.83392064,2.721
0,178.0526,0.898218293,3.481
0,178.0557,0.798560716,3.444
0,179.0556,1.137395872,0.643
0,181.0503,0.697349092,4.495
0,181.0504,-0.378849686,3.017
0,181.0505,-1.008486434,0.817
0,181.0507,1.310466255,4.062
0,181.9916,0.6461044,0.803
0,181.9917,1.02905062,2.823
0,182.0076,0.192679928,0.788
0,182.0282,2.493735121,0.77
0,182.0458,-0.318416002,0.803
0,182.0458,-1.234397158,2.174
0,184.0979,-0.084939393,4.054
0,185.0819,-2.576161443,4.129
0,187.0075,-1.405522166,3.121
0,187.0079,-1.207936039,3.815
0,187.0101,-1.792765372,3.824
0,187.0383,-0.791912188,0.634
0,187.0387,-1.050030052,3.806
0,188.0021,-2.442008835,0.665
0,188.9863,-0.467185325,1.166
0,188.9864,-0.053194908,0.815
0,188.9864,-0.134196532,2.765
0,189.0027,-0.293256139,3.097
0,191.0201,2.454586294,1.159
0,191.0203,-0.11427868,0.697
0,191.0212,-0.770295773,0.699
0,191.0267,-0.330006921,0.755
0,191.0276,1.310907482,1.165
0,191.0523,-1.974149554,0.699
0,191.0524,-1.374117056,0.713
0,191.1076,0.686775583,5.282
0,191.1105,0.270697404,5.283
0,193.0351,-1.591059238,0.617
0,193.0353,-2.403407849,5.465
0,194.0458,-0.113745416,3.657
0,194.0459,0.094887322,0.799
0,194.0459,0.445791284,2.735
0,194.0459,-0.560838105,2.921
0,194.0459,-0.028486742,3.542
0,194.0459,-0.155429228,4.033
0,194.046,1.10445616,0.798
0,194.0491,0.44732098,4.031
0,194.0495,-1.125216685,2.735
0,194.0546,-0.966371167,0.797
0,195.0512,-1.705484085,0.787
0,195.0514,-1.274541654,2.765
0,195.051,-1.190516365,0.627
0,197.0442,0.513504419,3.134
0,197.0453,0.844464684,3.76
0,197.0471,0.151054967,3.745
0,197.0819,-2.114518818,4.344
0,198.1135,-2.876288192,5.021
0,199.0068,-0.485552005,4.328
0,199.0975,-0.886636739,5.017
0,200.1291,-1.734668185,5.38
0,201.0227,-1.892932818,4.086
0,201.0228,-1.010075113,4.555
0,203.0017,-1.719185484,3.661
0,203.0021,1.222954762,0.801
0,203.0021,-1.301900884,2.888
0,203.002,0.31081853,3.205
0,203.0048,0.075987383,3.202
0,204.0666,0.624186865,4.129
0,204.0666,1.493158184,4.532
0,204.9812,-0.954836447,0.795
0,204.9812,-0.837313419,2.586
0,205.0352,-1.041205718,0.76
0,206.9961,-0.374469655,0.7
0,206.9967,1.245351344,2.418
0,208.0615,0.966106082,3.836
0,208.0646,-2.051406857,0.766
0,209.0452,0.599852373,3.159
0,209.0452,0.099436728,3.24
0,209.0455,0.231100355,3.749
0,209.0532,1.690899656,3.773
0,210.0419,-0.997066296,3.959
0,211.0611,1.433180141,3.158
0,211.0613,-0.12253579,3.866
0,211.0615,-0.207636361,4.235
0,211.0967,-0.319208838,4.185
0,211.0971,0.045584699,3.846
0,212.0023,-0.704563456,0.825
0,212.0027,-1.097032733,3.304
0,212.0065,-4.840715896,4.503
0,212.0937,-0.105305664,3.815
0,213.1132,-1.200640009,5.201
0,213.9981,-1.517936249,2.254
0,215.0021,4.651521227,3.307
0,215.0326,-0.762933926,0.629
0,216.9808,0.22689608,0.715
0,216.9812,0.66857271,2.65
0,216.981,-0.309348114,0.709
0,217.0161,0.386672066,1.159
0,217.0162,0.290138824,0.671
0,217.0172,-0.94489821,4.4
0,217.0173,-1.982108308,3.88
0,217.0486,-4.155848573,0.63
0,217.1081,-2.307827521,3.912
0,218.0492,-2.678660711,0.684
0,218.0821,1.158953776,5.22
0,218.1032,0.477393378,0.748
0,218.1033,0.82507312,2.56
0,218.9961,-0.060878756,0.686
0,218.9964,-0.711623159,3.175
0,219.0457,-2.443180014,0.629
0,219.0508,0.666410539,0.792
0,219.0509,0.717911046,2.854
0,219.0524,0.14836516,2.85
0,220.0979,-1.804858903,4.733
0,221.1178,0.740031801,5.185
0,222.0406,-0.485515871,3.686
0,222.1134,-4.446101459,5.811
0,223.0623,-0.64238387,0.802
0,223.0969,0.924242997,5.259
0,223.0982,-0.465305663,5.267
0,224.0561,-1.042717783,3.018
0,224.0563,-1.115448007,0.81
0,224.062,-1.464535914,4.537
0,225.0623,-0.180533736,0.658
0,227.0554,0.114488197,2.1
0,227.0559,1.078498462,0.8
0,227.06,1.607230392,0.796
0,227.9967,-1.070724685,0.668
0,227.9971,-1.345565179,0.795
0,227.9972,-0.734068846,2.377
0,229.017,0.207975138,4.354
0,229.0539,0.467276721,5.383
0,230.0128,-0.951665038,3.042
0,230.0128,-0.363496033,3.569
0,230.0129,0.820886545,2.513
0,230.0135,0.466305833,0.791
0,230.0139,0.725413371,0.763
0,230.0156,1.650187041,0.793
0,230.0159,0.559895866,2.501
0,230.0493,0.692747642,0.666
0,230.9963,3.246326788,3.838
0,230.9967,-0.131873398,0.757
0,230.9968,2.757680032,3.178
0,230.9969,5.185648867,3.457
0,231.0308,0.131133431,0.666
0,231.9926,-2.441984499,0.79
0,232.005,0.378317649,0.705
0,232.9759,0.617547297,0.708
0,233.0124,0.009227599,2.47
0,235.057,-2.517796756,0.641
0,235.0957,0.981108834,5.223
0,236.1018,0.995961123,5.033
0,237.0356,1.060197415,3.369
0,237.0359,-0.464715167,3.933
0,237.1243,0.774457582,4.614
0,238.0776,-0.924814826,4.607
0,239.1144,-2.184461565,0.622
0,240.9816,3.896096006,3.419
0,241.1189,-2.007936144,3.536
0,241.1193,-2.268062439,2.896
0,242.0115,-0.926172402,0.695
0,242.0128,-0.378165897,2.785
0,242.0128,0.437310974,3.535
0,243.0329,-0.013855343,4.371
0,243.0617,-0.945730641,0.662
0,243.0779,0.135749452,4.486
0,243.1236,-1.474131636,4.74
0,243.1344,-2.433478927,3.787
0,243.1349,-2.933144997,3.353
0,245.0124,-0.862389245,3.342
0,245.0433,0.408550638,0.63
0,245.0485,0.483513182,4.677
0,245.0488,-0.832963813,4.187
0,245.0489,-0.580215288,3.748
0,245.0937,-0.81527929,4.487
0,245.1137,-1.44173045,0.783
0,246.0109,0.985067636,2.385
0,246.0383,1.350870573,2.873
0,246.0383,0.591889682,3.487
0,246.0433,1.985012369,0.669
0,246.0752,-1.458011324,4.139
0,246.0753,-2.721525264,3.721
0,246.1531,-2.478294335,5.399
0,246.9913,-1.230052874,0.705
0,246.9917,-0.257723471,2.802
0,247.0277,1.652792762,0.755
0,247.062,-1.474119042,0.659
0,247.0798,-0.599859814,4.12
0,248.0596,-0.980618318,0.808
0,250.0718,0.533293733,3.655
0,251.0128,0.168610992,3.524
0,253.0503,-1.810926039,5.048
0,253.9903,-3.283820529,0.661
0,254.9816,-1.468123517,0.664
0,254.9941,-1.589710451,3.14
0,255.0674,1.099341864,5.078
0,255.1349,-2.071820619,3.614
0,255.1349,-2.121301004,4.042
0,257.0816,-0.462704591,6.056
0,258.0424,-0.391114224,0.699
0,258.044,-0.336956348,2.007
0,258.9916,0.541546457,0.797
0,258.9926,0.779968558,3.301
0,259.057,-1.95018949,0.712
0,259.129,-1.234798809,3.733
0,260.0239,0.44237673,2.686
0,260.0254,0.104354955,0.667
0,261.0071,0.127680941,3.241
0,261.0072,-0.566726675,0.769
0,261.0232,0.148982898,0.668
0,261.039,-0.733734129,0.66
0,262.0286,1.044191287,0.664
0,262.0364,-0.020445031,0.654
0,262.9863,-2.17138745,0.693
0,263.0249,0.750062705,0.69
0,263.0272,2.210032039,2.81
0,263.0573,-0.859755459,0.662
0,263.1041,-0.657746878,2.759
0,263.1041,-1.360924463,2.796
0,263.1046,-0.45068318,3.466
0,263.1054,1.2470786,2.91
0,263.1397,-0.595117705,2.777
0,263.141,-0.494330127,3.465
0,264.0876,-0.965443645,3.875
0,264.1168,-1.365422827,3.46
0,264.9884,-2.561410928,0.68
0,265.0184,1.266960927,2.828
0,265.1192,-0.061690697,4.316
0,267.1235,2.609438051,7.063
0,269.1505,-5.779047989,4.575
0,269.1506,-5.999653628,4.275
0,273.0073,0.681477036,0.807
0,273.0074,0.489532056,3.349
0,274.0026,-1.178096872,0.671
0,274.0027,-0.602025937,2.51
0,274.0396,-2.253680678,0.676
0,274.039,-3.305776831,0.769
0,275.0216,0.206482306,0.69
0,275.0221,0.432981512,0.754
0,275.0224,1.538358,3.427
0,275.0569,0.566800246,0.663
0,276.0009,0.842897922,3.151
0,276.0018,1.677691514,0.763
0,277.0021,-0.779472609,0.707
0,277.0349,-1.35649191,0.667
0,277.052,-0.844935255,0.659
0,277.0852,-1.537653038,0.658
0,278.0698,-1.720774446,0.683
0,279.0491,0.367559378,3.95
0,279.049,-0.82482465,3.659
0,279.0984,-1.391618374,3.799
0,279.9896,-0.559493069,3.301
0,281.1142,-3.150142859,4.039
0,282.0473,-1.208225881,0.802
0,283.0822,-0.590740395,3.328
0,283.0822,-0.521112859,3.893
0,283.1657,-1.934067812,5.239
0,287.0195,-0.6961289,0.66
0,287.0227,-2.635783773,3.548
0,287.0526,-1.95213481,0.66
0,289.0363,-1.133821513,0.688
0,289.0528,-0.222834848,0.664
0,289.0702,-0.673693361,0.663
0,290.0877,-1.277951928,0.662
0,291.0345,-0.319999742,0.717
0,291.0683,-0.375728429,0.654
0,293.0301,-1.403093258,0.685
0,293.0331,1.803456078,2.576
0,293.0676,0.155676746,0.65
0,293.0743,-0.620832624,2.543
0,295.0242,-1.832289219,4.354
0,295.0252,-1.26775145,3.897
0,295.0806,-0.154058248,3.721
0,295.0815,-0.402393125,4.242
0,295.1298,0.817539234,3.641
0,296.0197,-1.641462523,0.697
0,296.9824,-1.511673247,0.699
0,297.0975,-0.950144198,4.072
0,297.0975,-2.506894294,4.498
0,298.0002,0.848988725,3.49
0,299.0779,-1.662492817,3.509
0,299.1247,-6.018921105,0.784
0,300.0195,1.802379307,0.687
0,300.039,-2.539255196,0.661
0,301.0547,0.77611231,0.665
0,301.0563,0.016087355,0.774
0,302.0532,-1.205541053,0.694
0,302.1145,-2.71540828,3.69
0,303.0177,0.594412871,0.795
0,303.0178,0.596481922,3.212
0,303.0365,0.405442077,0.684
0,303.0532,1.01620373,0.705
0,303.0712,0.22009673,0.728
0,303.072,0.949530016,2.684
0,305.1604,-1.89026769,5.512
0,306.9561,-1.128326205,3.814
0,307.0326,0.174053598,0.669
0,307.1184,-0.755096113,6.294
0,308.0774,-1.445721833,3.378
0,308.0983,-1.531001089,0.658
0,310.9691,2.935762077,1.162
0,310.9761,-0.296746099,0.719
0,311.0752,1.30811688,3.182
0,313.0567,0.637113758,0.793
0,313.0569,0.92872789,3.13
0,313.9951,0.400774536,2.734
0,313.995,-0.436405536,4.031
0,313.999,-0.725246857,0.818
0,315.0338,-1.361844473,0.673
0,315.0713,-0.281818885,0.751
0,317.1602,-0.094063884,5.227
0,318.064,-0.389616617,0.674
0,319.0474,-1.252680319,0.696
0,319.1032,-2.912620363,0.789
0,319.1396,-2.047992706,5.493
0,320.0597,-1.583997573,0.683
0,321.0622,-1.211707589,3.448
0,321.0625,-1.01367306,0.656
0,324.0682,0.864170544,6.363
0,324.0723,-2.234646225,0.776
0,324.0723,-0.675958527,2.134
0,324.0723,-0.724281217,2.857
0,325.1288,0.23121024,5.321
0,326.0866,0.814341336,0.798
0,328.0474,-1.567330258,0.665
0,329.1602,1.113984436,5.369
0,330.0287,0.620640916,3.095
0,330.0291,-0.627109524,0.673
0,331.0121,1.028872632,3.56
0,331.0274,-0.258840707,0.668
0,331.091,-1.273575522,2.747
0,331.091,-0.886724331,3.433
0,331.1218,1.203321481,3.932
0,331.1763,-2.074490149,5.775
0,333.0047,-0.87358064,4.33
0,333.0066,-1.022383757,3.893
0,333.0634,-0.368690937,0.694
0,334.0517,-0.98530463,3.708
0,335.0244,-1.32404647,4.36
0,335.0468,-0.155206315,0.663
0,336.0493,0.74183867,0.662
0,336.0706,-1.416074086,3.376
0,336.0708,0.140288365,0.807
0,336.0718,-0.212909832,3.292
0,336.072,-2.142858789,3.762
0,336.1214,-2.831634424,3.081
0,336.1218,-1.157541392,3.046
0,336.1323,-0.428874789,3.647
0,337.0556,2.85934483,0.777
0,337.056,3.172896111,3.104
0,337.1446,-1.185760961,4.025
0,337.1469,-0.73758293,3.591
0,338.0632,0.711729397,3.433
0,338.0879,0.286848237,3.557
0,338.1178,-1.000056691,2.307
0,339.1082,0.159067165,4.74
0,341.1234,-0.212432957,4.519
0,343.0666,-0.737187302,0.756
0,343.0669,-0.872809239,2.881
0,343.0855,-1.072173149,4.396
0,343.0855,-1.4993129,4.765
0,343.1396,1.105751867,5.368
0,344.0448,-0.60464623,0.677
0,345.0438,-1.0144977,0.668
0,345.1552,-3.023646865,6.009
0,345.1553,-3.347115128,5.874
0,345.1554,1.017920122,3.382
0,345.1554,1.588694154,4.506
0,345.1933,1.68843002,4.201
0,347.0424,0.33648602,0.697
0,347.059,0.401317864,0.674
0,347.0774,-0.615549506,4.782
0,347.079,-0.945184562,0.706
0,347.0881,-0.992747158,3.328
0,347.1678,0.558958489,4.233
0,347.17,1.271335861,3.394
0,348.0769,1.39713334,2.315
0,349.0207,-1.920189828,0.696
0,349.059,-0.437137873,0.669
0,350.088,-2.922180743,3.366
0,350.088,-2.915615999,3.952
0,351.0199,-0.241225905,0.667
0,351.0566,-0.771457552,0.663
0,351.07,-0.461155196,3.888
0,352.0859,-1.118968025,5.224
0,354.1007,-2.911973057,4.717
0,354.1009,-2.607040854,5.03
0,355.1037,-1.176895336,4.621
0,356.031,-1.157262248,0.667
0,356.0987,0.213179743,0.796
0,356.1002,0.549238716,2.592
0,357.0823,-0.175289066,0.779
0,357.0825,-0.056213278,3.399
0,357.0826,-0.439113879,2.931
0,357.1009,0.112706793,4.96
0,359.0566,0.258780527,0.67
0,359.0958,0.683779886,2.977
0,359.0975,0.591756182,2.524
0,359.1344,0.482342925,4.351
0,359.1345,0.202401525,3.504
0,359.1347,0.213719306,3.481
0,359.1353,1.302515684,0.806
0,359.1353,1.076554149,3.002
0,360.0729,-0.221274785,0.672
0,361.0218,1.364113876,2.595
0,361.0578,-0.292943374,0.686
0,361.0713,-0.079581819,3.465
0,361.1499,1.606581033,3.066
0,361.1501,-3.399428266,4.225
0,361.1502,0.779043374,3.49
0,363.021,-0.517876686,3.933
0,363.0234,-0.764468557,4.453
0,363.0692,-0.016518058,4.266
0,363.0701,0.004413074,4.451
0,363.0756,0.446789912,0.658
0,363.1657,-2.477079995,4.345
0,363.1658,-0.165135711,4.172
0,364.0954,-1.001195287,0.768
0,364.0958,-0.593943608,3.594
0,364.0972,-1.377411772,3.027
0,365.0528,1.17858996,0.68
0,365.0863,-1.086053251,4.095
0,366.0851,-2.175688877,4.55
0,366.1015,-1.630574562,5.18
0,366.1016,-1.965885982,4.846
0,367.0282,-0.67063221,0.707
0,367.1578,-1.065124145,5.796
0,367.2123,-1.685751697,5.512
0,367.2236,-2.368831157,4.071
0,368.0804,-1.659863156,3.895
0,368.0971,-1.72972195,3.297
0,368.0998,-1.729424209,0.802
0,368.9723,-0.301582827,3.004
0,369.0829,1.047784119,3.476
0,369.1552,-3.741099783,5.993
0,369.1737,-0.507152989,5.331
0,369.1737,-1.84856514,6.099
0,370.0781,-0.27302298,2.895
0,370.0786,-0.15643831,0.733
0,370.0972,-1.587519253,3.765
0,370.097,-2.006574144,3.208
0,370.0981,-2.137729754,3.747
0,371.0241,-0.372121357,0.671
0,371.0976,0.793725883,0.801
0,371.0978,0.887311441,3.481
0,372.0951,-0.477420219,0.795
0,372.1099,-2.587993292,3.404
0,372.1116,-3.964124147,3.914
0,373.1067,0.972780297,2.937
0,373.1139,-1.019412059,4.04
0,373.1141,1.245086467,3.685
0,373.1514,1.017868331,3.715
0,374.0316,0.438163604,2.965
0,374.1378,-1.470545827,5.008
0,375.054,-0.650972556,0.665
0,375.0931,0.700797178,2.077
0,375.1278,1.705820614,3.109
0,375.1294,1.572888131,0.798
0,375.1294,-2.987504687,4.074
0,377.0353,0.09002834,0.713
0,377.0526,-0.090589467,0.697
0,377.1019,-0.385346751,5.09
0,379.0336,-1.986089348,0.708
0,379.0338,-2.009474476,3.038
0,379.0686,-0.084042717,0.661
0,379.0909,0.907193099,2.789
0,379.091,0.971385212,3.484
0,379.1393,0.374954308,5.891
0,379.1607,-1.186732614,3.652
0,379.1607,-1.144040859,4.047
0,379.1955,-1.019207604,5.602
0,380.0301,-0.196059976,1.155
0,381.0301,-0.350328018,1.155
0,381.0802,0.563479573,3.385
0,381.1551,0.67865195,6.237
0,382.9875,-0.540599881,3.002
0,383.0324,-0.295417676,2.787
0,383.0464,-1.920400497,3.601
0,383.053,-0.532342176,3.466
0,383.0644,-1.351704642,2.771
0,383.1529,-1.229825631,4.559
0,383.153,-0.53809649,4.885
0,384.0537,1.465622446,2.335
0,385.1498,-6.316286581,5.181
0,385.1685,-2.247769753,4.355
0,385.1861,1.060928468,4.524
0,387.1489,-2.774909072,5.77
0,387.1658,-1.305030006,5.117
0,388.047,0.370251324,2.937
0,388.047,-0.194490699,3.398
0,388.047,-0.273030802,3.472
0,389.0528,0.474470576,0.7
0,389.0919,-1.082278942,4.531
0,389.0981,-2.50182905,4.564
0,389.1038,0.291386217,0.786
0,389.1043,-0.68562001,2.952
0,389.1814,-1.511843054,5.311
0,391.0332,-0.753291624,0.698
0,391.0993,-1.607753999,4.492
0,391.1124,-1.584090689,0.79
0,391.1968,1.007024328,5.431
0,393.0495,-1.012236257,3.605
0,393.0776,1.780369804,3.464
0,393.2643,-2.248175213,6.229
0,394.06,1.993938511,0.685
0,395.0628,0.004202567,0.675
0,395.0857,1.202416911,2.735
0,395.0857,0.421454421,2.92
0,395.091,0.05543293,3.521
0,395.1144,-0.749432534,4.677
0,396.025,-1.645784671,0.663
0,396.0904,-0.868726943,2.751
0,396.1124,0.337538199,4.459
0,396.1279,-1.544591129,4.011
0,396.1297,-1.252851315,3.506
0,397.0032,-1.2102649,3.133
0,397.0034,-0.864070372,3.815
0,397.0582,-1.384825082,0.701
0,397.1496,0.71669861,4.415
0,397.1911,0.581580917,4.067
0,398.0412,1.31382087,0.681
0,399.0203,0.7572996,0.683
0,399.1658,1.919060837,3.513
0,400.1429,-2.040194902,4.669
0,401.1094,0.760344494,4.24
0,403.066,-0.098787457,3.865
0,403.1019,0.587374649,5.042
0,403.1133,1.463560073,4.514
0,403.1971,2.296263534,3.26
0,403.197,3.529688524,0.807
0,404.0395,0.016753944,3.379
0,404.0405,-0.524926125,3.511
0,405.0285,1.689192648,0.72
0,405.0469,1.379138183,0.697
0,405.0648,0.453662611,0.668
0,405.118,-1.713125681,5.456
0,405.1764,-1.070061659,4.467
0,405.2644,0.863809184,6.291
0,407.0405,1.237727429,4.991
0,407.2799,1.248083218,5.411
0,407.2799,1.488096723,5.805
0,407.2801,0.422218249,6.791
0,409.0428,0.372217348,0.71
0,411.0759,-0.399727674,4.059
0,411.0787,-0.229054186,0.764
0,411.1279,0.788697706,4.49
0,411.1654,1.13794657,4.559
0,411.2021,0.07822722,4.884
0,411.2021,0.056201546,5.398
0,412.9977,0.334566482,3.204
0,413.1426,2.020831135,4.219
0,413.1426,1.744055889,4.51
0,413.1436,2.380348471,3.2
0,413.144,1.686352173,3.692
0,413.1993,-1.001614788,5.357
0,415.1607,1.761526727,0.797
0,416.1536,-2.039376746,5.683
0,417.1173,-1.868952523,4.046
0,417.1192,-0.240791737,4.5
0,417.2126,-1.71710551,6.021
0,418.1123,0.843776666,0.717
0,418.1149,-0.74672249,0.722
0,418.1327,-2.094258165,4.164
0,419.1134,0.877918718,0.748
0,419.1155,0.218199917,2.861
0,419.2281,-1.325683108,6.362
0,421.0558,0.489062396,3.818
0,421.0582,-0.103516415,5.463
0,421.9984,-1.023200374,3.301
0,422.0501,0.499630568,0.727
0,422.1067,0.772083883,0.783
0,422.1084,1.494765966,2.915
0,423.0571,0.644109405,0.703
0,424.0493,-3.169278738,0.721
0,425.145,-2.852678065,4.374
0,427.0844,1.29922453,2.991
0,427.1967,-0.555585944,4.894
0,427.197,1.66465425,3.64
0,427.197,1.286484057,4.049
0,428.0941,1.220684757,2.98
0,428.0955,0.033345676,4.037
0,428.0976,0.985722984,3.601
0,429.0423,0.264591441,3.352
0,429.0815,-1.754652533,4.032
0,429.082,-1.551054891,3.756
0,429.083,-0.058505007,3.201
0,429.1762,-1.475164419,5.798
0,431.0534,-0.133191541,0.666
0,431.0979,-0.533861403,3.907
0,432.1213,1.429396307,3.706
0,433.0646,-0.06915555,4.045
0,433.1136,0.668899401,4.519
0,433.113,-0.550064348,4.886
0,433.2076,-1.131350413,5.283
0,433.2077,-1.252470435,4.995
0,434.1396,-0.125989911,3.922
0,435.2232,-1.873976263,5.611
0,437.0497,1.132438427,3.488
0,437.0526,-0.544875867,5.832
0,437.18,-1.023587304,7.078
0,439.056,-1.758793812,0.753
0,439.1146,0.701395251,6.219
0,439.1607,-1.132105935,4.307
0,439.1608,1.892169222,3.725
0,439.1608,-0.863837904,4.66
0,441.0612,1.395431933,2.876
0,441.1026,1.372348082,3.212
0,442.19,-0.631634779,5.313
0,443.1557,-2.005266751,5.98
0,445.0782,-0.004297231,4.484
0,445.0903,-1.411287574,0.667
0,445.1072,-1.247853591,3.893
0,446.1795,0.401903987,4.499
0,446.1831,-1.358707164,4.341
0,446.2907,-1.930211141,6.081
0,446.2908,0.361230872,6.024
0,446.2909,-0.305157541,6.562
0,447.0919,4.046659623,4.504
0,447.0921,4.04182389,4.067
0,447.0928,-0.287635192,3.777
0,447.092,2.827069193,4.187
0,448.1961,1.012092286,5.778
0,448.1966,-0.137076043,4.911
0,448.3058,-0.690185201,6.47
0,449.0698,-0.878297817,2.589
0,449.1074,-0.117720656,4.301
0,449.254,-1.11158158,8.044
0,457.0689,0.284395984,0.726
0,457.0963,0.845378052,2.367
0,457.097,1.795636822,2.652
0,457.2207,-0.85841849,6.206
0,458.9733,-1.767997451,3.815
0,459.0843,-0.507689885,2.964
0,459.0924,-1.560945281,4.452
0,459.093,-1.955103492,3.801
0,459.1504,-1.63671293,4.33
0,459.1629,-1.824578599,2.778
0,461.0863,0.684930807,3.571
0,461.1337,-1.932982047,5.706
0,461.2388,-1.469022154,5.842
0,462.1766,-2.196221109,4.998
0,463.0831,-1.029633355,5.418
0,463.2334,-1.301354752,5.897
0,464.0663,2.983887615,2.822
0,464.1436,0.508712945,2.856
0,464.1437,0.514032328,2.772
0,464.1437,0.31611052,2.808
0,464.1438,0.29871735,3.474
0,465.0845,1.667424377,4.208
0,465.2493,-2.463088746,6.146
0,467.1506,-1.771773508,5.777
0,467.1919,-1.250149545,5.446
0,467.2645,-0.846867563,5.878
0,468.0451,0.463510512,0.696
0,471.0822,0.555095021,3.708
0,471.2417,-0.363297322,6.297
0,473.0995,-0.88267394,3.464
0,473.0996,-0.307288032,2.932
0,473.1448,-0.8376843,4.73
0,475.0782,0.112282086,0.667
0,475.2184,-1.75993205,5.932
0,476.0359,-1.776011467,3.919
0,477.1039,-0.214246139,2.949
0,477.1039,0.768410274,4.686
0,477.2332,-0.733460051,5.701
0,479.0459,0.728536377,2.443
0,479.0465,0.647425071,3.005
0,479.0506,0.53114577,0.791
0,479.2283,-0.872577697,5.383
0,480.0818,-1.419856878,0.682
0,480.1372,0.035264856,3.468
0,481.0163,-1.222692582,4.286
0,481.2073,-1.159763427,5.68
0,481.2439,-2.52013446,5.242
0,482.2186,-0.255685708,4.626
0,484.0498,-1.176341823,2.566
0,485.0499,-0.507749035,4.198
0,485.0955,1.113504595,0.681
0,485.1661,-1.317175471,4.43
0,486.1199,-0.30570061,5.689
0,487.0759,0.461445232,2.632
0,489.0926,-1.056062084,0.758
0,489.2111,0.246386075,3.578
0,489.2123,0.75778488,4.076
0,489.27,-1.081055205,6.391
0,489.27,-1.250898827,6.555
0,491.191,-1.085281779,4.507
0,491.228,-1.31637614,5.918
0,491.2855,-1.710102265,6.773
0,492.1871,0.169019373,5.243
0,492.1884,-0.568111749,4.319
0,493.0631,1.106626152,3.69
0,493.0642,1.329613864,3.179
0,493.1666,-0.170804945,4.573
0,493.228,-1.34216747,4.95
0,493.2439,-1.854894558,6.516
0,494.1144,0.804364554,0.666
0,495.1174,0.837558353,4.369
0,495.2227,0.212581509,4.812
0,495.2229,-1.766239818,3.594
0,495.2232,0.395527249,5.846
0,495.223,-0.675411623,4.067
0,495.296,-0.723297971,6.494
0,496.198,-2.370838476,6.048
0,497.0695,-0.949484355,3.785
0,497.2379,-1.051856108,4.163
0,497.2751,-1.026713422,5.86
0,499.0756,2.710151527,0.705
0,500.1902,0.606989723,3.066
0,500.282,1.051086372,5.708
0,501.1339,0.178060736,4.505
0,501.2122,1.162740322,5.698
0,502.1148,-1.470455456,5.219
0,502.2071,0.564043802,0.806
0,505.2452,-0.851428365,7.002
0,507.2078,-1.665515008,4.607
0,507.2079,-1.83584409,4.889
0,507.2231,0.429760053,6.98
0,509.0384,0.046481807,0.699
0,509.0409,-0.431706721,3.291
0,509.0519,1.274729234,2.681
0,509.2379,-1.772175847,5.991
0,509.2751,-2.989133469,5.084
0,509.2751,-2.464232254,6.332
0,509.2752,-1.619159335,5.821
0,510.2524,-0.954618143,6.169
0,511.2181,-0.921655681,5.843
0,511.2544,0.339960068,5.206
0,511.2909,-1.311873858,6.014
0,512.1916,0.243485976,6.018
0,512.2682,-0.604773871,6.624
0,513.0964,-0.987878449,3.899
0,514.136,-2.391986978,3.993
0,514.1681,1.785279872,4.367
0,514.1698,-0.104832723,4.543
0,515.1648,0.940615778,5.296
0,517.0977,1.042421367,4.399
0,519.223,1.587468328,7.484
0,521.1082,-0.749633234,4.508
0,521.239,-0.175120473,6.221
0,524.0845,-0.986225812,0.705
0,525.0334,-1.331561413,3.606
0,525.27,-1.591130998,5.101
0,526.0995,1.275833204,0.675
0,526.114,0.066598507,3.463
0,526.2476,-1.423319837,5.551
0,528.2617,-0.560885045,5.454
0,528.2633,-2.784252586,5.962
0,529.121,-1.861220259,5.76
0,529.162,0.129510832,5.829
0,531.0773,0.948535651,4.532
0,531.1447,-0.408048512,4.141
0,536.1898,-0.230361091,4.583
0,539.1147,-0.677180034,5.072
0,539.2494,-2.139916486,4.677
0,541.1207,-0.535977195,0.663
0,541.2651,-1.790638591,4.526
0,541.2651,-2.830511409,4.807
0,541.265,-2.86477164,4.928
0,543.0792,-0.103242908,0.704
0,543.2074,1.134657431,5.421
0,544.1789,0.074243362,6.025
0,544.2886,0.390551357,5.154
0,547.1102,0.308254189,3.005
0,547.1106,0.337384285,0.67
0,549.1196,0.804954352,2.793
0,549.1948,-1.113338415,4.514
0,549.1963,-1.029224802,2.777
0,550.1307,-1.518528129,0.664
0,553.1926,-1.426665214,5.396
0,555.0787,0.699331782,2.996
0,557.2465,-1.94095271,7.479
0,559.1102,0.380570807,0.68
0,562.1922,-0.271221954,4.035
0,563.1044,1.167870964,2.949
0,565.1557,-1.277389826,4.485
0,565.1563,-0.902449674,4.799
0,565.3012,1.309960627,5.907
0,566.3329,-1.343047718,6.114
0,567.3168,-0.380862801,5.938
0,567.317,-0.435223395,6.697
0,569.0928,1.43044203,2.988
0,569.0956,-0.796949219,3.38
0,569.1299,-0.012334185,4.178
0,569.1307,-0.490470632,3.754
0,569.1751,-0.872811959,3.441
0,571.1469,-0.552124414,3.618
0,571.1476,0.631361565,4.081
0,572.1094,-0.625286742,3.326
0,572.2105,2.129708716,4.512
0,572.2528,-3.222184725,4.339
0,573.2393,-0.396786843,7.26
0,573.2395,-0.62617883,6.305
0,576.1317,-0.206496305,0.792
0,576.1384,2.735907735,0.705
0,577.1184,0.824042047,2.969
0,579.0457,-0.070343989,0.796
0,579.2066,0.475975764,4.211
0,580.1297,0.966287496,2.848
0,583.1089,0.73197821,3.742
0,583.3118,-0.110457635,5.69
0,583.3118,0.928275283,5.932
0,584.1374,-1.0126843,3.972
0,585.0184,-0.592500192,3.643
0,589.3024,1.018918076,5.037
0,590.1068,0.682595738,3.469
0,591.3184,0.306446537,5.021
0,593.3333,-0.200807032,5.048
0,594.0962,0.749937843,3.363
0,594.3642,0.57651403,5.768
0,596.1248,0.820492981,2.733
0,600.2843,-3.527557719,4.732
0,601.2255,-0.376277403,5.243
0,605.1126,-0.36443627,3.023
0,606.9991,-1.07208622,3.815
0,607.1267,1.238434926,3.483
0,608.1059,-0.330413799,3.3
0,610.164,-1.287246919,2.859
0,611.069,0.581118664,3.647
0,611.1667,-1.034480116,3.462
0,613.3589,-2.30832069,5.89
0,617.1836,0.225917242,4.515
0,618.1838,-0.6225891,3.802
0,618.1913,-1.390131006,4.649
0,623.0319,1.286416761,2.6
0,624.3385,-0.880693719,6.01
0,625.0354,-0.064438912,3.814
0,627.3743,-0.36402643,6.176
0,629.3537,-2.773299525,5.37
0,636.1806,-2.448177729,3.455
0,639.0783,-1.806569664,3.758
0,640.3332,-0.911170829,4.371
0,640.3334,0.413394339,5.395
0,645.1893,2.042552502,2.881
0,645.1896,1.448580137,3.451
0,649.0893,0.246063839,3.836
0,651.3856,-0.16403449,5.28
0,653.1834,1.070457516,2.294
0,659.2045,0.797524301,2.918
0,665.1832,0.685002466,2.777
0,665.1833,1.088670778,2.829
0,669.1448,-0.726761599,2.74
0,673.2558,-1.116196141,7.365
0,674.1395,0.422604283,3.477
0,675.1222,-0.51935996,2.643
0,679.1625,-1.169134089,3.856
0,680.165,0.172493496,3.608
0,680.2306,-0.984387911,4.136
0,681.2357,-0.013089243,4.115
0,685.341,-1.737018169,5.775
0,690.3154,-0.724007946,4.751
0,691.3179,1.578637761,4.171
0,741.1857,0.044576898,3.018
0,744.2193,-0.240186683,2.763
0,744.2195,0.019250745,3.468
0,750.2363,0.177063862,3.468
0,78.9585,-1.79507094,0.702
0,801.2549,0.530451066,4.519
0,817.2886,1.342276187,4.438
0,845.2477,1.49081347,4.186
0,853.2516,1.443001655,4.121
0,869.3936,0.986310452,6.15
0,889.161,-0.048224134,3.783
0,908.2639,1.0100254,4.165
0,913.2118,0.483753576,3.895
0,951.181,0.064399393,3.008
0,973.198,0.700797178,3.133
