m/z,rt,p-value,t-score,mode
1030.3123,3.466,0.0838,1.920057921,negative
108.0216,3.832,0.809,-0.248311208,negative
109.0294,3.11,0.572,0.584788293,negative
1093.9937,2.988,0.785,-0.280814549,negative
1108.0095,3.117,0.183,1.431322926,negative
1108.0095,3.194,0.144,1.586010273,negative
1108.0095,3.804,0.192,1.39819601,negative
111.0085,0.703,0.592,-0.553444853,negative
1122.0248,4.125,1.07E-08,16.95393799,negative
1122.0249,4.032,1.51E-07,12.86439404,negative
1133.0047,3.302,0.343,-0.994389127,negative
123.0452,4.211,0.731,0.353818362,negative
124.0072,0.616,0.33,-1.023668638,negative
131.0349,0.8,0.0637,-2.084539612,negative
133.0504,0.696,0.512,-0.679322943,negative
135.0295,0.64,0.772,0.297861672,negative
137.0243,4.815,0.639,0.484095898,negative
137.0244,4.225,0.967,-0.042984131,negative
137.0248,0.733,0.64,0.481685917,negative
144.03,0.697,0.717,0.373404289,negative
144.0665,0.781,0.116,-1.718681717,negative
145.0141,0.693,0.525,-0.659069897,negative
146.0456,0.708,0.489,0.718343617,negative
147.0298,0.76,0.954,-0.059124187,negative
149.0089,0.649,0.625,-0.503963367,negative
149.0452,0.654,0.567,-0.592584596,negative
151.04,4.082,0.649,0.469774879,negative
151.04,4.576,0.936,0.081760955,negative
154.0621,0.609,0.392,-0.895378534,negative
154.9984,0.703,0.681,0.422689498,negative
157.0506,2.959,0.275,-1.154473694,negative
161.0454,0.768,0.994,0.007433686,negative
161.9866,2.133,0.427,0.828869581,negative
161.988,0.685,0.54,0.634817487,negative
165.0405,0.634,0.172,1.472726454,negative
165.0409,0.76,0.0572,-2.149104473,negative
165.0417,2.342,0.131,-1.643493079,negative
165.0557,4.102,0.0852,1.909805214,negative
167.0208,0.657,0.274,-1.15831421,negative
167.0211,1.15,0.294,-1.106325295,negative
168.0301,0.797,0.108,1.765676601,negative
168.0302,2.597,0.0267,2.594819742,negative
168.0777,0.606,0.72,-0.368744818,negative
171.0487,4.824,0.82,0.233345958,negative
172.9915,3.001,0.725,0.362304438,negative
173.0001,2.997,0.835,0.213298106,negative
173.0089,0.672,0.25,-1.221490032,negative
173.0091,1.231,0.715,0.376238815,negative
173.9923,0.799,0.578,0.574411454,negative
174.0405,0.655,0.0306,-2.515647116,negative
175.0241,0.753,0.842,-0.204907037,negative
175.0611,3.177,0.812,-0.244359872,negative
175.0975,4.743,0.749,-0.328882108,negative
177.0225,0.776,0.141,-1.5976685,negative
177.1283,5.202,0.728,-0.357178957,negative
178.0513,2.879,0.705,0.390051035,negative
178.0515,2.811,0.719,-0.370419664,negative
178.0515,3.479,0.686,0.415592612,negative
178.0524,2.721,0.878,0.157008326,negative
178.0526,3.481,0.862,-0.177923728,negative
178.0557,3.444,0.753,0.324042542,negative
179.0556,0.643,0.89,-0.142243816,negative
181.0503,4.495,0.582,-0.569074812,negative
181.0504,3.017,0.419,-0.842936619,negative
181.0505,0.817,0.484,-0.727409005,negative
181.0507,4.062,0.277,-1.150864434,negative
181.9916,0.803,0.879,0.156030557,negative
181.9917,2.823,0.837,0.211607843,negative
182.0076,0.788,0.867,-0.171864577,negative
182.0282,0.77,0.847,0.198183207,negative
182.0458,0.803,0.727,0.35883611,negative
182.0458,2.174,0.637,0.487369737,negative
184.0979,4.054,0.187,-1.415216152,negative
185.0819,4.129,0.548,-0.621325202,negative
187.0075,3.121,0.237,1.257562938,negative
187.0079,3.815,0.189,1.409766369,negative
187.0101,3.824,0.172,1.469485712,negative
187.0383,0.634,0.028,-2.567730627,negative
187.0387,3.806,0.203,1.362972459,negative
188.0021,0.665,0.889,0.142995148,negative
188.9863,1.166,0.732,0.352304405,negative
188.9864,0.815,0.637,0.486719699,negative
188.9864,2.765,0.276,1.153331515,negative
189.0027,3.097,0.232,1.272870325,negative
191.0201,1.159,0.124,-1.680880727,negative
191.0203,0.697,0.488,-0.719882916,negative
191.0212,0.699,0.249,-1.22505824,negative
191.0267,0.755,0.154,1.544176801,negative
191.0276,1.165,0.233,1.270740215,negative
191.0523,0.699,0.746,-0.333164435,negative
191.0524,0.713,0.571,0.585058585,negative
191.1076,5.282,0.581,-0.569665213,negative
191.1105,5.283,0.765,0.307120519,negative
193.0351,0.617,0.698,0.398807449,negative
193.0353,5.465,0.757,0.318237484,negative
194.0458,3.657,0.0141,2.967654146,negative
194.0459,0.799,0.734,-0.349986972,negative
194.0459,2.735,0.835,-0.213272146,negative
194.0459,2.921,0.402,-0.875278467,negative
194.0459,3.542,0.0685,2.041313948,negative
194.0459,4.033,0.106,1.774225116,negative
194.046,0.798,0.734,-0.349986972,negative
194.0491,4.031,0.2,-1.371703698,negative
194.0495,2.735,0.406,-0.86776389,negative
194.0546,0.797,0.788,-0.276338557,negative
195.0512,0.787,0.227,-1.287754189,negative
195.0514,2.765,0.123,-1.685858768,negative
195.051,0.627,0.0188,-2.800696677,negative
197.0442,3.134,0.783,-0.283083753,negative
197.0453,3.76,0.853,-0.190411005,negative
197.0471,3.745,0.609,-0.527814111,negative
197.0819,4.344,0.692,-0.40821677,negative
198.1135,5.021,0.157,-1.531285591,negative
199.0068,4.328,0.0148,2.937956786,negative
199.0975,5.017,0.0887,1.885434264,negative
200.1291,5.38,0.649,0.46872884,negative
201.0227,4.086,4.55E-08,14.59462322,negative
201.0228,4.555,2.66E-08,15.42991292,negative
203.0017,3.661,0.406,0.867829234,negative
203.0021,0.801,0.0791,1.954818426,negative
203.0021,2.888,0.506,0.689834361,negative
203.002,3.205,0.354,0.971547967,negative
203.0048,3.202,0.383,0.911814762,negative
204.0666,4.129,0.754,-0.322099552,negative
204.0666,4.532,0.863,-0.176430486,negative
204.9812,0.795,0.46,0.768523416,negative
204.9812,2.586,0.451,0.785228613,negative
205.0352,0.76,0.336,-1.010072318,negative
206.9961,0.7,0.163,1.505040254,negative
206.9967,2.418,0.152,1.549483199,negative
208.0615,3.836,0.00839,-3.272723999,negative
208.0646,0.766,0.354,-0.972056905,negative
209.0452,3.159,0.8,-0.259827712,negative
209.0452,3.24,0.926,0.095701185,negative
209.0455,3.749,0.48,-0.734278703,negative
209.0532,3.773,0.0392,-2.371227171,negative
210.0419,3.959,0.339,-1.004587381,negative
211.0611,3.158,0.0103,-3.149252856,negative
211.0613,3.866,0.561,-0.600869099,negative
211.0615,4.235,0.471,-0.749121304,negative
211.0967,4.185,0.0994,-1.815982687,negative
211.0971,3.846,0.135,-1.626470519,negative
212.0023,0.825,0.779,0.288415302,negative
212.0027,3.304,0.327,1.030396409,negative
212.0065,4.503,0.196,1.384714718,negative
212.0937,3.815,0.23,-1.279542912,negative
213.1132,5.201,0.274,1.158422037,negative
213.9981,2.254,0.479,0.735563083,negative
215.0021,3.307,2.86E-05,7.220692658,negative
215.0326,0.629,0.523,-0.662653812,negative
216.9808,0.715,0.338,1.00546604,negative
216.9812,2.65,0.435,0.812919001,negative
216.981,0.709,0.334,1.015136711,negative
217.0161,1.159,0.635,-0.489585029,negative
217.0162,0.671,0.353,-0.974654605,negative
217.0172,4.4,1.70E-04,5.811750134,negative
217.0173,3.88,0.00433,3.667623964,negative
217.0486,0.63,0.494,-0.709642498,negative
217.1081,3.912,0.923,0.098781843,negative
218.0492,0.684,0.297,-1.100138852,negative
218.0821,5.22,0.0194,-2.782899298,negative
218.1032,0.748,0.758,-0.317118315,negative
218.1033,2.56,0.0906,-1.872689525,negative
218.9961,0.686,0.983,-0.021970844,negative
218.9964,3.175,0.65,-0.467952343,negative
219.0457,0.629,0.224,-1.296247548,negative
219.0508,0.792,0.451,-0.783929304,negative
219.0509,2.854,0.529,-0.651710949,negative
219.0524,2.85,0.747,-0.331879595,negative
220.0979,4.733,0.0674,2.050528059,negative
221.1178,5.185,0.279,-1.145649718,negative
222.0406,3.686,0.422,-0.836350726,negative
222.1134,5.811,0.734,-0.349515415,negative
223.0623,0.802,0.0274,-2.580491092,negative
223.0969,5.259,0.408,-0.863792764,negative
223.0982,5.267,0.89,-0.141799999,negative
224.0561,3.018,0.551,0.617417963,negative
224.0563,0.81,0.535,0.642645351,negative
224.062,4.537,0.14,-1.604900276,negative
225.0623,0.658,0.0214,-2.72389763,negative
227.0554,2.1,0.995,-0.006908267,negative
227.0559,0.8,0.0467,-2.268031518,negative
227.06,0.796,0.622,-0.508951505,negative
227.9967,0.668,0.225,1.294676198,negative
227.9971,0.795,0.454,0.77961335,negative
227.9972,2.377,0.418,0.845002037,negative
229.017,4.354,0.449,-0.787984674,negative
229.0539,5.383,0.852,-0.191232432,negative
230.0128,3.042,0.933,-0.085867716,negative
230.0128,3.569,0.508,0.686187732,negative
230.0129,2.513,0.164,1.501606397,negative
230.0135,0.791,0.474,0.743503422,negative
230.0139,0.763,0.245,1.236011463,negative
230.0156,0.793,0.86,0.18148217,negative
230.0159,2.501,0.228,1.283626004,negative
230.0493,0.666,0.751,-0.326167812,negative
230.9963,3.838,0.601,-0.539289551,negative
230.9967,0.757,0.0264,2.601496621,negative
230.9968,3.178,0.0857,1.906707131,negative
230.9969,3.457,0.603,0.536908171,negative
231.0308,0.666,0.137,-1.618897386,negative
231.9926,0.79,0.845,-0.200256977,negative
232.005,0.705,0.15,1.558509565,negative
232.9759,0.708,0.0043,3.673044829,negative
233.0124,2.47,0.445,0.796013321,negative
235.057,0.641,0.00916,-3.220758275,negative
235.0957,5.223,0.767,-0.304129006,negative
236.1018,5.033,0.711,-0.380706573,negative
237.0356,3.369,0.625,-0.504473575,negative
237.0359,3.933,0.433,0.81645056,negative
237.1243,4.614,0.12,1.69890774,negative
238.0776,4.607,0.0545,-2.177228479,negative
239.1144,0.622,0.923,-0.099543524,negative
240.9816,3.419,0.289,-1.118684291,negative
241.1189,3.536,0.914,-0.110379303,negative
241.1193,2.896,0.794,-0.268538762,negative
242.0115,0.695,0.632,0.493696526,negative
242.0128,2.785,0.598,0.543978988,negative
242.0128,3.535,0.132,-1.638124833,negative
243.0329,4.371,0.161,-1.514183356,negative
243.0617,0.662,0.831,-0.21958399,negative
243.0779,4.486,0.862,-0.178704386,negative
243.1236,4.74,0.591,0.555783581,negative
243.1344,3.787,0.989,-0.013954936,negative
243.1349,3.353,0.977,0.029809686,negative
245.0124,3.342,0.202,-1.366580794,negative
245.0433,0.63,0.223,1.300762176,negative
245.0485,4.677,0.566,0.59288608,negative
245.0488,4.187,0.43,-0.82161862,negative
245.0489,3.748,0.356,-0.967754487,negative
245.0937,4.487,0.47,-0.751622102,negative
245.1137,0.783,0.595,0.549544416,negative
246.0109,2.385,0.476,0.740993241,negative
246.0383,2.873,0.866,0.173654343,negative
246.0383,3.487,0.752,-0.324618328,negative
246.0433,0.669,0.263,-1.186056723,negative
246.0752,4.139,0.0946,-1.846335712,negative
246.0753,3.721,0.0227,-2.690304058,negative
246.1531,5.399,0.677,-0.428672731,negative
246.9913,0.705,0.578,0.575444798,negative
246.9917,2.802,0.155,1.53788699,negative
247.0277,0.755,0.132,1.640153174,negative
247.062,0.659,0.106,-1.776629325,negative
247.0798,4.12,0.0322,-2.485532968,negative
248.0596,0.808,0.925,0.096862318,negative
250.0718,3.655,0.478,-0.737203594,negative
251.0128,3.524,0.196,-1.385975496,negative
253.0503,5.048,4.28E-05,6.883944476,negative
253.9903,0.661,0.124,-1.678659545,negative
254.9816,0.664,0.0436,-2.308606463,negative
254.9941,3.14,0.188,1.411527706,negative
255.0674,5.078,0.00431,3.671258282,negative
255.1349,3.614,0.474,-0.744144782,negative
255.1349,4.042,0.498,-0.703426667,negative
257.0816,6.056,6.85E-05,6.505158379,negative
258.0424,0.699,0.161,1.514666194,negative
258.044,2.007,0.17,-1.477850326,negative
258.9916,0.797,0.64,-0.482518787,negative
258.9926,3.301,0.256,1.203809673,negative
259.057,0.712,0.0454,-2.285240694,negative
259.129,3.733,0.443,-0.799287876,negative
260.0239,2.686,0.412,0.85532702,negative
260.0254,0.667,0.781,0.285635254,negative
261.0071,3.241,0.61,0.5263741,negative
261.0072,0.769,0.377,-0.92419343,negative
261.0232,0.668,0.433,-0.816812815,negative
261.039,0.66,0.309,1.070823213,negative
262.0286,0.664,0.387,0.903940971,negative
262.0364,0.654,0.92,0.103032642,negative
262.9863,0.693,0.0944,-1.847622724,negative
263.0249,0.69,0.3,-1.093991388,negative
263.0272,2.81,0.989,0.014008741,negative
263.0573,0.662,0.121,-1.693843857,negative
263.1041,2.759,0.221,1.305945523,negative
263.1041,2.796,0.0525,2.199176689,negative
263.1046,3.466,0.137,1.614588483,negative
263.1054,2.91,0.402,-0.87435552,negative
263.1397,2.777,0.169,1.480690701,negative
263.141,3.465,0.176,1.457344298,negative
264.0876,3.875,0.434,0.815682671,negative
264.1168,3.46,0.255,1.208470554,negative
264.9884,0.68,0.474,-0.743198693,negative
265.0184,2.828,0.319,-1.049577061,negative
265.1192,4.316,0.643,-0.477684265,negative
267.1235,7.063,0.165,1.499122779,negative
269.1505,4.575,0.348,-0.984741849,negative
269.1506,4.275,0.287,-1.123924708,negative
273.0073,0.807,0.154,-1.542048648,negative
273.0074,3.349,0.254,-1.2092039,negative
274.0026,0.671,0.214,-1.327772981,negative
274.0027,2.51,0.161,-1.513984431,negative
274.0396,0.676,0.495,-0.708015738,negative
274.039,0.769,0.575,-0.579481135,negative
275.0216,0.69,0.514,-0.677098358,negative
275.0221,0.754,0.592,-0.553200207,negative
275.0224,3.427,0.0215,-2.721029106,negative
275.0569,0.663,0.174,-1.465097966,negative
276.0009,3.151,0.834,0.214999775,negative
276.0018,0.763,0.433,0.817512251,negative
277.0021,0.707,0.374,0.931295894,negative
277.0349,0.667,0.94,0.077752528,negative
277.052,0.659,0.388,0.902555108,negative
277.0852,0.658,0.0609,-2.111360252,negative
278.0698,0.683,0.00125,-4.441324007,negative
279.0491,3.95,0.809,0.248507803,negative
279.049,3.659,0.791,0.271922705,negative
279.0984,3.799,0.768,-0.303112915,negative
279.9896,3.301,0.457,0.773074361,negative
281.1142,4.039,0.148,-1.566171991,negative
282.0473,0.802,0.34,-1.002427796,negative
283.0822,3.328,0.126,1.667111778,negative
283.0822,3.893,0.139,1.609739453,negative
283.1657,5.239,0.637,-0.487005371,negative
287.0195,0.66,0.148,1.566495814,negative
287.0227,3.548,0.0819,-1.934029555,negative
287.0526,0.66,0.0307,-2.513388717,negative
289.0363,0.688,0.116,-1.721832094,negative
289.0528,0.664,0.0574,-2.146879452,negative
289.0702,0.663,0.136,-1.622625469,negative
290.0877,0.662,0.379,-0.920525369,negative
291.0345,0.717,0.844,-0.20167681,negative
291.0683,0.654,0.289,-1.119070848,negative
293.0301,0.685,0.313,-1.063185021,negative
293.0331,2.576,0.177,-1.453763829,negative
293.0676,0.65,0.612,-0.524231853,negative
293.0743,2.543,0.988,-0.015067642,negative
295.0242,4.354,0.41,-0.860272316,negative
295.0252,3.897,0.988,-0.015652221,negative
295.0806,3.721,0.014,2.970590546,negative
295.0815,4.242,0.00144,4.351550804,negative
295.1298,3.641,0.815,0.240057383,negative
296.0197,0.697,0.0942,-1.848674938,negative
296.9824,0.699,0.091,-1.869861349,negative
297.0975,4.072,1.95E-07,12.52584827,negative
297.0975,4.498,3.03E-08,15.22504679,negative
298.0002,3.49,0.925,-0.0969742,negative
299.0779,3.509,0.981,-0.02403652,negative
299.1247,0.784,0.591,-0.554906521,negative
300.0195,0.687,0.122,-1.687726415,negative
300.039,0.661,0.0146,-2.945955258,negative
301.0547,0.665,0.567,0.592108166,negative
301.0563,0.774,0.16,1.519369724,negative
302.0532,0.694,0.571,-0.585070563,negative
302.1145,3.69,0.812,-0.243731714,negative
303.0177,0.795,0.0608,-2.112765414,negative
303.0178,3.212,0.0955,-1.840889735,negative
303.0365,0.684,0.847,0.198651758,negative
303.0532,0.705,0.604,-0.535374875,negative
303.0712,0.728,0.0105,3.139115927,negative
303.072,2.684,0.0376,2.395147198,negative
305.1604,5.512,0.503,-0.694913298,negative
306.9561,3.814,0.185,1.422313694,negative
307.0326,0.669,0.852,-0.192065195,negative
307.1184,6.294,0.979,0.026501253,negative
308.0774,3.378,0.17,1.477932498,negative
308.0983,0.658,0.157,-1.530932346,negative
310.9691,1.162,0.651,-0.465773375,negative
310.9761,0.719,0.52,-0.667229105,negative
311.0752,3.182,0.128,1.660320117,negative
313.0567,0.793,0.424,0.83268163,negative
313.0569,3.13,0.0614,2.106251768,negative
313.9951,2.734,0.89,-0.141307339,negative
313.995,4.031,0.146,1.578086364,negative
313.999,0.818,0.276,1.153330052,negative
315.0338,0.673,0.303,-1.086517727,negative
315.0713,0.751,0.647,0.471663731,negative
317.1602,5.227,0.206,1.35296645,negative
318.064,0.674,0.431,-0.82036027,negative
319.0474,0.696,0.0465,-2.271358557,negative
319.1032,0.789,0.0177,-2.834109389,negative
319.1396,5.493,0.419,-0.842270485,negative
320.0597,0.683,0.512,-0.679718467,negative
321.0622,3.448,0.865,-0.174747521,negative
321.0625,0.656,0.0917,-1.865125063,negative
324.0682,6.363,0.367,0.943902352,negative
324.0723,0.776,0.295,1.105843147,negative
324.0723,2.134,0.123,1.683963739,negative
324.0723,2.857,0.389,0.900714381,negative
325.1288,5.321,0.458,-0.771716352,negative
326.0866,0.798,0.406,0.868180813,negative
328.0474,0.665,0.0122,-3.05162298,negative
329.1602,5.369,0.803,-0.256473975,negative
330.0287,3.095,0.0645,-2.077500681,negative
330.0291,0.673,0.813,0.24264339,negative
331.0121,3.56,0.716,-0.373735673,negative
331.0274,0.668,0.328,1.029474255,negative
331.091,2.747,0.405,0.869371069,negative
331.091,3.433,0.973,-0.035143313,negative
331.1218,3.932,0.00969,-3.187731358,negative
331.1763,5.775,0.469,-0.75198307,negative
333.0047,4.33,8.12E-06,8.344940653,negative
333.0066,3.893,2.56E-05,7.313244235,negative
333.0634,0.694,0.141,-1.599866261,negative
334.0517,3.708,0.998,0.002365741,negative
335.0244,4.36,2.48E-06,9.524044926,negative
335.0468,0.663,0.165,-1.498325937,negative
336.0493,0.662,0.351,-0.97761663,negative
336.0706,3.376,0.369,0.939954629,negative
336.0708,0.807,0.244,-1.238664372,negative
336.0718,3.292,0.0881,-1.889878689,negative
336.072,3.762,0.0638,-2.083648921,negative
336.1214,3.081,0.802,-0.257438053,negative
336.1218,3.046,0.159,-1.52209071,negative
336.1323,3.647,0.456,-0.776060286,negative
337.0556,0.777,0.564,-0.597041218,negative
337.056,3.104,0.819,-0.23480499,negative
337.1446,4.025,0.778,0.289772993,negative
337.1469,3.591,0.788,0.276493005,negative
338.0632,3.433,0.527,-0.654712618,negative
338.0879,3.557,0.589,0.558248405,negative
338.1178,2.307,0.34,-1.001631456,negative
339.1082,4.74,0.918,-0.105404386,negative
341.1234,4.519,0.963,-0.047590092,negative
343.0666,0.756,0.591,0.555450392,negative
343.0669,2.881,0.401,0.876922916,negative
343.0855,4.396,0.711,0.381544575,negative
343.0855,4.765,0.327,1.030744372,negative
343.1396,5.368,0.00855,-3.261652893,negative
344.0448,0.677,0.818,0.23623764,negative
345.0438,0.668,0.165,-1.496826177,negative
345.1552,6.009,0.59,-0.556514268,negative
345.1553,5.874,0.423,-0.834507354,negative
345.1554,3.382,0.0176,-2.839922429,negative
345.1554,4.506,0.00622,-3.450951406,negative
345.1933,4.201,0.0497,-2.23116674,negative
347.0424,0.697,0.533,-0.644940486,negative
347.059,0.674,0.327,-1.029605865,negative
347.0774,4.782,0.0407,2.349122868,negative
347.079,0.706,0.0981,-1.824293573,negative
347.0881,3.328,0.28,-1.141641357,negative
347.1678,4.233,0.0362,-2.418549553,negative
347.17,3.394,0.0487,-2.243781977,negative
348.0769,2.315,0.303,1.085046724,negative
349.0207,0.696,0.597,-0.546490258,negative
349.059,0.669,0.211,-1.337757849,negative
350.088,3.366,0.761,-0.312739514,negative
350.088,3.952,0.704,-0.390708743,negative
351.0199,0.667,0.0321,-2.488484236,negative
351.0566,0.663,0.0739,-1.99587731,negative
351.07,3.888,0.226,1.289995031,negative
352.0859,5.224,0.591,-0.55474526,negative
354.1007,4.717,0.0826,-1.928803805,negative
354.1009,5.03,0.11,-1.754954367,negative
355.1037,4.621,9.22E-04,-4.639780429,negative
356.031,0.667,0.699,-0.397544132,negative
356.0987,0.796,0.733,-0.351389909,negative
356.1002,2.592,0.591,0.555654607,negative
357.0823,0.779,0.76,-0.313938887,negative
357.0825,3.399,0.873,0.164093489,negative
357.0826,2.931,0.79,0.273882863,negative
357.1009,4.96,0.375,0.928982032,negative
359.0566,0.67,0.0794,-1.952309103,negative
359.0958,2.977,0.905,-0.121775649,negative
359.0975,2.524,0.602,-0.538389987,negative
359.1344,4.351,0.0152,-2.922364593,negative
359.1345,3.504,0.0519,-2.205655675,negative
359.1347,3.481,0.0458,-2.280404991,negative
359.1353,0.806,0.011,-3.113066975,negative
359.1353,3.002,0.0138,-2.98175573,negative
360.0729,0.672,0.0604,-2.115963156,negative
361.0218,2.595,0.987,-0.016203699,negative
361.0578,0.686,0.0867,-1.899264399,negative
361.0713,3.465,0.164,1.502041359,negative
361.1499,3.066,0.0131,-3.010305275,negative
361.1501,4.225,0.8,0.260670961,negative
361.1502,3.49,0.0107,-3.129756109,negative
363.021,3.933,0.00106,4.546386512,negative
363.0234,4.453,0.00756,3.334866141,negative
363.0692,4.266,0.903,-0.124694936,negative
363.0701,4.451,0.939,0.078011417,negative
363.0756,0.658,0.162,-1.511593857,negative
363.1657,4.345,0.412,-0.85692732,negative
363.1658,4.172,0.571,-0.586256392,negative
364.0954,0.768,0.228,-1.284225687,negative
364.0958,3.594,0.759,0.315002301,negative
364.0972,3.027,0.0895,-1.880454699,negative
365.0528,0.68,0.964,-0.04680433,negative
365.0863,4.095,2.93E-06,9.351826015,negative
366.0851,4.55,0.00104,4.56103409,negative
366.1015,5.18,0.121,-1.694798631,negative
366.1016,4.846,0.707,-0.386557014,negative
367.0282,0.707,0.498,-0.702987354,negative
367.1578,5.796,0.2,1.371146691,negative
367.2123,5.512,0.809,0.248533949,negative
367.2236,4.071,0.374,0.931169596,negative
368.0804,3.895,0.594,-0.550487429,negative
368.0971,3.297,0.389,0.900925003,negative
368.0998,0.802,0.236,1.259423291,negative
368.9723,3.004,0.727,-0.358697098,negative
369.0829,3.476,0.0129,-3.020661299,negative
369.1552,5.993,0.655,-0.460834959,negative
369.1737,5.331,0.339,1.003524937,negative
369.1737,6.099,0.145,-1.581490151,negative
370.0781,2.895,0.245,1.235806619,negative
370.0786,0.733,0.124,1.678208789,negative
370.0972,3.765,0.00911,-3.224258,negative
370.097,3.208,0.0265,-2.598765886,negative
370.0981,3.747,0.315,-1.058342112,negative
371.0241,0.671,0.358,-0.962497762,negative
371.0976,0.801,0.0274,-2.580622114,negative
371.0978,3.481,0.00614,-3.457882879,negative
372.0951,0.795,0.0146,-2.947223906,negative
372.1099,3.404,0.0777,-1.965752075,negative
372.1116,3.914,0.57,0.587225959,negative
373.1067,2.937,0.758,-0.317008189,negative
373.1139,4.04,0.528,-0.65304073,negative
373.1141,3.685,0.00754,-3.336138947,negative
373.1514,3.715,0.22,-1.30941566,negative
374.0316,2.965,0.352,0.976477692,negative
374.1378,5.008,0.431,0.819999381,negative
375.054,0.665,0.12,-1.699993176,negative
375.0931,2.077,0.346,-0.989427833,negative
375.1278,3.109,0.0146,-2.948802425,negative
375.1294,0.798,0.0137,-2.984269706,negative
375.1294,4.074,0.352,-0.975922383,negative
377.0353,0.713,0.056,-2.16143587,negative
377.0526,0.697,0.0839,-1.919450161,negative
377.1019,5.09,0.505,0.692000741,negative
379.0336,0.708,0.753,0.323024994,negative
379.0338,3.038,0.366,0.947548683,negative
379.0686,0.661,0.32,-1.046680747,negative
379.0909,2.789,0.785,0.279689809,negative
379.091,3.484,0.966,0.043557211,negative
379.1393,5.891,0.54,-0.633823002,negative
379.1607,3.652,0.853,0.190672418,negative
379.1607,4.047,0.908,0.118406089,negative
379.1955,5.602,0.0558,-2.163195673,negative
380.0301,1.155,0.92,0.102497136,negative
381.0301,1.155,0.208,-1.345670668,negative
381.0802,3.385,0.641,0.480846893,negative
381.1551,6.237,0.681,-0.423967623,negative
382.9875,3.002,0.379,0.920878723,negative
383.0324,2.787,0.162,1.509411848,negative
383.0464,3.601,0.131,-1.643694629,negative
383.053,3.466,0.215,1.324089573,negative
383.0644,2.771,0.746,0.332802578,negative
383.1529,4.559,0.115,-1.726489147,negative
383.153,4.885,0.806,-0.251653272,negative
384.0537,2.335,0.14,1.600963535,negative
385.1498,5.181,0.533,0.64613707,negative
385.1685,4.355,0.0545,-2.177484296,negative
385.1861,4.524,0.756,0.318718664,negative
387.1489,5.77,0.487,0.721787989,negative
387.1658,5.117,0.652,-0.464936044,negative
388.047,2.937,0.249,1.225340321,negative
388.047,3.398,0.0988,1.82009186,negative
388.047,3.472,0.111,1.750398639,negative
389.0528,0.7,0.884,-0.149424705,negative
389.0919,4.531,0.632,-0.494017156,negative
389.0981,4.564,0.547,-0.622989194,negative
389.1038,0.786,0.458,-0.772225029,negative
389.1043,2.952,0.171,-1.476463202,negative
389.1814,5.311,0.907,0.119562024,negative
391.0332,0.698,0.116,-1.722492092,negative
391.0993,4.492,0.901,-0.127556215,negative
391.1124,0.79,0.222,-1.302373342,negative
391.1968,5.431,0.325,-1.034861038,negative
393.0495,3.605,4.49E-05,6.844579299,negative
393.0776,3.464,0.0139,-2.977352983,negative
393.2643,6.229,0.0111,-3.106031828,negative
394.06,0.685,0.721,-0.367629285,negative
395.0628,0.675,0.0513,-2.212625643,negative
395.0857,2.735,0.878,0.15789191,negative
395.0857,2.92,0.577,-0.576182089,negative
395.091,3.521,0.879,0.155623775,negative
395.1144,4.677,0.217,-1.316939055,negative
396.025,0.663,0.545,0.625888993,negative
396.0904,2.751,0.85,-0.193853305,negative
396.1124,4.459,0.0785,-1.95924336,negative
396.1279,4.011,0.564,0.596268333,negative
396.1297,3.506,0.0734,1.999894472,negative
397.0032,3.133,0.233,1.269628372,negative
397.0034,3.815,0.197,1.382064186,negative
397.0582,0.701,0.0139,-2.97708741,negative
397.1496,4.415,0.584,-0.565919564,negative
397.1911,4.067,0.234,-1.267173665,negative
398.0412,0.681,0.314,1.059467525,negative
399.0203,0.683,0.184,1.427869471,negative
399.1658,3.513,0.201,1.369367667,negative
400.1429,4.669,0.0394,-2.368662941,negative
401.1094,4.24,0.281,-1.140590746,negative
403.066,3.865,0.804,-0.255494807,negative
403.1019,5.042,0.0523,2.202062599,negative
403.1133,4.514,0.0178,-2.832927657,negative
403.1971,3.26,0.763,-0.309261587,negative
403.197,0.807,0.899,-0.130600258,negative
404.0395,3.379,0.481,0.732038019,negative
404.0405,3.511,0.316,1.055171097,negative
405.0285,0.72,0.822,-0.231344653,negative
405.0469,0.697,0.0376,-2.395438187,negative
405.0648,0.668,0.262,-1.189745069,negative
405.118,5.456,0.0266,-2.597199897,negative
405.1764,4.467,0.728,-0.357179281,negative
405.2644,6.291,0.603,0.537595402,negative
407.0405,4.991,0.0432,-2.314706069,negative
407.2799,5.411,0.0906,1.873049412,negative
407.2799,5.805,0.979,0.026557082,negative
407.2801,6.791,0.687,-0.414725161,negative
409.0428,0.71,0.124,-1.680607541,negative
411.0759,4.059,0.38,0.918669941,negative
411.0787,0.764,0.505,0.691964026,negative
411.1279,4.49,0.469,-0.753056558,negative
411.1654,4.559,0.503,-0.694645229,negative
411.2021,4.884,0.0391,-2.371909179,negative
411.2021,5.398,0.108,-1.762501174,negative
412.9977,3.204,0.0786,1.958595383,negative
413.1426,4.219,0.00577,-3.495667747,negative
413.1426,4.51,0.00305,-3.881705749,negative
413.1436,3.2,0.0463,-2.273781971,negative
413.144,3.692,0.0853,-1.909046244,negative
413.1993,5.357,0.272,1.161844111,negative
415.1607,0.797,0.0446,-2.295768093,negative
416.1536,5.683,0.268,-1.174015566,negative
417.1173,4.046,0.38,0.918718543,negative
417.1192,4.5,0.428,0.826992234,negative
417.2126,6.021,0.84,-0.207590605,negative
418.1123,0.717,0.131,-1.646517318,negative
418.1149,0.722,0.00314,-3.864201545,negative
418.1327,4.164,0.426,0.829974075,negative
419.1134,0.748,0.693,-0.406066641,negative
419.1155,2.861,0.326,-1.03271962,negative
419.2281,6.362,0.119,1.704017283,negative
421.0558,3.818,0.673,0.434531422,negative
421.0582,5.463,0.212,1.331994556,negative
421.9984,3.301,0.189,1.408883127,negative
422.0501,0.727,0.758,-0.316659086,negative
422.1067,0.783,0.472,0.746893411,negative
422.1084,2.915,0.206,-1.351996507,negative
423.0571,0.703,0.234,-1.266334998,negative
424.0493,0.721,0.0604,2.11591879,negative
425.145,4.374,0.117,-1.71319067,negative
427.0844,2.991,0.555,-0.610392791,negative
427.1967,4.894,0.116,-1.722088774,negative
427.197,3.64,0.0154,-2.915237167,negative
427.197,4.049,0.0117,-3.079158899,negative
428.0941,2.98,0.736,0.346065919,negative
428.0955,4.037,0.293,1.109291872,negative
428.0976,3.601,0.74,-0.341109236,negative
429.0423,3.352,0.882,0.151980595,negative
429.0815,4.032,9.46E-07,10.57962044,negative
429.082,3.756,5.58E-07,11.19791342,negative
429.083,3.201,1.13E-06,10.3764677,negative
429.1762,5.798,0.0311,2.506596978,negative
431.0534,0.666,0.0179,-2.827705732,negative
431.0979,3.907,9.66E-07,10.55563022,negative
432.1213,3.706,0.413,-0.854890075,negative
433.0646,4.045,0.00117,4.483248322,negative
433.1136,4.519,7.51E-04,4.775541057,negative
433.113,4.886,7.60E-07,10.83276733,negative
433.2076,5.283,0.366,0.945986687,negative
433.2077,4.995,0.971,-0.03768331,negative
434.1396,3.922,0.0272,-2.584975785,negative
435.2232,5.611,0.411,0.858839536,negative
437.0497,3.488,0.963,0.047735975,negative
437.0526,5.832,0.0284,2.560460627,negative
437.18,7.078,0.0707,2.022704755,negative
439.056,0.753,0.912,-0.112715279,negative
439.1146,6.219,0.407,-0.865448718,negative
439.1607,4.307,0.719,0.36944722,negative
439.1608,3.725,0.852,0.191886982,negative
439.1608,4.66,0.675,0.431746074,negative
441.0612,2.876,0.704,0.390486283,negative
441.1026,3.212,0.386,-0.905821705,negative
442.19,5.313,0.544,-0.627946319,negative
443.1557,5.98,0.204,1.358041141,negative
445.0782,4.484,2.34E-05,7.392075031,negative
445.0903,0.667,0.518,-0.670112989,negative
445.1072,3.893,0.875,-0.161181685,negative
446.1795,4.499,0.686,0.416668768,negative
446.1831,4.341,0.801,0.259385074,negative
446.2907,6.081,0.171,1.474939569,negative
446.2908,6.024,0.0923,1.861109786,negative
446.2909,6.562,0.533,0.645641229,negative
447.0919,4.504,0.0177,2.835809037,negative
447.0921,4.067,0.016,2.895355088,negative
447.0928,3.777,1.59E-04,5.862939641,negative
447.092,4.187,0.0082,3.286365523,negative
448.1961,5.778,0.346,0.98951185,negative
448.1966,4.911,0.284,-1.132441637,negative
448.3058,6.47,0.845,0.200687133,negative
449.0698,2.589,0.0215,2.722287388,negative
449.1074,4.301,1.94E-04,5.717156826,negative
449.254,8.044,0.0305,-2.516931888,negative
457.0689,0.726,0.187,-1.417737439,negative
457.0963,2.367,0.334,-1.014923105,negative
457.097,2.652,0.993,-0.008546736,negative
457.2207,6.206,0.153,-1.548509815,negative
458.9733,3.815,0.187,1.415723461,negative
459.0843,2.964,0.0348,2.440971129,negative
459.0924,4.452,0.308,-1.073956188,negative
459.093,3.801,1.91E-08,15.97524757,negative
459.1504,4.33,0.121,1.694340811,negative
459.1629,2.778,0.737,-0.345086185,negative
461.0863,3.571,0.462,-0.765644293,negative
461.1337,5.706,0.695,-0.403924641,negative
461.2388,5.842,0.624,0.506360499,negative
462.1766,4.998,0.286,-1.126578338,negative
463.0831,5.418,0.0712,-2.018092429,negative
463.2334,5.897,0.0142,-2.964802599,negative
464.0663,2.822,0.656,-0.458645892,negative
464.1436,2.856,0.249,1.223040895,negative
464.1437,2.772,0.424,0.834181271,negative
464.1437,2.808,0.228,1.283772365,negative
464.1438,3.474,0.39,0.897676808,negative
465.0845,4.208,0.00567,-3.506125419,negative
465.2493,6.146,0.0398,-2.362648081,negative
467.1506,5.777,0.284,-1.131411113,negative
467.1919,5.446,0.693,-0.406456953,negative
467.2645,5.878,0.166,-1.49326467,negative
468.0451,0.696,0.336,1.010048778,negative
471.0822,3.708,0.598,-0.54516015,negative
471.2417,6.297,0.329,1.026899273,negative
473.0995,3.464,0.13,1.652199767,negative
473.0996,2.932,0.158,1.526200339,negative
473.1448,4.73,0.688,0.413587338,negative
475.0782,0.667,0.0327,-2.477008549,negative
475.2184,5.932,0.502,0.696188781,negative
476.0359,3.919,0.882,0.152776168,negative
477.1039,2.949,0.279,1.145561949,negative
477.1039,4.686,0.00141,-4.364231692,negative
477.2332,5.701,0.356,0.967761938,negative
479.0459,2.443,0.702,-0.394125585,negative
479.0465,3.005,0.832,0.218403968,negative
479.0506,0.791,0.9,0.128505102,negative
479.2283,5.383,0.362,-0.955558404,negative
480.0818,0.682,0.25,-1.222446899,negative
480.1372,3.468,0.0645,2.077512223,negative
481.0163,4.286,0.508,-0.68719351,negative
481.2073,5.68,0.311,1.066233304,negative
481.2439,5.242,0.112,-1.742639162,negative
482.2186,4.626,0.0974,1.828845244,negative
484.0498,2.566,0.727,0.359593615,negative
485.0499,4.198,0.632,0.49393855,negative
485.0955,0.681,0.64,-0.48277055,negative
485.1661,4.43,0.55,-0.618211865,negative
486.1199,5.689,0.267,1.176169843,negative
487.0759,2.632,0.591,-0.554696987,negative
489.0926,0.758,0.917,-0.107522165,negative
489.2111,3.578,0.0588,-2.132107469,negative
489.2123,4.076,0.0609,-2.111670219,negative
489.27,6.391,0.342,0.997439972,negative
489.27,6.555,0.471,0.749974965,negative
491.191,4.507,0.0609,-2.111867262,negative
491.228,5.918,0.557,0.607698557,negative
491.2855,6.773,0.58,0.572647648,negative
492.1871,5.243,0.168,-1.48478591,negative
492.1884,4.319,0.0319,-2.491375159,negative
493.0631,3.69,0.0438,-2.305521272,negative
493.0642,3.179,0.312,-1.064007851,negative
493.1666,4.573,6.98E-04,4.823781192,negative
493.228,4.95,0.44,-0.804892501,negative
493.2439,6.516,0.799,-0.261289392,negative
494.1144,0.666,0.565,0.59536313,negative
495.1174,4.369,0.571,-0.585907391,negative
495.2227,4.812,0.904,-0.123367608,negative
495.2229,3.594,0.806,-0.252095728,negative
495.2232,5.846,0.00455,3.638677402,negative
495.223,4.067,0.859,0.181776766,negative
495.296,6.494,0.454,-0.778157969,negative
496.198,6.048,0.519,-0.668451068,negative
497.0695,3.785,1.81E-05,7.612692528,negative
497.2379,4.163,0.446,-0.793195874,negative
497.2751,5.86,0.956,0.056643242,negative
499.0756,0.705,0.467,-0.755861197,negative
500.1902,3.066,0.348,0.985605229,negative
500.282,5.708,0.348,0.983767658,negative
501.1339,4.505,0.929,-0.091523595,negative
501.2122,5.698,0.0294,-2.539997368,negative
502.1148,5.219,0.866,0.173656109,negative
502.2071,0.806,0.352,0.976178266,negative
505.2452,7.002,0.716,0.37380347,negative
507.2078,4.607,0.21,-1.340570077,negative
507.2079,4.889,0.213,-1.331644533,negative
507.2231,6.98,0.227,-1.287807473,negative
509.0384,0.699,7.15E-06,8.465811535,negative
509.0409,3.291,9.11E-08,13.57212446,negative
509.0519,2.681,0.667,0.443306069,negative
509.2379,5.991,0.684,-0.419350376,negative
509.2751,5.084,0.111,-1.748964174,negative
509.2751,6.332,0.182,-1.436023463,negative
509.2752,5.821,0.04,-2.359686359,negative
510.2524,6.169,0.374,-0.929719979,negative
511.2181,5.843,0.174,1.462288367,negative
511.2544,5.206,0.163,1.505452631,negative
511.2909,6.014,0.2,-1.372256925,negative
512.1916,6.018,0.146,-1.577232365,negative
512.2682,6.624,0.23,1.278544454,negative
513.0964,3.899,0.248,1.225507732,negative
514.136,3.993,0.148,1.568117206,negative
514.1681,4.367,0.189,-1.409157309,negative
514.1698,4.543,0.0504,-2.223635443,negative
515.1648,5.296,0.319,-1.048360593,negative
517.0977,4.399,0.113,-1.736939478,negative
519.223,7.484,0.992,-0.010080835,negative
521.1082,4.508,1.05E-04,6.174921277,negative
521.239,6.221,0.474,0.744123874,negative
524.0845,0.705,0.822,0.231128356,negative
525.0334,3.606,1.02E-06,10.48881069,negative
525.27,5.101,0.216,-1.319978636,negative
526.0995,0.675,0.352,0.976012089,negative
526.114,3.463,0.712,0.380283834,negative
526.2476,5.551,0.169,-1.482469189,negative
528.2617,5.454,0.943,0.07336698,negative
528.2633,5.962,0.0407,-2.348739804,negative
529.121,5.76,0.629,-0.498814516,negative
529.162,5.829,0.637,0.486178938,negative
531.0773,4.532,0.0524,2.200047288,negative
531.1447,4.141,0.825,-0.227022349,negative
536.1898,4.583,0.657,0.45815391,negative
539.1147,5.072,0.791,0.271904114,negative
539.2494,4.677,0.119,-1.707164386,negative
541.1207,0.663,0.452,-0.782428156,negative
541.2651,4.526,0.0658,-2.065367823,negative
541.2651,4.807,0.125,-1.673041875,negative
541.265,4.928,0.206,-1.350908094,negative
543.0792,0.704,0.724,0.363776126,negative
543.2074,5.421,0.469,-0.753092371,negative
544.1789,6.025,0.517,-0.671439069,negative
544.2886,5.154,0.861,0.180193213,negative
547.1102,3.005,0.454,-0.779269492,negative
547.1106,0.67,0.0835,-1.92197261,negative
549.1196,2.793,0.491,0.71451981,negative
549.1948,4.514,0.593,-0.551631073,negative
549.1963,2.777,0.0784,1.960310247,negative
550.1307,0.664,0.0391,-2.372317921,negative
553.1926,5.396,0.547,-0.623558994,negative
555.0787,2.996,0.929,-0.090793414,negative
557.2465,7.479,0.0768,1.972783819,negative
559.1102,0.68,0.766,-0.305215297,negative
562.1922,4.035,0.491,-0.714978144,negative
563.1044,2.949,0.103,-1.793043332,negative
565.1557,4.485,0.724,0.362795185,negative
565.1563,4.799,0.538,0.637016837,negative
565.3012,5.907,0.263,1.186852429,negative
566.3329,6.114,0.479,-0.735996264,negative
567.3168,5.938,0.975,-0.032676542,negative
567.317,6.697,0.744,-0.335085882,negative
569.0928,2.988,0.954,-0.058627402,negative
569.0956,3.38,0.66,0.453957577,negative
569.1299,4.178,0.743,0.33701984,negative
569.1307,3.754,0.175,-1.461486738,negative
569.1751,3.441,0.0868,1.89908477,negative
571.1469,3.618,0.157,-1.530241663,negative
571.1476,4.081,0.699,-0.398107721,negative
572.1094,3.326,0.369,-0.940721821,negative
572.2105,4.512,0.03,-2.527124642,negative
572.2528,4.339,0.0212,-2.731113846,negative
573.2393,7.26,0.0671,-2.053985731,negative
573.2395,6.305,0.492,0.713425212,negative
576.1317,0.792,0.0598,-2.122227382,negative
576.1384,0.705,0.00169,-4.248667661,negative
577.1184,2.969,0.699,-0.397480775,negative
579.0457,0.796,0.258,1.200433077,negative
579.2066,4.211,0.0238,-2.663536757,negative
580.1297,2.848,0.508,0.68612023,negative
583.1089,3.742,0.911,-0.11405009,negative
583.3118,5.69,0.605,-0.534535876,negative
583.3118,5.932,0.711,-0.381658985,negative
584.1374,3.972,0.372,0.934890791,negative
585.0184,3.643,0.142,1.59554129,negative
589.3024,5.037,0.365,0.949826456,negative
590.1068,3.469,0.212,1.333417691,negative
591.3184,5.021,0.0192,2.786554014,negative
593.3333,5.048,0.00673,3.403898754,negative
594.0962,3.363,0.595,0.548863376,negative
594.3642,5.768,0.0927,1.858880644,negative
596.1248,2.733,0.984,0.020564464,negative
600.2843,4.732,0.22,-1.309181867,negative
601.2255,5.243,0.382,-0.914618337,negative
605.1126,3.023,1.88E-05,7.581454742,negative
606.9991,3.815,0.319,1.048811647,negative
607.1267,3.483,0.864,-0.175229569,negative
608.1059,3.3,0.246,-1.231902074,negative
610.164,2.859,0.0963,1.835729641,negative
611.069,3.647,0.979,0.026676623,negative
611.1667,3.462,0.686,0.415612063,negative
613.3589,5.89,0.0293,-2.541284857,negative
617.1836,4.515,0.00101,4.577882879,negative
618.1838,3.802,0.993,-0.00859382,negative
618.1913,4.649,0.785,0.280663599,negative
623.0319,2.6,0.66,0.452942304,negative
624.3385,6.01,0.755,-0.32085183,negative
625.0354,3.814,0.157,1.530142906,negative
627.3743,6.176,0.17,-1.478358788,negative
629.3537,5.37,0.132,-1.641459639,negative
636.1806,3.455,0.911,-0.114563696,negative
639.0783,3.758,2.19E-05,7.448941625,negative
640.3332,4.371,0.261,-1.190097677,negative
640.3334,5.395,0.275,1.155365369,negative
645.1893,2.881,0.606,0.53232942,negative
645.1896,3.451,0.715,0.375204229,negative
649.0893,3.836,0.162,1.509243773,negative
651.3856,5.28,0.593,-0.551422013,negative
653.1834,2.294,0.342,0.998018228,negative
659.2045,2.918,0.421,-0.838740938,negative
665.1832,2.777,0.661,0.451515816,negative
665.1833,2.829,0.504,0.69238982,negative
669.1448,2.74,0.164,1.500072313,negative
673.2558,7.365,0.444,-0.796577969,negative
674.1395,3.477,0.124,1.678883545,negative
675.1222,2.643,0.299,-1.095891502,negative
679.1625,3.856,0.106,-1.778853388,negative
680.165,3.608,0.636,-0.487630538,negative
680.2306,4.136,0.348,0.985593917,negative
681.2357,4.115,0.289,1.119941146,negative
685.341,5.775,0.851,-0.193276957,negative
690.3154,4.751,0.095,1.843843195,negative
691.3179,4.171,0.0211,-2.733884404,negative
741.1857,3.018,0.346,-0.989427833,negative
744.2193,2.763,0.313,1.06175452,negative
744.2195,3.468,0.246,1.231649017,negative
750.2363,3.468,0.15,1.558083419,negative
78.9585,0.702,0.574,0.581427676,negative
801.2549,4.519,0.5,0.700278613,negative
817.2886,4.438,0.417,-0.846953084,negative
845.2477,4.186,0.128,-1.659382463,negative
853.2516,4.121,0.305,-1.081183989,negative
869.3936,6.15,0.338,-1.005667681,negative
889.161,3.783,0.35,0.979552212,negative
908.2639,4.165,0.346,-0.989427833,negative
913.2118,3.895,0.337,-1.009165,negative
951.181,3.008,0.343,0.995642258,negative
973.198,3.133,0.334,-1.015128896,negative
100.0756,0.774,0.149,-1.577537503,positive
1106.5217,3.833,0.453,-0.784064244,positive
111.0439,0.81,0.782,-0.284662594,positive
111.044,2.998,0.096,-1.858876206,positive
114.0669,0.645,0.807,-0.251697535,positive
121.0283,0.799,0.99,0.012841324,positive
121.0284,2.736,0.716,0.376132579,positive
121.0284,3.033,0.503,-0.698492786,positive
121.0284,3.689,0.00665,3.506953151,positive
121.0646,4.206,0.0073,3.44814046,positive
125.0597,3.726,0.931,0.089567276,positive
131.0494,4.532,0.546,-0.627018318,positive
132.0444,0.791,0.327,1.036307883,positive
132.0768,0.656,0.217,1.328496939,positive
134.0601,3.31,0.297,1.108121004,positive
134.0963,0.777,0.929,-0.091369133,positive
134.0964,2.689,0.262,-1.196475458,positive
135.0441,3.831,0.022,-2.763581753,positive
136.0482,0.633,0.87,-0.167737129,positive
137.0597,3.062,0.482,-0.732864694,positive
137.0598,4.484,0.159,1.534618616,positive
137.071,0.636,0.601,0.542556186,positive
138.0551,0.654,0.0223,2.755011102,positive
138.0639,0.655,0.825,-0.227664035,positive
139.0387,3.143,0.864,-0.175850191,positive
141.0659,0.655,0.86,0.181413923,positive
142.0862,0.71,0.84,-0.207388231,positive
144.0655,0.707,0.0599,-2.151828572,positive
144.1023,0.656,0.0162,-2.952372384,positive
144.1103,0.66,0.382,-0.919651975,positive
144.1283,0.662,0.0565,-2.186864053,positive
145.0648,5.215,0.0259,-2.664026069,positive
146.0609,0.789,0.616,-0.519456399,positive
146.0614,2.317,0.573,0.58476882,positive
146.0812,0.71,0.719,-0.371342012,positive
148.1122,0.753,0.634,-0.493252936,positive
148.112,2.583,0.556,0.61089205,positive
149.0596,0.765,0.235,-1.273798596,positive
149.0598,4.188,0.691,-0.410667759,positive
149.0598,7.95,0.827,-0.225207193,positive
152.0699,2.312,0.244,1.246215798,positive
152.0705,2.812,0.239,1.260772732,positive
152.07,0.791,0.247,1.23769016,positive
153.0658,0.769,0.884,0.149806157,positive
153.0659,2.108,0.549,0.62282332,positive
156.0769,0.621,0.747,-0.332042562,positive
159.1492,0.608,0.0721,-2.03732964,positive
160.0405,2.57,0.236,1.270380373,positive
160.0967,0.691,0.0045,-3.757371299,positive
160.1332,0.662,0.656,-0.46095221,positive
162.1126,0.642,0.802,0.257619984,positive
163.0755,3.225,0.81,-0.247226782,positive
163.0993,3.595,0.132,1.655347184,positive
163.123,1.223,0.452,-0.786804585,positive
163.1243,0.654,0.697,-0.402102668,positive
166.0723,0.669,0.222,-1.312207152,positive
166.0862,0.727,0.354,-0.976942589,positive
166.0863,2.395,0.0481,-2.28573566,positive
166.1216,0.797,0.414,0.8572859,positive
166.1226,2.55,0.858,0.18374401,positive
166.131,0.809,0.302,-1.095382612,positive
167.0562,0.774,0.215,-1.335437713,positive
167.0563,2.234,0.084,-1.942637867,positive
167.0564,2.346,0.301,-1.097600255,positive
167.0795,4.248,0.986,-0.018132578,positive
169.0358,1.154,0.571,-0.587310072,positive
170.0447,0.81,0.0781,1.987533699,positive
170.0448,2.599,0.0615,2.134813217,positive
170.0602,4.487,0.585,0.565633333,positive
170.0631,0.751,0.726,0.361336919,positive
170.0926,0.62,0.791,-0.272911596,positive
174.0873,0.814,0.108,1.783265059,positive
174.1237,2.04,0.802,0.25881718,positive
175.1442,0.616,0.673,0.435852961,positive
176.0707,4.755,0.208,1.355619512,positive
177.0546,3.653,0.465,-0.762395093,positive
177.102,0.741,0.89,-0.142443442,positive
177.1123,4.741,0.494,-0.713530651,positive
180.0658,2.895,0.474,0.74725566,positive
180.0658,3.481,0.633,0.494403329,positive
180.0739,3.473,0.967,-0.042455686,positive
181.0609,3.097,0.104,-1.806730425,positive
181.0704,2.671,0.515,-0.678113153,positive
181.0717,0.801,0.866,-0.173360447,positive
182.0715,2.896,0.946,0.069579298,positive
183.0644,2.192,0.79,-0.273723154,positive
183.0645,2.074,0.969,-0.040396941,positive
183.0655,4.503,0.138,1.629380776,positive
185.0912,0.756,0.719,-0.371415613,positive
185.1284,0.796,0.775,0.294632712,positive
185.1284,2.751,0.698,-0.400060146,positive
186.1124,4.054,0.2,-1.384688623,positive
189.1684,0.616,0.368,0.948684894,positive
189.16,0.615,0.608,-0.531165738,positive
190.0499,3.133,0.0417,-2.3737361,positive
191.1066,5.298,0.752,-0.325345241,positive
192.0659,4.563,0.357,-0.971749645,positive
192.1052,3.316,0.847,-0.198194109,positive
193.0968,0.764,0.612,0.526128015,positive
193.1547,0.646,0.763,0.310789332,positive
195.0647,0.814,0.054,-2.214713524,positive
195.0874,3.353,0.938,-0.080585428,positive
196.0604,3.589,0.00993,3.253929325,positive
196.0604,4.033,0.0643,2.107319532,positive
196.0605,2.921,0.345,-0.996824356,positive
196.0693,3.577,0.112,1.761080974,positive
199.0965,3.235,0.788,-0.276828446,positive
199.0965,3.748,0.951,-0.063482686,positive
199.1068,3.168,0.363,-0.957471886,positive
199.1069,3.734,0.691,0.410524062,positive
200.1281,5.02,0.128,-1.677008065,positive
202.1437,5.378,0.335,1.018076486,positive
203.0814,0.73,0.748,-0.330647194,positive
203.139,0.665,0.184,1.437557541,positive
203.1502,0.654,0.319,-1.054502814,positive
204.1231,0.665,0.575,0.581467721,positive
204.1231,1.146,0.822,0.231165812,positive
205.0971,2.931,0.493,-0.714067236,positive
205.097,0.801,0.0433,-2.350230176,positive
210.0607,1.159,0.593,-0.554065566,positive
213.0757,3.832,0.432,-0.823199784,positive
213.076,4.23,0.137,-1.634714638,positive
213.1234,0.672,0.885,0.149376377,positive
215.0163,0.719,0.975,-0.031730265,positive
217.118,0.7,0.602,0.540327582,positive
217.1547,0.664,0.0546,2.207753363,positive
218.0426,0.785,0.29,1.124684126,positive
218.1384,6.89,0.216,-1.330731206,positive
218.1386,2.048,0.941,0.076568086,positive
219.1705,0.65,0.016,-2.957049896,positive
220.0637,0.707,0.602,0.541056011,positive
220.0638,2.227,0.358,0.967879941,positive
220.1178,2.562,0.141,-1.615273244,positive
220.1179,0.735,0.0365,-2.453539896,positive
220.1367,4.453,0.862,-0.178425003,positive
222.1126,4.749,0.143,1.602852525,positive
224.056,3.685,0.569,-0.591064523,positive
226.071,3.019,0.984,-0.020455794,positive
226.9516,0.553,0.653,-0.464969946,positive
227.1026,2.542,0.58,-0.574140451,positive
229.0704,2.103,0.221,-1.316554498,positive
229.0982,5.024,0.188,1.423553298,positive
229.1182,0.667,0.941,-0.076081423,positive
229.1547,1.206,0.314,-1.06709608,positive
229.1547,1.899,0.136,-1.63852954,positive
229.1547,2.116,0.351,-0.983852836,positive
229.1549,0.669,0.454,0.782064853,positive
230.1106,4.213,0.076,2.004164185,positive
230.9902,0.718,0.501,0.700997369,positive
231.1009,6.633,0.361,0.962792951,positive
232.0264,2.519,0.214,1.336231191,positive
232.1543,0.707,0.31,1.075597194,positive
232.1544,2.651,0.358,0.96905673,positive
234.1122,4.883,2.94E-07,13.42956934,positive
235.0574,3.619,0.239,-1.262377555,positive
237.1232,2.723,0.928,0.092522925,positive
239.1389,4.617,0.122,1.705172325,positive
240.0954,4.039,0.647,-0.47326759,positive
240.1607,5.206,0.0768,1.997854484,positive
241.1546,1.985,0.145,-1.594776828,positive
242.1115,4.496,0.161,-1.52835998,positive
242.1325,4.563,0.401,-0.882217571,positive
242.1417,4.559,0.0965,1.855294509,positive
242.1504,4.993,0.168,1.497537273,positive
243.0877,4.57,0.408,-0.868149992,positive
243.1339,3.536,0.918,-0.105455633,positive
244.1269,4.537,0.258,1.206433377,positive
244.1542,0.804,0.559,-0.606318952,positive
244.1542,3.098,0.162,-1.525132818,positive
244.1711,3.868,0.176,-1.467685871,positive
245.0798,4.776,0.52,0.670197036,positive
245.1494,3.787,0.971,-0.037283388,positive
245.1495,3.326,0.895,-0.135407085,positive
246.0972,2.12,0.285,-1.137755913,positive
246.1699,0.806,0.913,0.112763357,positive
246.17,3.238,0.906,0.121785358,positive
247.1076,4.297,0.0151,2.992687453,positive
247.1078,4.488,0.759,-0.316529607,positive
247.1288,0.789,0.662,0.45136467,positive
247.1424,0.808,0.792,0.272008612,positive
247.1441,3.239,0.467,-0.759197948,positive
248.1679,5.389,0.654,-0.464083272,positive
249.0966,4.117,0.0734,-2.02647873,positive
250.1107,3.546,1.13E-06,11.47431313,positive
251.1276,5.991,0.0748,2.014278725,positive
254.1398,5.274,0.811,0.246587736,positive
254.1765,6.358,0.453,0.784208598,positive
255.0655,5.039,6.00E-06,9.395940492,positive
256.1666,4.784,0.454,-0.781728164,positive
257.1494,3.646,0.754,-0.32301295,positive
257.1495,4.039,0.903,-0.1257751,positive
257.153,5.622,0.562,-0.602183604,positive
257.2261,6.012,0.12,-1.71797022,positive
258.1241,0.69,0.907,-0.120610457,positive
258.1269,3.305,0.353,-0.979555468,positive
258.128,4.17,0.827,-0.224773313,positive
258.1827,3.513,0.59,-0.559419206,positive
258.1834,4.934,0.313,1.06849304,positive
258.1848,3.943,0.726,0.361765884,positive
258.1947,3.931,0.405,0.873537855,positive
259.1651,4.324,0.67,-0.44024252,positive
260.1492,2.107,0.701,0.396356815,positive
261.1442,0.8,0.77,-0.301992441,positive
261.1443,3.263,0.418,-0.848238248,positive
261.1443,3.733,0.188,-1.422872711,positive
262.1648,2.169,0.222,-1.312176116,positive
263.0816,7.148,0.498,-0.706700973,positive
263.1025,3.498,0.14,-1.616844727,positive
265.1191,2.889,0.151,1.569463178,positive
265.1195,3.466,0.134,1.645851817,positive
265.1278,3.383,0.183,1.443848656,positive
265.1556,3.46,0.0784,1.985530916,positive
266.1022,3.875,0.309,1.079188536,positive
266.1357,3.432,0.904,-0.124593935,positive
266.1362,3.431,0.579,0.57534211,positive
267.1329,3.967,0.916,-0.108028638,positive
267.1335,4.316,0.938,-0.0801591,positive
269.1244,0.667,0.995,0.00644108,positive
270.183,4.814,0.493,-0.714893463,positive
271.0596,4.449,1.33E-08,19.14611189,positive
271.0753,2.433,0.447,0.794590975,positive
271.0761,0.756,0.302,1.094921653,positive
271.1653,4.288,0.423,-0.839480093,positive
271.1656,4.57,0.478,-0.740666304,positive
272.1663,5.352,0.478,0.739924889,positive
272.1855,3.975,0.00289,-4.048822938,positive
272.2044,4.93,0.976,-0.030772817,positive
272.2049,4.967,0.875,0.162219703,positive
272.2382,4.968,0.452,-0.786962677,positive
273.2384,4.97,0.489,0.721134179,positive
274.1181,0.778,0.00349,3.923103537,positive
274.1778,4.235,0.326,1.038880437,positive
274.1833,5.809,0.654,-0.463432828,positive
274.2013,4.449,0.914,-0.111328896,positive
274.2138,4.28,0.925,-0.097118,positive
276.1366,0.762,0.492,-0.716614661,positive
276.1375,2.825,0.566,-0.595207948,positive
276.1442,0.669,0.764,0.30908159,positive
276.1442,2.061,0.257,-1.211366598,positive
276.1991,6.202,0.143,-1.603443749,positive
277.1173,0.79,0.114,1.751688591,positive
277.1432,7.079,0.356,0.973362155,positive
278.1335,0.718,0.973,-0.034887281,positive
279.1317,4.044,0.336,-1.016280892,positive
279.1332,3.64,0.846,0.199372011,positive
280.1543,3.604,0.823,0.23022843,positive
281.1128,0.728,0.352,0.980644802,positive
281.1128,0.765,0.0838,1.943503434,positive
281.1131,3.801,0.945,-0.071341463,positive
281.113,2.62,0.505,-0.694811012,positive
281.113,3.046,0.783,0.284106462,positive
282.1196,1.153,0.244,-1.246155807,positive
283.1287,4.036,0.399,-0.884914241,positive
284.092,3.463,0.0156,2.975037599,positive
284.1855,4.179,0.394,-0.89592353,positive
285.1441,0.774,0.794,-0.269366527,positive
285.1804,5.23,0.31,-1.076836845,positive
286.1284,2.172,0.999,0.001624492,positive
286.1445,2.886,0.446,-0.797540925,positive
286.1792,4.126,0.969,0.040379782,positive
286.2019,4.654,0.514,-0.678571642,positive
286.2113,4.609,0.296,-1.108490342,positive
287.1002,2.762,0.142,1.607862696,positive
287.1003,2.867,0.0604,2.145808119,positive
287.1004,3.467,0.0562,2.190932462,positive
287.1598,0.805,0.476,-0.743468191,positive
287.1967,0.655,0.0295,-2.584263199,positive
288.1616,4.254,0.72,-0.369658544,positive
288.1937,3.464,0.554,0.614540182,positive
288.1983,5.173,0.0601,2.149293385,positive
288.2168,4.83,0.81,-0.247612473,positive
288.2295,5.182,0.765,-0.308707916,positive
289.1393,3.497,0.56,0.605379359,positive
290.1419,5.181,0.0333,-2.510709692,positive
290.1595,0.783,0.125,1.690711206,positive
290.1597,2.525,0.829,0.222430263,positive
290.1739,3.326,0.371,0.940927079,positive
292.1575,3.656,3.84E-05,7.463240777,positive
293.1465,4.573,0.00235,-4.186535431,positive
295.048,2.58,0.288,1.128464177,positive
295.1284,0.813,0.506,0.693137159,positive
295.1287,3.186,0.689,0.413032677,positive
296.1492,2.896,0.826,-0.225829766,positive
296.1628,4.092,0.614,0.522210942,positive
297.1443,3.938,0.496,0.709614847,positive
300.199,6.283,0.247,-1.236959027,positive
300.2168,5.214,0.859,0.1831872,positive
300.217,5.005,0.525,-0.660898171,positive
301.1221,3.855,0.536,0.643353876,positive
301.1391,0.795,0.414,-0.857254065,positive
302.1232,3.89,0.204,1.370707751,positive
302.1418,0.788,0.533,-0.64821829,positive
302.1423,3.205,0.41,0.864621043,positive
302.1728,6.009,0.723,0.365488583,positive
302.1959,0.798,0.743,-0.338022312,positive
302.196,3.701,0.927,-0.094748109,positive
302.2329,5.39,0.933,-0.086359134,positive
302.2435,5.373,0.648,0.471549871,positive
302.2687,5.39,0.781,0.28681429,positive
303.0741,3.467,0.00891,3.322301498,positive
303.0862,4.684,0.00523,-3.66011107,positive
303.1704,6.179,0.759,0.315750973,positive
304.129,3.192,0.809,0.249373594,positive
304.129,3.69,0.804,0.25620777,positive
304.15,0.797,0.65,0.469751789,positive
304.1925,4.641,0.59,0.559040102,positive
304.2117,4.122,0.873,-0.164734562,positive
305.0863,2.684,0.0114,3.169463005,positive
305.0865,0.744,0.0107,3.2051501,positive
305.1857,4.623,0.0957,1.860620935,positive
306.1703,4.74,0.0265,-2.650063251,positive
307.1221,2.208,0.25,-1.230950342,positive
307.2,5.592,0.576,0.580320192,positive
308.168,5.004,0.146,1.589998851,positive
308.1854,4.932,0.358,-0.969701649,positive
308.1987,4.967,0.301,-1.096515904,positive
308.2029,4.983,0.555,0.613361985,positive
309.1689,5.025,0.493,0.714257304,positive
310.1653,3.385,0.857,0.185845352,positive
310.2375,5.158,0.789,-0.27627374,positive
311.1488,4.505,0.0182,-2.87858923,positive
311.1563,5.057,0.13,1.666743169,positive
312.1299,0.786,0.702,0.394850443,positive
312.1301,2.601,0.793,0.270093421,positive
312.2162,5.201,0.667,-0.44501268,positive
312.2166,4.927,0.0325,-2.525886715,positive
312.2168,5.505,0.434,-0.817992634,positive
313.0848,2.276,0.276,1.159547159,positive
313.0853,3.183,0.45,0.79052724,positive
314.2327,5.619,0.907,-0.120607918,positive
316.1385,4.504,5.51E-06,9.492914988,positive
316.1938,5.631,0.506,-0.691989965,positive
316.248,5.914,0.857,0.1850403,positive
316.248,6.107,0.317,-1.058695403,positive
317.0855,0.773,0.64,-0.483327665,positive
318.1438,2.762,0.077,1.996771214,positive
318.1909,0.803,0.411,0.861656939,positive
318.191,3.368,0.866,-0.173080831,positive
318.2093,5.034,0.824,0.228343109,positive
319.1649,4.258,0.238,1.264494848,positive
319.165,3.812,0.499,0.703639967,positive
322.1811,5.096,0.518,0.67332202,positive
322.2005,4.899,0.93,0.090833072,positive
324.1249,2.964,0.308,-1.080791965,positive
324.1258,3.118,0.896,-0.13402318,positive
325.1697,5.177,0.557,0.609269187,positive
325.1883,3.576,0.673,0.436231567,positive
326.0869,2.134,0.665,0.447576251,positive
326.1962,5.293,7.96E-04,-4.945746233,positive
327.0685,0.734,0.00768,3.415734115,positive
328.1026,3.567,0.309,1.077559517,positive
328.1873,2.778,0.092,1.88575925,positive
328.2118,4.717,0.0716,-2.041398851,positive
328.2482,6.065,0.705,0.390413152,positive
328.248,6.21,0.961,0.049967179,positive
329.2074,3.337,0.382,-0.919097146,positive
330.1909,3.491,0.884,-0.149716841,positive
330.2272,4.126,0.421,-0.843909632,positive
330.2275,4.829,0.19,1.416791701,positive
331.2276,4.919,0.0645,-2.105490504,positive
331.2294,4.533,0.0404,-2.391744668,positive
336.2167,5.325,0.07,-2.055506745,positive
337.1754,3.847,0.579,0.575921699,positive
338.0825,3.449,0.836,0.213222274,positive
338.0863,0.805,0.517,-0.674955352,positive
338.0865,3.299,0.303,-1.091312719,positive
338.1399,3.076,0.378,0.927118175,positive
338.1737,6.007,0.238,-1.263833371,positive
338.1777,5.232,0.339,-1.009698828,positive
338.2323,5.729,0.911,0.115390475,positive
338.2324,5.637,0.319,-1.054523793,positive
340.1025,3.555,0.878,0.158132746,positive
340.1026,3.009,0.845,0.201421864,positive
340.1336,2.71,0.715,-0.377381786,positive
340.2479,6.162,0.488,-0.723250038,positive
341.1709,3.522,3.65E-04,5.532105041,positive
341.183,2.936,0.346,0.994385471,positive
341.1877,3.826,0.636,0.48980012,positive
342.1686,3.782,0.509,-0.687265519,positive
342.173,5.69,0.55,-0.620890261,positive
342.2635,6.518,0.241,-1.254958015,positive
343.1003,0.795,0.112,-1.758661477,positive
343.1674,2.639,0.453,0.784858956,positive
343.2227,4.522,0.559,0.606659931,positive
344.2066,4.021,0.419,0.846718619,positive
344.2431,4.284,0.889,0.143386737,positive
344.2542,4.012,0.414,-0.857327228,positive
346.2221,2.636,0.0415,-2.376703952,positive
349.0869,0.775,0.87,0.168675303,positive
350.0854,0.775,0.107,1.792017328,positive
350.2065,3.938,0.912,-0.113160002,positive
350.2322,5.809,0.692,0.408885231,positive
354.1544,3.176,0.193,-1.406601216,positive
355.2625,6.784,0.665,-0.447211125,positive
356.1907,4.001,0.75,-0.328663063,positive
356.2429,4.821,0.537,-0.642050164,positive
356.2429,5.382,0.615,-0.520983523,positive
356.2429,5.634,0.714,0.378476576,positive
357.1179,3.698,0.015,-2.999878877,positive
357.2786,5.926,0.895,-0.135721079,positive
357.2787,6.664,0.972,-0.035967432,positive
358.1496,4.728,0.812,0.244504319,positive
358.2585,4.768,0.582,-0.570244814,positive
358.2585,5.127,0.666,0.446175153,positive
358.2589,5.812,0.457,0.777793196,positive
363.1428,4.369,0.388,0.907198499,positive
364.0426,0.774,0.0485,2.280685779,positive
364.1964,4.526,0.0245,-2.698404459,positive
364.196,3.31,0.181,-1.450581165,positive
366.1108,0.7,0.327,-1.03575435,positive
366.1127,3.577,0.632,-0.496068537,positive
366.1134,3.129,0.39,-0.903425579,positive
366.2039,4.917,0.277,-1.156610084,positive
367.1497,0.741,0.0515,-2.244621372,positive
367.1498,2.362,0.0359,-2.464401235,positive
369.1289,3.506,0.787,0.278900441,positive
369.1292,3.953,0.778,0.290907408,positive
369.129,3.414,0.846,-0.200359844,positive
372.1861,3.381,0.305,-1.088714787,positive
373.1128,2.656,0.773,-0.297912354,positive
375.2614,3.928,0.714,0.378695861,positive
377.1448,3.492,0.69,-0.411888002,positive
378.1418,3.378,0.66,-0.455150911,positive
378.1755,4.358,0.0895,-1.90279515,positive
378.1767,3.465,0.929,-0.091315078,positive
380.1102,4.279,0.322,-1.046942348,positive
381.1534,4.397,0.181,1.449153963,positive
383.0941,2.983,0.139,1.624519652,positive
383.0946,0.768,0.791,-0.273676732,positive
383.133,0.792,0.0786,-1.983804458,positive
384.1146,2.579,0.0874,-1.917750362,positive
384.1171,0.716,0.442,-0.804620883,positive
384.1228,2.31,0.355,-0.975163632,positive
385.1464,0.793,0.0338,-2.50055683,positive
385.3097,5.886,0.171,-1.489576785,positive
389.1625,5.768,0.482,-0.732510481,positive
390.1393,3.49,0.0245,-2.696967543,positive
390.2632,6.892,0.368,0.946883959,positive
392.1549,3.207,0.0241,-2.706862751,positive
392.1549,3.682,0.127,-1.679610309,positive
394.0744,0.764,0.102,1.821857914,positive
394.1701,3.105,0.0192,-2.845482756,positive
394.1707,0.77,0.0838,-1.944060859,positive
395.1334,4.462,0.622,0.509792872,positive
398.1138,3.137,0.68,-0.425782812,positive
398.1421,3.384,0.246,1.241844701,positive
398.1452,4.007,0.271,1.17361633,positive
398.1823,5.89,0.706,0.389998682,positive
400.1973,6.231,0.56,0.605616432,positive
400.2173,3.807,0.257,-1.210403209,positive
400.269,4.886,0.134,1.647682535,positive
402.2845,4.888,0.145,1.597018609,positive
402.2846,5.623,0.483,0.731536505,positive
405.1518,6.25,0.5,-0.702555998,positive
406.1258,5.43,0.459,0.77432179,positive
410.0483,0.757,0.124,1.694493968,positive
410.1446,4.093,0.508,-0.689786504,positive
410.1459,4.445,0.387,-0.909248305,positive
412.2838,6.085,0.0961,1.858421209,positive
412.284,6.004,0.0868,1.921511399,positive
413.0425,3.484,0.679,0.428123323,positive
413.1052,2.633,0.507,-0.691374459,positive
413.1411,0.782,0.488,-0.722917332,positive
413.1413,2.988,0.0497,-2.266049887,positive
414.2998,5.934,0.182,-1.447638876,positive
414.2998,5.974,0.107,-1.792249486,positive
414.3361,5.556,0.115,1.747014414,positive
415.0333,3.007,0.12,1.720101981,positive
416.1472,3.465,0.377,0.929613305,positive
416.1915,4.419,0.507,0.691640172,positive
416.2124,3.558,0.487,-0.725493499,positive
416.3152,4.924,0.209,1.353570347,positive
416.3153,6.637,0.0857,1.929772491,positive
416.3517,5.027,0.0367,2.451663591,positive
418.1658,4.047,0.263,-1.194908684,positive
420.1268,2.836,0.555,-0.613708541,positive
420.1859,3.752,0.243,1.250348576,positive
420.1863,3.296,0.502,0.700119833,positive
422.2054,3.013,0.492,0.716919089,positive
424.1599,5.447,0.216,-1.331851194,positive
425.2145,9.778,0.252,-1.224271852,positive
429.1143,5.43,0.674,-0.435142686,positive
429.2112,4.041,0.0184,-2.87197737,positive
430.1728,4.485,0.37,0.943035112,positive
430.2032,5.342,0.661,-0.453993985,positive
430.2946,5.306,0.436,-0.81577663,positive
431.0964,3.273,1.08E-06,11.53199111,positive
431.0966,3.757,7.57E-07,12.02364683,positive
431.0972,4.035,1.19E-06,11.39656072,positive
432.1859,3.705,0.815,-0.241474484,positive
432.2483,2.831,0.391,-0.900971462,positive
432.3103,6.468,0.879,0.157245491,positive
432.3465,4.852,0.015,2.998047427,positive
433.1121,3.884,3.49E-07,13.16055893,positive
433.1123,3.32,1.50E-07,14.51491722,positive
433.2362,4.04,0.953,0.060756295,positive
434.1403,3.73,0.703,-0.394178025,positive
434.1523,3.477,0.366,-0.951050181,positive
434.1581,3.919,0.0821,1.956883678,positive
435.1282,4.891,1.09E-08,19.58100635,positive
436.1558,2.94,0.767,0.305302084,positive
436.1558,3.898,0.806,0.252602221,positive
436.1596,4.464,0.23,1.287635736,positive
436.1964,4.096,0.541,-0.635746734,positive
436.1971,4.541,0.0387,-2.419283316,positive
436.225,0.726,0.0631,-2.119691912,positive
438.1601,0.745,0.897,-0.132923574,positive
438.1606,2.865,0.376,0.931362285,positive
441.1613,0.696,0.0684,2.069750208,positive
444.1861,4.37,0.125,-1.691701881,positive
444.2226,4.583,0.827,0.224864431,positive
444.3097,5.039,0.106,1.794337386,positive
446.2388,3.483,0.663,0.450924023,positive
447.0916,4.229,3.51E-08,17.14649013,positive
447.113,3.587,0.913,-0.112821022,positive
448.1364,3.004,0.477,-0.742777136,positive
448.1967,3.611,0.362,0.960722829,positive
448.1978,4.334,0.525,-0.661887556,positive
448.2321,4.67,0.848,-0.197730688,positive
448.3052,5.404,0.415,0.855125607,positive
448.3055,6.562,0.448,0.793475758,positive
449.1046,3.633,1.15E-05,8.673591004,positive
449.1059,4.17,0.00235,4.186644318,positive
449.1076,4.454,0.023,2.737138471,positive
450.1364,0.798,0.879,0.157228257,positive
450.2125,4.913,0.238,-1.265392847,positive
450.2132,5.757,0.363,-0.957727004,positive
450.213,5.045,0.0568,-2.184036188,positive
452.1914,4.626,0.23,-1.287448086,positive
452.1914,4.683,0.0597,-2.153559253,positive
452.2062,5.052,0.658,0.457877403,positive
455.7883,4.34,0.923,-0.099409683,positive
457.2213,5.699,0.137,-1.631294399,positive
457.2496,6.911,0.473,-0.748358202,positive
458.1454,0.678,0.13,1.667710175,positive
458.202,4.658,0.708,0.386527036,positive
461.1074,3.814,8.22E-08,15.55522406,positive
461.1078,3.304,2.05E-08,18.23760052,positive
462.1965,5.965,0.497,-0.707361815,positive
464.1911,4.995,0.608,-0.532082751,positive
464.2272,0.798,0.377,0.928455046,positive
464.2281,3.182,0.715,0.376702838,positive
465.0856,4.069,0.48,0.736467006,positive
466.2058,4.763,0.194,-1.403617111,positive
468.2225,4.941,0.396,0.891216289,positive
469.2077,2.929,0.598,0.547229597,positive
470.2865,6.552,0.254,1.218750777,positive
474.1718,0.703,0.642,0.480284499,positive
475.2467,4.955,0.696,0.403934169,positive
478.2067,3.637,0.223,1.307723606,positive
480.2037,3.652,0.0342,2.494376938,positive
480.2234,4.382,0.396,-0.891117545,positive
482.1231,3.477,0.926,0.095415864,positive
484.2903,6.142,0.0177,-2.897573986,positive
486.2329,5.447,0.755,-0.322012662,positive
487.2086,3.066,0.351,0.982592521,positive
489.2311,4.429,0.0289,2.597303639,positive
491.2279,4.076,0.382,-0.919720971,positive
498.0952,3.472,0.402,0.878612844,positive
500.2812,6.002,0.177,1.466472194,positive
500.2849,5.194,0.774,-0.29658561,positive
501.2038,4.801,0.542,-0.634241654,positive
502.2964,5.697,0.185,1.433892893,positive
503.1571,3.796,0.654,-0.463108061,positive
504.1824,0.676,0.712,0.380720272,positive
504.2071,4.427,0.933,-0.086779531,positive
504.2224,3.279,0.455,-0.780403462,positive
504.2644,3.847,0.437,-0.813832775,positive
505.236,2.917,0.39,-0.902760701,positive
505.2371,0.816,0.263,-1.192990158,positive
508.28,2.988,0.984,0.020326297,positive
512.2857,6.504,0.839,-0.208639775,positive
514.2642,5.844,0.0115,3.163335299,positive
523.0001,5.152,0.326,-1.03766567,positive
526.2647,6.979,0.15,-1.574028499,positive
530.2018,4.016,0.992,-0.010141619,positive
530.3214,4.045,0.894,-0.137068672,positive
532.1906,0.792,0.213,1.341361912,positive
532.3526,10.707,0.748,0.331391081,positive
543.3195,5.303,0.336,1.015653129,positive
544.3373,4.266,0.534,0.646990094,positive
551.2103,2.591,0.22,1.318519842,positive
552.3496,5.214,0.176,-1.468390206,positive
553.2943,6.108,0.942,0.074405825,positive
555.3098,6.452,0.523,-0.664367769,positive
559.2603,7.463,0.813,0.243036678,positive
560.3058,5.064,0.131,-1.659327349,positive
562.2489,5.434,0.0923,-1.88364651,positive
565.2029,0.801,0.335,1.01846964,positive
567.1757,2.786,0.359,0.966313338,positive
572.2333,5.399,0.668,0.442837424,positive
574.2227,0.788,0.343,1.000271862,positive
575.2542,6.292,0.267,-1.18317349,positive
575.384,5.148,0.461,0.770707243,positive
576.1819,0.788,0.146,1.590091302,positive
579.2172,2.935,0.453,0.784983204,positive
579.3413,3.735,0.923,-0.099382351,positive
583.1477,2.876,0.216,1.331265036,positive
586.2128,3.002,0.451,-0.787248782,positive
588.3229,4.257,0.451,-0.788026761,positive
591.3167,5.042,0.0743,2.018758918,positive
592.3019,3.483,0.449,0.792155467,positive
593.3321,5.017,0.00409,3.820627284,positive
595.3478,5.049,0.0022,4.232659478,positive
603.4563,5.393,0.828,0.223191085,positive
605.3265,2.998,0.514,-0.679926394,positive
606.1346,2.583,0.294,-1.113923892,positive
606.2801,3.463,0.831,0.219323582,positive
61.0395,0.663,0.098,-1.845921485,positive
618.2905,3.277,0.458,0.775599316,positive
651.105,3.812,0.41,-0.864374993,positive
677.186,3.444,0.255,-1.214610491,positive
685.2837,4.555,0.842,0.205568678,positive
693.1579,3.427,0.794,0.268806429,positive
705.3808,3.85,0.225,1.303701905,positive
715.3756,3.922,0.658,0.458157167,positive
717.3914,3.919,0.778,0.29002239,positive
719.3713,3.228,0.447,0.794636157,positive
719.3715,3.54,0.452,0.78639555,positive
719.3726,3.874,0.452,0.785927591,positive
723.3228,3.019,0.454,0.782220919,positive
728.3715,3.305,0.201,-1.379459736,positive
731.4168,3.418,0.539,-0.638564985,positive
733.3859,3.912,0.455,-0.780860496,positive
755.1895,2.903,0.186,1.433001376,positive
755.19,3.465,0.0866,1.923532612,positive
76.0757,0.642,0.562,-0.601829111,positive
912.3994,3.075,0.36,0.963590238,positive