mz_rt,mz,rt,MPA,Cluster_ID,Cluster_features,Cluster_size
168.0777_0.606,168.0777,0.606,55270.68949999999,Cluster_168.0777_0.606,168.0777_0.606;236.065_0.603,2
154.0621_0.609,154.0621,0.609,164721.21000000002,154.0621_0.609,154.0621_0.609,1
124.0072_0.616,124.0072,0.616,34493.831999999995,124.0072_0.616,124.0072_0.616,1
193.0351_0.617,193.0351,0.617,79363.17,193.0351_0.617,193.0351_0.617,1
239.1144_0.622,239.1144,0.622,8386.998,239.1144_0.622,239.1144_0.622,1
195.051_0.627,195.051,0.627,200851.99,195.051_0.627,195.051_0.627,1
215.0326_0.629,215.0326,0.629,86439.75200000001,215.0326_0.629,215.0326_0.629,1
219.0457_0.629,219.0457,0.629,27026.4205,219.0457_0.629,219.0457_0.629,1
217.0486_0.63,217.0486,0.63,78276.785,217.0486_0.63,217.0486_0.63,1
245.0433_0.63,245.0433,0.63,16794.542999999998,245.0433_0.63,245.0433_0.63,1
165.0405_0.634,165.0405,0.634,97125.6605,165.0405_0.634,165.0405_0.634,1
187.0383_0.634,187.0383,0.634,20045.358500000002,187.0383_0.634,187.0383_0.634,1
235.057_0.641,235.057,0.641,10291.8925,235.057_0.641,235.057_0.641,1
135.0295_0.64,135.0295,0.64,186850.16499999998,135.0295_0.64,135.0295_0.64,1
277.0852_0.658,277.0852,0.658,1804.7466,277.0852_0.658,277.0852_0.658,1
179.0556_0.643,179.0556,0.643,63805.663,179.0556_0.643,179.0556_0.643,1
149.0089_0.649,149.0089,0.649,36253.163,149.0089_0.649,149.0089_0.649,1
547.1106_0.67,547.1106,0.67,1891.03165,547.1106_0.67,547.1106_0.67,1
149.0452_0.654,149.0452,0.654,55019.6725,149.0452_0.654,149.0452_0.654,1
262.0364_0.654,262.0364,0.654,20604.7035,262.0364_0.654,262.0364_0.654,1
321.0625_0.656,321.0625,0.656,19879.676,Cluster_321.0625_0.656,265.0732_0.64;321.0625_0.656,2
174.0405_0.655,174.0405,0.655,24687.766,174.0405_0.655,174.0405_0.655,1
291.0683_0.654,291.0683,0.654,3971.7276,291.0683_0.654,291.0683_0.654,1
167.0208_0.657,167.0208,0.657,352837.93,167.0208_0.657,167.0208_0.657,1
261.039_0.66,261.039,0.66,22829.5785,261.039_0.66,261.039_0.66,1
494.1144_0.666,494.1144,0.666,1796.35775,494.1144_0.666,494.1144_0.666,1
308.0983_0.658,308.0983,0.658,16012.413499999999,308.0983_0.658,308.0983_0.658,1
247.062_0.659,247.062,0.659,23741.332000000002,247.062_0.659,247.062_0.659,1
363.0756_0.658,363.0756,0.658,27208.6365,363.0756_0.658,363.0756_0.658,1
277.052_0.659,277.052,0.659,7775.1942500000005,277.052_0.659,277.052_0.659,1
262.0286_0.664,262.0286,0.664,26868.822500000002,262.0286_0.664,262.0286_0.664,1
287.0195_0.66,287.0195,0.66,9832.996500000001,287.0195_0.66,287.0195_0.66,1
290.0877_0.662,290.0877,0.662,7016.4259999999995,290.0877_0.662,290.0877_0.662,1
287.0526_0.66,287.0526,0.66,7970.92455,287.0526_0.66,287.0526_0.66,1
263.0573_0.662,263.0573,0.662,22116.822,263.0573_0.662,263.0573_0.662,1
253.9903_0.661,253.9903,0.661,9957.782,253.9903_0.661,253.9903_0.661,1
188.0021_0.665,188.0021,0.665,19903.0975,188.0021_0.665,188.0021_0.665,1
300.039_0.661,300.039,0.661,23730.5715,300.039_0.661,300.039_0.661,1
379.0686_0.661,379.0686,0.661,47984.230500000005,379.0686_0.661,379.0686_0.661,1
243.0617_0.662,243.0617,0.662,28403.915,243.0617_0.662,243.0617_0.662,1
351.0566_0.663,351.0566,0.663,27684.023999999998,351.0566_0.663,351.0566_0.663,1
351.0199_0.667,351.0199,0.667,13734.188,Cluster_351.0199_0.667,151.0066_0.66;351.0199_0.667,2
396.025_0.663,396.025,0.663,21224.6305,396.025_0.663,396.025_0.663,1
293.0301_0.685,293.0301,0.685,8886.892,Cluster_293.0301_0.685,265.0186_0.67;293.0301_0.685;295.0277_0.684;307.0116_0.682;463.0657_0.669;487.0783_0.683;491.0719_0.671;527.1244_0.676;557.1344_0.671;631.1154_0.686;661.1248_0.679;691.1349_0.67,12
254.9816_0.664,254.9816,0.664,84435.52,254.9816_0.664,254.9816_0.664,1
328.0474_0.665,328.0474,0.665,7045.75575,328.0474_0.665,328.0474_0.665,1
275.0569_0.663,275.0569,0.663,13823.9515,Cluster_275.0569_0.663,275.056_0.654;275.0569_0.663,2
445.0903_0.667,445.0903,0.667,12087.324,445.0903_0.667,445.0903_0.667,1
289.0702_0.663,289.0702,0.663,8408.6025,289.0702_0.663,289.0702_0.663,1
293.0676_0.65,293.0676,0.65,14082.61275,293.0676_0.65,293.0676_0.65,1
541.1207_0.663,541.1207,0.663,8633.871,541.1207_0.663,541.1207_0.663,1
227.9967_0.668,227.9967,0.668,50549.844,227.9967_0.668,227.9967_0.668,1
395.0628_0.675,395.0628,0.675,24235.3085,395.0628_0.675,395.0628_0.675,1
405.0648_0.668,405.0648,0.668,15310.3285,405.0648_0.668,405.0648_0.668,1
398.0412_0.681,398.0412,0.681,4988.1103,398.0412_0.681,398.0412_0.681,1
231.0308_0.666,231.0308,0.666,18761.784,231.0308_0.666,231.0308_0.666,1
289.0528_0.664,289.0528,0.664,8067.264,289.0528_0.664,289.0528_0.664,1
375.054_0.665,375.054,0.665,17288.720999999998,375.054_0.665,375.054_0.665,1
225.0623_0.658,225.0623,0.658,12963.181,225.0623_0.658,225.0623_0.658,1
360.0729_0.672,360.0729,0.672,18135.4365,Cluster_360.0729_0.672,360.0729_0.672;389.0688_0.663,2
261.0232_0.668,261.0232,0.668,255209.595,Cluster_261.0232_0.668,261.0232_0.668;304.0334_0.669;305.0302_0.67;417.0297_0.684,4
260.0254_0.667,260.0254,0.667,170632.41499999998,260.0254_0.667,260.0254_0.667,1
347.059_0.674,347.059,0.674,26943.165,Cluster_347.059_0.674,347.059_0.674;373.0567_0.663,2
356.031_0.667,356.031,0.667,5298.672500000001,356.031_0.667,356.031_0.667,1
331.0274_0.668,331.0274,0.668,18398.762000000002,331.0274_0.668,331.0274_0.668,1
345.0438_0.668,345.0438,0.668,42807.7835,345.0438_0.668,345.0438_0.668,1
336.0493_0.662,336.0493,0.662,20038.8505,336.0493_0.662,336.0493_0.662,1
217.0162_0.671,217.0162,0.671,388914.62,Cluster_217.0162_0.671,216.0196_0.667;217.0162_0.671,2
349.059_0.669,349.059,0.669,39433.455,349.059_0.669,349.059_0.669,1
371.0241_0.671,371.0241,0.671,5400.6713500000005,371.0241_0.671,371.0241_0.671,1
359.0566_0.67,359.0566,0.67,15132.099,359.0566_0.67,359.0566_0.67,1
475.0782_0.667,475.0782,0.667,3824.6782,475.0782_0.667,475.0782_0.667,1
431.0534_0.666,431.0534,0.666,8004.713,Cluster_431.0534_0.666,323.0417_0.656;431.0534_0.666;432.2024_0.669;461.0646_0.667;462.0712_0.669,5
274.0026_0.671,274.0026,0.671,21403.9165,274.0026_0.671,274.0026_0.671,1
230.0493_0.666,230.0493,0.666,3545.2302,230.0493_0.666,230.0493_0.666,1
550.1307_0.664,550.1307,0.664,2111.9964499999996,Cluster_550.1307_0.664,338.1134_0.651;550.1307_0.664,2
173.0089_0.672,173.0089,0.672,517758.19,Cluster_173.0089_0.672,129.0191_0.669;173.0089_0.672;85.0291_0.668,3
526.0995_0.675,526.0995,0.675,2326.09785,526.0995_0.675,526.0995_0.675,1
232.005_0.705,232.005,0.705,4964.9912,Cluster_232.005_0.705,232.005_0.705;246.0075_0.694,2
330.0291_0.673,330.0291,0.673,23451.752,330.0291_0.673,330.0291_0.673,1
301.0547_0.665,301.0547,0.665,5937.7895,301.0547_0.665,301.0547_0.665,1
274.0396_0.676,274.0396,0.676,12062.54,274.0396_0.676,274.0396_0.676,1
318.064_0.674,318.064,0.674,10009.7675,318.064_0.674,318.064_0.674,1
315.0338_0.673,315.0338,0.673,17856.55,315.0338_0.673,315.0338_0.673,1
320.0597_0.683,320.0597,0.683,22176.6835,320.0597_0.683,320.0597_0.683,1
277.0349_0.667,277.0349,0.667,7178.59935,277.0349_0.667,277.0349_0.667,1
262.9863_0.693,262.98630000000003,0.693,5139.8567,262.9863_0.693,262.9863_0.693,1
264.9884_0.68,264.9884,0.68,94396.78700000001,264.9884_0.68,264.9884_0.68,1
399.0203_0.683,399.0203,0.683,15482.17,399.0203_0.683,399.0203_0.683,1
344.0448_0.677,344.0448,0.677,28928.565499999997,344.0448_0.677,344.0448_0.677,1
303.0365_0.684,303.0365,0.684,37633.1135,303.0365_0.684,303.0365_0.684,1
365.0528_0.68,365.0528,0.68,16902.0205,365.0528_0.68,365.0528_0.68,1
307.0326_0.669,307.0326,0.669,10535.622500000001,307.0326_0.669,307.0326_0.669,1
246.0433_0.669,246.0433,0.669,6290.208,246.0433_0.669,246.0433_0.669,1
275.0216_0.69,275.0216,0.69,37214.3165,275.0216_0.69,275.0216_0.69,1
278.0698_0.683,278.0698,0.683,11224.590499999998,278.0698_0.683,278.0698_0.683,1
218.9961_0.686,218.9961,0.686,37568.355500000005,218.9961_0.686,218.9961_0.686,1
191.0212_0.699,191.0212,0.699,5668005.25,191.0212_0.699,191.0212_0.699,1
509.0384_0.699,509.0384,0.699,1660.45725,509.0384_0.699,509.0384_0.699,1
289.0363_0.688,289.0363,0.688,38101.9215,Cluster_289.0363_0.688,288.0398_0.684;289.0363_0.688,2
300.0195_0.687,300.0195,0.687,15168.3325,300.0195_0.687,300.0195_0.687,1
480.0818_0.682,480.0818,0.682,2495.8007,Cluster_480.0818_0.682,436.092_0.669;480.0818_0.682,2
361.0578_0.686,361.0578,0.686,37253.285,361.0578_0.686,361.0578_0.686,1
242.0115_0.695,242.0115,0.695,14140.985499999999,Cluster_242.0115_0.695,242.0115_0.695;410.0417_0.684,2
145.0141_0.693,145.0141,0.693,36075.834,145.0141_0.693,145.0141_0.693,1
302.0532_0.694,302.0532,0.694,17619.406000000003,302.0532_0.694,302.0532_0.694,1
439.056_0.753,439.056,0.753,2987.1109500000002,Cluster_439.056_0.753,360.1406_0.756;439.056_0.753;549.0364_0.757;771.1962_0.744,4
418.1123_0.717,418.1123,0.717,15447.458999999999,418.1123_0.717,418.1123_0.717,1
377.0526_0.697,377.0526,0.697,21558.055,377.0526_0.697,377.0526_0.697,1
296.9824_0.699,296.9824,0.699,234340,Cluster_296.9824_0.699,295.9856_0.697;296.9824_0.699,2
218.0492_0.684,218.0492,0.684,16366.7885,Cluster_218.0492_0.684,218.0492_0.684;316.0285_0.688,2
133.0504_0.696,133.0504,0.696,33872.4315,133.0504_0.696,133.0504_0.696,1
405.0469_0.697,405.0469,0.697,20555.761,405.0469_0.697,405.0469_0.697,1
349.0207_0.696,349.0207,0.696,9626.0535,349.0207_0.696,349.0207_0.696,1
333.0634_0.694,333.0634,0.694,47664.994000000006,Cluster_333.0634_0.694,332.0663_0.696;333.0634_0.694,2
394.06_0.685,394.06,0.685,12870.4915,394.06_0.685,394.06_0.685,1
144.03_0.697,144.03,0.697,15983.524,144.03_0.697,144.03_0.697,1
391.0332_0.698,391.0332,0.698,1155967.55,Cluster_391.0332_0.698,391.0332_0.698;392.0363_0.698,2
296.0197_0.697,296.0197,0.697,2502.8905000000004,296.0197_0.697,296.0197_0.697,1
191.0523_0.699,191.0523,0.699,114326.4375,191.0523_0.699,191.0523_0.699,1
319.0474_0.696,319.0474,0.696,223836.265,Cluster_319.0474_0.696,319.0474_0.696;320.05_0.698,2
347.0424_0.697,347.0424,0.697,34351.246499999994,347.0424_0.697,347.0424_0.697,1
191.0203_0.697,191.0203,0.697,5614155.5,191.0203_0.697,191.0203_0.697,1
397.0582_0.701,397.0582,0.701,24902.7105,397.0582_0.701,397.0582_0.701,1
277.0021_0.707,277.0021,0.707,7786.027,Cluster_277.0021_0.707,225.0424_0.708;277.0021_0.707;419.1179_0.71,3
206.9961_0.7,206.9961,0.7,78696.23999999999,206.9961_0.7,206.9961_0.7,1
78.9585_0.702,78.9585,0.702,188137.62,78.9585_0.702,78.9585_0.702,1
468.0451_0.696,468.0451,0.696,3957.3292,Cluster_468.0451_0.696,468.0451_0.696;570.0904_0.696;584.0883_0.697,3
389.0528_0.7,389.0528,0.7,32482.294,389.0528_0.7,389.0528_0.7,1
246.9913_0.705,246.9913,0.705,97681.763,Cluster_246.9913_0.705,246.9913_0.705;246.9916_0.705;247.9921_0.704;247.9959_0.702,4
161.988_0.685,161.988,0.685,8831.714,161.988_0.685,161.988_0.685,1
154.9984_0.703,154.9984,0.703,24608.89,154.9984_0.703,154.9984_0.703,1
111.0085_0.703,111.0085,0.703,608648.225,Cluster_111.0085_0.703,111.0085_0.703;192.0224_0.702,2
216.981_0.709,216.981,0.709,107680.603,216.981_0.709,216.981_0.709,1
524.0845_0.705,524.0845,0.705,7974.1891,524.0845_0.705,524.0845_0.705,1
379.0336_0.708,379.0336,0.708,29117.275999999998,379.0336_0.708,379.0336_0.708,1
367.0282_0.707,367.0282,0.707,16975.1235,367.0282_0.707,367.0282_0.707,1
543.0792_0.704,543.0792,0.704,8591.299500000001,543.0792_0.704,543.0792_0.704,1
303.0532_0.705,303.0532,0.705,41488.0975,303.0532_0.705,303.0532_0.705,1
232.9759_0.708,232.9759,0.708,37385.9745,232.9759_0.708,232.9759_0.708,1
423.0571_0.703,423.0571,0.703,13724.937,423.0571_0.703,423.0571_0.703,1
347.079_0.706,347.079,0.706,31007.718999999997,347.079_0.706,347.079_0.706,1
146.0456_0.708,146.0456,0.708,43595.223,146.0456_0.708,146.0456_0.708,1
335.0468_0.663,335.0468,0.663,124714.872,335.0468_0.663,335.0468_0.663,1
409.0428_0.71,409.0428,0.71,15001.855749999999,409.0428_0.71,409.0428_0.71,1
559.1102_0.68,559.1102,0.68,2783.9565000000002,Cluster_559.1102_0.68,427.0674_0.685;559.1102_0.68;573.1087_0.695,3
259.057_0.712,259.057,0.712,10906.243,259.057_0.712,259.057_0.712,1
377.0353_0.713,377.0353,0.713,36738.292,377.0353_0.713,377.0353_0.713,1
263.0249_0.69,263.0249,0.69,18590.9655,Cluster_263.0249_0.69,263.0249_0.69;288.0231_0.685;337.0436_0.684;385.0951_0.677,4
370.0786_0.733,370.0786,0.733,7152.494650000001,370.0786_0.733,370.0786_0.733,1
499.0756_0.705,499.0756,0.705,2260.3548499999997,499.0756_0.705,499.0756_0.705,1
310.9761_0.719,310.9761,0.719,60290.3465,310.9761_0.719,310.9761_0.719,1
291.0345_0.717,291.0345,0.717,24848.057500000003,291.0345_0.717,291.0345_0.717,1
576.1384_0.705,576.1384,0.705,1559.056,576.1384_0.705,576.1384_0.705,1
424.0493_0.721,424.0493,0.721,15129.7035,424.0493_0.721,424.0493_0.721,1
405.0285_0.72,405.0285,0.72,60134.578,405.0285_0.72,405.0285_0.72,1
230.0139_0.763,230.0139,0.763,24898.002,230.0139_0.763,230.0139_0.763,1
418.1149_0.722,418.1149,0.722,15292.498500000002,418.1149_0.722,418.1149_0.722,1
258.0424_0.699,258.0424,0.699,7431.2675,258.0424_0.699,258.0424_0.699,1
485.0955_0.681,485.0955,0.681,2305.4809,485.0955_0.681,485.0955_0.681,1
303.0712_0.728,303.0712,0.728,29029.7215,Cluster_303.0712_0.728,303.0712_0.728;303.0715_0.727,2
422.0501_0.727,422.0501,0.727,8247.755000000001,422.0501_0.727,422.0501_0.727,1
218.1032_0.748,218.1032,0.748,15934.1195,218.1032_0.748,218.1032_0.748,1
247.0277_0.755,247.0277,0.755,16779.173,247.0277_0.755,247.0277_0.755,1
175.0241_0.753,175.0241,0.753,15775.6835,175.0241_0.753,175.0241_0.753,1
194.046_0.798,194.046,0.798,172792.90000000002,194.046_0.798,194.046_0.798,1
137.0248_0.733,137.0248,0.733,7679.64315,137.0248_0.733,137.0248_0.733,1
191.0524_0.713,191.0524,0.713,111830.66500000001,191.0524_0.713,191.0524_0.713,1
205.0352_0.76,205.0352,0.76,55278.2275,205.0352_0.76,205.0352_0.76,1
343.0666_0.756,343.0666,0.756,17206.9765,343.0666_0.756,343.0666_0.756,1
457.0689_0.726,457.0689,0.726,2749.10105,Cluster_457.0689_0.726,457.0689_0.726;479.0535_0.737,2
147.0298_0.76,147.0298,0.76,92273.723,147.0298_0.76,147.0298_0.76,1
191.0267_0.755,191.0267,0.755,35898.185,191.0267_0.755,191.0267_0.755,1
389.1038_0.786,389.1038,0.786,12534.219000000001,Cluster_389.1038_0.786,1123.2723_0.775;1153.2827_0.789;124.01_0.775;139.0401_0.786;359.0971_0.789;373.0779_0.78;389.1018_0.792;389.1038_0.786;463.107_0.79;555.1553_0.783;572.1076_0.784;645.1108_0.776;741.1865_0.791;757.1576_0.789;855.1238_0.789;855.1239_0.785,16
161.0454_0.768,161.0454,0.768,64723.205,161.0454_0.768,161.0454_0.768,1
177.0225_0.776,177.0225,0.776,44194.517,177.0225_0.776,177.0225_0.776,1
324.0723_0.776,324.0723,0.776,47109.047000000006,324.0723_0.776,324.0723_0.776,1
208.0646_0.766,208.0646,0.766,6690.29785,208.0646_0.766,208.0646_0.766,1
301.0563_0.774,301.0563,0.774,6092.918,301.0563_0.774,301.0563_0.774,1
144.0665_0.781,144.0665,0.781,35252.278999999995,144.0665_0.781,144.0665_0.781,1
165.0409_0.76,165.0409,0.76,32189.932,165.0409_0.76,165.0409_0.76,1
245.1137_0.783,245.1137,0.783,13891.932,Cluster_245.1137_0.783,227.1036_0.798;245.1137_0.783,2
299.1247_0.784,299.1247,0.784,12614.3365,299.1247_0.784,299.1247_0.784,1
364.0954_0.768,364.0954,0.768,1806.2925,364.0954_0.768,364.0954_0.768,1
357.0823_0.779,357.0823,0.779,10690.681,357.0823_0.779,357.0823_0.779,1
195.0512_0.787,195.0512,0.787,75211.75200000001,195.0512_0.787,195.0512_0.787,1
315.0713_0.751,315.0713,0.751,4086.91165,315.0713_0.751,315.0713_0.751,1
319.1032_0.789,319.1032,0.789,19617.2635,319.1032_0.789,319.1032_0.789,1
274.039_0.769,274.039,0.769,12161.317,274.039_0.769,274.039_0.769,1
275.0221_0.754,275.0221,0.754,26052.068,275.0221_0.754,275.0221_0.754,1
204.9812_0.795,204.9812,0.795,83126.05,204.9812_0.795,204.9812_0.795,1
216.9808_0.715,216.9808,0.715,104920.7,216.9808_0.715,216.9808_0.715,1
231.9926_0.79,231.9926,0.79,13947.334,231.9926_0.79,231.9926_0.79,1
356.0987_0.796,356.0987,0.796,3407.80915,356.0987_0.796,356.0987_0.796,1
261.0072_0.769,261.0072,0.769,58390.645000000004,261.0072_0.769,261.0072_0.769,1
391.1124_0.79,391.1124,0.79,10321.0255,391.1124_0.79,391.1124_0.79,1
194.0546_0.797,194.0546,0.797,14407.708,194.0546_0.797,194.0546_0.797,1
227.9971_0.795,227.9971,0.795,52247.627,227.9971_0.795,227.9971_0.795,1
502.2071_0.806,502.2071,0.806,501.15729999999996,Cluster_502.2071_0.806,502.2071_0.806;516.2234_0.803,2
415.1607_0.797,415.1607,0.797,3205.9641,415.1607_0.797,415.1607_0.797,1
303.0177_0.795,303.0177,0.795,28301.9045,Cluster_303.0177_0.795,303.0177_0.795;399.0923_0.803,2
223.0623_0.802,223.0623,0.802,2785.21265,223.0623_0.802,223.0623_0.802,1
375.1294_0.798,375.1294,0.798,21387.654000000002,Cluster_375.1294_0.798,361.1497_0.795;375.1294_0.798,2
276.0018_0.763,276.0018,0.763,2412.84825,Cluster_276.0018_0.763,276.0018_0.763;446.038_0.779,2
168.0301_0.797,168.0301,0.797,38378.816999999995,168.0301_0.797,168.0301_0.797,1
479.0506_0.791,479.0506,0.791,1446.9693,Cluster_479.0506_0.791,479.0506_0.791;861.1404_0.799,2
411.0787_0.764,411.0787,0.764,2637.2379,411.0787_0.764,411.0787_0.764,1
326.0866_0.798,326.0866,0.798,8124.289,Cluster_326.0866_0.798,311.0753_0.804;326.0866_0.798,2
579.0457_0.796,579.0457,0.796,1200.25935,579.0457_0.796,579.0457_0.796,1
194.0459_0.799,194.0459,0.799,175454.69,Cluster_194.0459_0.799,194.0459_0.799;292.0225_0.799,2
230.9967_0.757,230.9967,0.757,35140.8845,230.9967_0.757,230.9967_0.757,1
282.0473_0.802,282.0473,0.802,10687.762999999999,282.0473_0.802,282.0473_0.802,1
182.0076_0.788,182.0076,0.788,1260.7289,182.0076_0.788,182.0076_0.788,1
258.9916_0.797,258.9916,0.797,17590.072500000002,258.9916_0.797,258.9916_0.797,1
182.0282_0.77,182.0282,0.77,2683.3879500000003,182.0282_0.77,182.0282_0.77,1
219.0508_0.792,219.0508,0.792,13168.718,219.0508_0.792,219.0508_0.792,1
182.0458_0.803,182.0458,0.803,27970.4055,182.0458_0.803,182.0458_0.803,1
489.0926_0.758,489.0926,0.758,1746.21975,Cluster_489.0926_0.758,489.0926_0.758;541.1395_0.742,2
337.0556_0.777,337.0556,0.777,4305.2935,337.0556_0.777,337.0556_0.777,1
371.0976_0.801,371.0976,0.801,8335.4335,371.0976_0.801,371.0976_0.801,1
403.197_0.807,403.197,0.807,7092.49,403.197_0.807,403.197_0.807,1
131.0349_0.8,131.0349,0.8,60187.7635,131.0349_0.8,131.0349_0.8,1
372.0951_0.795,372.0951,0.795,3588.6447,372.0951_0.795,372.0951_0.795,1
230.0156_0.793,230.0156,0.793,17453.5225,230.0156_0.793,230.0156_0.793,1
181.9916_0.803,181.9916,0.803,6286.317,181.9916_0.803,181.9916_0.803,1
248.0596_0.808,248.0596,0.808,12943.6255,248.0596_0.808,248.0596_0.808,1
203.0021_0.801,203.0021,0.801,15207.149000000001,Cluster_203.0021_0.801,203.0021_0.801;585.0899_0.796,2
230.0135_0.791,230.0135,0.791,23036.885,230.0135_0.791,230.0135_0.791,1
273.0073_0.807,273.0073,0.807,47773.2185,273.0073_0.807,273.0073_0.807,1
313.0567_0.793,313.0567,0.793,3747.6517,313.0567_0.793,313.0567_0.793,1
359.1353_0.806,359.1353,0.806,3162.0041499999998,359.1353_0.806,359.1353_0.806,1
227.06_0.796,227.06,0.796,2130.3253000000004,227.06_0.796,227.06_0.796,1
576.1317_0.792,576.1317,0.792,1150.8145,576.1317_0.792,576.1317_0.792,1
368.0998_0.802,368.0998,0.802,1886.2606999999998,368.0998_0.802,368.0998_0.802,1
336.0708_0.807,336.0708,0.807,3906.0778,336.0708_0.807,336.0708_0.807,1
224.0563_0.81,224.0563,0.81,25352.199999999997,224.0563_0.81,224.0563_0.81,1
419.1134_0.748,419.1134,0.748,4832.64455,419.1134_0.748,419.1134_0.748,1
188.9864_0.815,188.9864,0.815,252148.305,Cluster_188.9864_0.815,188.9864_0.815;189.9895_0.816,2
181.0505_0.817,181.0505,0.817,30974.289,181.0505_0.817,181.0505_0.817,1
227.0559_0.8,227.0559,0.8,2436.1758,Cluster_227.0559_0.8,227.0559_0.8;325.0323_0.804;347.0076_0.814;448.1934_0.807;477.1007_0.807;609.1423_0.802;675.1192_0.802,7
422.1067_0.783,422.1067,0.783,1372.00785,422.1067_0.783,422.1067_0.783,1
313.999_0.818,313.999,0.818,8705.003,313.999_0.818,313.999_0.818,1
212.0023_0.825,212.0023,0.825,100086.66,Cluster_212.0023_0.825,212.0023_0.825;213.9982_0.833,2
173.9923_0.799,173.9923,0.799,17602.036500000002,173.9923_0.799,173.9923_0.799,1
167.0211_1.15,167.0211,1.15,376488.89,Cluster_167.0211_1.15,167.0211_1.15;335.0494_1.152,2
381.0301_1.155,381.0301,1.155,47326.931,381.0301_1.155,381.0301_1.155,1
380.0301_1.155,380.0301,1.155,15506.3875,380.0301_1.155,380.0301_1.155,1
217.0161_1.159,217.0161,1.159,37182.084,217.0161_1.159,217.0161_1.159,1
191.0201_1.159,191.0201,1.159,1055052.05,Cluster_191.0201_1.159,111.0087_1.164;191.0201_1.159;405.0285_1.16;427.0103_1.161,4
310.9691_1.162,310.9691,1.162,47286.130000000005,310.9691_1.162,310.9691_1.162,1
188.9863_1.166,188.9863,1.166,89619.035,188.9863_1.166,188.9863_1.166,1
191.0276_1.165,191.0276,1.165,34720.07,191.0276_1.165,191.0276_1.165,1
173.0091_1.231,173.0091,1.231,39430.709,173.0091_1.231,173.0091_1.231,1
258.044_2.007,258.044,2.007,1762.46925,258.044_2.007,258.044_2.007,1
375.0931_2.077,375.0931,2.077,501.09375,375.0931_2.077,375.0931_2.077,1
227.0554_2.1,227.0554,2.1,502.8132,227.0554_2.1,227.0554_2.1,1
324.0723_2.134,324.0723,2.134,17426.912,324.0723_2.134,324.0723_2.134,1
161.9866_2.133,161.9866,2.133,6914.7323,161.9866_2.133,161.9866_2.133,1
182.0458_2.174,182.0458,2.174,27926.8085,182.0458_2.174,182.0458_2.174,1
213.9981_2.254,213.9981,2.254,9551.063,213.9981_2.254,213.9981_2.254,1
384.0537_2.335,384.0537,2.335,3743.03625,384.0537_2.335,384.0537_2.335,1
653.1834_2.294,653.1834,2.294,501.15729999999996,653.1834_2.294,653.1834_2.294,1
348.0769_2.315,348.0769,2.315,2664.0583500000002,Cluster_348.0769_2.315,326.0892_2.313;326.0973_2.32;348.0769_2.315;446.0335_2.313;675.1659_2.308,5
338.1178_2.307,338.1178,2.307,501.09375,338.1178_2.307,338.1178_2.307,1
165.0417_2.342,165.0417,2.342,38926.961,165.0417_2.342,165.0417_2.342,1
457.0963_2.367,457.0963,2.367,501.15729999999996,457.0963_2.367,457.0963_2.367,1
227.9972_2.377,227.9972,2.377,59151.6415,227.9972_2.377,227.9972_2.377,1
246.0109_2.385,246.0109,2.385,2170.09565,246.0109_2.385,246.0109_2.385,1
206.9967_2.418,206.9967,2.418,27502.637499999997,206.9967_2.418,206.9967_2.418,1
479.0459_2.443,479.0459,2.443,1115.9795,479.0459_2.443,479.0459_2.443,1
233.0124_2.47,233.0124,2.47,26671.297,233.0124_2.47,233.0124_2.47,1
230.0129_2.513,230.0129,2.513,9601.457999999999,Cluster_230.0129_2.513,230.0129_2.513;232.0047_2.518;483.0154_2.51;516.1022_2.528,4
230.0159_2.501,230.0159,2.501,7752.735000000001,230.0159_2.501,230.0159_2.501,1
359.0975_2.524,359.0975,2.524,1549.89185,Cluster_359.0975_2.524,309.0242_2.522;359.0975_2.524;645.1901_2.522,3
274.0027_2.51,274.0027,2.51,16898.7725,274.0027_2.51,274.0027_2.51,1
218.1033_2.56,218.1033,2.56,12988.922999999999,218.1033_2.56,218.1033_2.56,1
449.0698_2.589,449.0698,2.589,1347.737,Cluster_449.0698_2.589,320.1087_2.579;449.0698_2.589;565.137_2.579,3
361.0218_2.595,361.0218,2.595,1735.33825,Cluster_361.0218_2.595,361.0218_2.595;489.0936_2.593;494.0742_2.602;579.126_2.604,4
293.0743_2.543,293.0743,2.543,1620.7785,293.0743_2.543,293.0743_2.543,1
293.0331_2.576,293.0331,2.576,2085.35225,Cluster_293.0331_2.576,293.0331_2.576;295.03_2.565;307.0111_2.574;328.9944_2.584;579.0437_2.578;609.0591_2.577;611.0554_2.581,7
484.0498_2.566,484.0498,2.566,1167.9165,Cluster_484.0498_2.566,223.0583_2.562;364.0955_2.559;422.0544_2.559;432.0832_2.56;484.0498_2.566;650.1898_2.57,6
623.0319_2.6,623.0319,2.6,1190.5892,623.0319_2.6,623.0319_2.6,1
204.9812_2.586,204.9812,2.586,67010.04000000001,204.9812_2.586,204.9812_2.586,1
356.1002_2.592,356.1002,2.592,1301.99015,356.1002_2.592,356.1002_2.592,1
168.0302_2.597,168.0302,2.597,20301.992,168.0302_2.597,168.0302_2.597,1
487.0759_2.632,487.0759,2.632,758.49165,487.0759_2.632,487.0759_2.632,1
675.1222_2.643,675.1222,2.643,1053.38705,Cluster_675.1222_2.643,590.1471_2.657;675.1222_2.643;675.2009_2.65;801.2049_2.656,4
457.097_2.652,457.097,2.652,1031.1246,457.097_2.652,457.097_2.652,1
509.0519_2.681,509.0519,2.681,4679.33385,Cluster_509.0519_2.681,323.0414_2.68;389.1059_2.672;509.0519_2.681,3
178.0524_2.721,178.0524,2.721,460841.17000000004,178.0524_2.721,178.0524_2.721,1
216.9812_2.65,216.9812,2.65,48311.109,216.9812_2.65,216.9812_2.65,1
303.072_2.684,303.072,2.684,20902.498,303.072_2.684,303.072_2.684,1
260.0239_2.686,260.0239,2.686,1577.4882499999999,260.0239_2.686,260.0239_2.686,1
669.1448_2.74,669.1448,2.74,9127.813,Cluster_669.1448_2.74,669.1448_2.74;829.2715_2.727;835.2888_2.725,3
313.9951_2.734,313.9951,2.734,8801.8515,313.9951_2.734,313.9951_2.734,1
596.1248_2.733,596.1248,2.733,2287.15005,596.1248_2.733,596.1248_2.733,1
194.0459_2.735,194.0459,2.735,93361.53,Cluster_194.0459_2.735,194.0459_2.735;411.0814_2.735;480.1382_2.735,3
194.0495_2.735,194.0495,2.735,45930.791,194.0495_2.735,194.0495_2.735,1
395.0857_2.735,395.0857,2.735,16047.948,395.0857_2.735,395.0857_2.735,1
379.0909_2.789,379.0909,2.789,44728.9065,379.0909_2.789,379.0909_2.789,1
744.2193_2.763,744.2193,2.763,5949.5105,744.2193_2.763,744.2193_2.763,1
263.1041_2.759,263.1041,2.759,617507.13,Cluster_263.1041_2.759,263.1041_2.759;264.1071_2.755;549.1963_2.753;829.2715_2.758;835.2887_2.754,5
464.1437_2.772,464.1437,2.772,63119.548500000004,464.1437_2.772,464.1437_2.772,1
665.1832_2.777,665.1832,2.777,7528.8045,Cluster_665.1832_2.777,659.1667_2.763;665.1832_2.777,2
178.0515_2.811,178.0515,2.811,646667.6699999999,178.0515_2.811,178.0515_2.811,1
188.9864_2.765,188.9864,2.765,191241.07,188.9864_2.765,188.9864_2.765,1
195.0514_2.765,195.0514,2.765,62071.773499999996,Cluster_195.0514_2.765,195.0514_2.765;391.1122_2.774,2
396.0904_2.751,396.0904,2.751,5859.4865,396.0904_2.751,396.0904_2.751,1
459.1629_2.778,459.1629,2.778,6318.918,459.1629_2.778,459.1629_2.778,1
263.1397_2.777,263.1397,2.777,31134.6845,263.1397_2.777,263.1397_2.777,1
383.0644_2.771,383.0644,2.771,15393.256,383.0644_2.771,383.0644_2.771,1
242.0128_2.785,242.0128,2.785,15589.02,242.0128_2.785,242.0128_2.785,1
263.0272_2.81,263.0272,2.81,19080.481,Cluster_263.0272_2.81,263.0272_2.81;263.0591_2.805;473.0218_2.809;549.035_2.814;551.0331_2.81;565.0065_2.811;835.0489_2.8;931.1224_2.809,8
246.9917_2.802,246.9917,2.802,34270.522,246.9917_2.802,246.9917_2.802,1
331.091_2.747,331.091,2.747,45210.074,331.091_2.747,331.091_2.747,1
549.1196_2.793,549.1196,2.793,2065.9745000000003,549.1196_2.793,549.1196_2.793,1
265.0184_2.828,265.0184,2.828,1226.47555,Cluster_265.0184_2.828,265.0184_2.828;645.1099_2.832;659.1239_2.825,3
464.0663_2.822,464.0663,2.822,1607.2602,464.0663_2.822,464.0663_2.822,1
383.0324_2.787,383.0324,2.787,4967.263,383.0324_2.787,383.0324_2.787,1
181.9917_2.823,181.9917,2.823,3167.43985,Cluster_181.9917_2.823,181.9917_2.823;468.0834_2.815,2
549.1963_2.777,549.1963,2.777,39293.3525,Cluster_549.1963_2.777,549.1963_2.777;669.1447_2.763,2
464.1437_2.808,464.1437,2.808,61775.3435,464.1437_2.808,464.1437_2.808,1
419.1155_2.861,419.1155,2.861,755.32915,419.1155_2.861,419.1155_2.861,1
610.164_2.859,610.164,2.859,4815.3498500000005,Cluster_610.164_2.859,610.164_2.859;896.2543_2.86,2
219.0524_2.85,219.0524,2.85,3796.41345,219.0524_2.85,219.0524_2.85,1
580.1297_2.848,580.1297,2.848,4987.31885,580.1297_2.848,580.1297_2.848,1
324.0723_2.857,324.0723,2.857,37613.253,324.0723_2.857,324.0723_2.857,1
665.1833_2.829,665.1833,2.829,7316.469999999999,Cluster_665.1833_2.829,659.1666_2.837;665.1833_2.829,2
219.0509_2.854,219.0509,2.854,4532.767,Cluster_219.0509_2.854,219.0509_2.854;505.1427_2.841,2
263.1041_2.796,263.1041,2.796,607508.75,263.1041_2.796,263.1041_2.796,1
645.1893_2.881,645.1893,2.881,1537.8806,Cluster_645.1893_2.881,560.1364_2.889;645.1893_2.881,2
441.0612_2.876,441.0612,2.876,9225.524,441.0612_2.876,441.0612_2.876,1
343.0669_2.881,343.0669,2.881,22404.480000000003,343.0669_2.881,343.0669_2.881,1
178.0513_2.879,178.0513,2.879,699161.575,Cluster_178.0513_2.879,134.0611_2.89;178.0513_2.879;379.0909_2.88;574.1142_2.883,4
241.1193_2.896,241.1193,2.896,27398.5935,241.1193_2.896,241.1193_2.896,1
203.0021_2.888,203.0021,2.888,36069.85,203.0021_2.888,203.0021_2.888,1
246.0383_2.873,246.0383,2.873,57282.306500000006,246.0383_2.873,246.0383_2.873,1
370.0781_2.895,370.0781,2.895,4891.85265,Cluster_370.0781_2.895,370.0781_2.895;468.0438_2.896,2
464.1436_2.856,464.1436,2.856,52352.555,464.1436_2.856,464.1436_2.856,1
395.0857_2.92,395.0857,2.92,8609.103,395.0857_2.92,395.0857_2.92,1
194.0459_2.921,194.0459,2.921,81522.801,194.0459_2.921,194.0459_2.921,1
373.1067_2.937,373.1067,2.937,16868.131500000003,Cluster_373.1067_2.937,322.1104_2.943;373.1067_2.937;389.1005_2.94;432.1639_2.932;609.1484_2.937;623.1618_2.946,6
659.2045_2.918,659.2045,2.918,1167.12415,Cluster_659.2045_2.918,574.1523_2.913;659.2045_2.918,2
388.047_2.937,388.047,2.937,28328.826,388.047_2.937,388.047_2.937,1
422.1084_2.915,422.1084,2.915,501.24789999999996,422.1084_2.915,422.1084_2.915,1
473.0996_2.932,473.0996,2.932,20914.9415,473.0996_2.932,473.0996_2.932,1
428.0941_2.98,428.0941,2.98,1302.5798,Cluster_428.0941_2.98,428.0941_2.98;560.1365_2.971;645.1887_2.968,3
157.0506_2.959,157.0506,2.959,34210.996,157.0506_2.959,157.0506_2.959,1
357.0826_2.931,357.0826,2.931,8153.49985,357.0826_2.931,357.0826_2.931,1
459.0843_2.964,459.0843,2.964,10385.3765,459.0843_2.964,459.0843_2.964,1
263.1054_2.91,263.1054,2.91,453985.95499999996,263.1054_2.91,263.1054_2.91,1
374.0316_2.965,374.0316,2.965,13194.844000000001,374.0316_2.965,374.0316_2.965,1
477.1039_2.949,477.1039,2.949,1215.2462,477.1039_2.949,477.1039_2.949,1
1093.9937_2.988,1093.9937,2.988,19813.764,1093.9937_2.988,1093.9937_2.988,1
336.1218_3.046,336.1218,3.046,1414.6949,Cluster_336.1218_3.046,336.1218_3.046;432.2027_3.06;828.3048_3.061,3
563.1044_2.949,563.1044,2.949,1721.4506000000001,563.1044_2.949,563.1044_2.949,1
389.1043_2.952,389.1043,2.952,3354.3517,Cluster_389.1043_2.952,277.0007_2.942;389.1043_2.952,2
173.0001_2.997,173.0001,2.997,25827.4455,173.0001_2.997,173.0001_2.997,1
577.1184_2.969,577.1184,2.969,1235.5025500000002,577.1184_2.969,577.1184_2.969,1
368.9723_3.004,368.9723,3.004,14754.6085,368.9723_3.004,368.9723_3.004,1
172.9915_3.001,172.9915,3.001,412300.41000000003,172.9915_3.001,172.9915_3.001,1
359.1353_3.002,359.1353,3.002,4470.37775,Cluster_359.1353_3.002,139.0401_3.003;227.0551_2.986;277.0329_2.993;359.1353_3.002;360.1388_3.006;457.0623_2.989;771.1944_2.999;855.1197_2.99;861.1356_3.001;875.1494_2.993,10
382.9875_3.002,382.9875,3.002,28907.7315,382.9875_3.002,382.9875_3.002,1
555.0787_2.996,555.0787,2.996,1097.5160500000002,555.0787_2.996,555.0787_2.996,1
224.0561_3.018,224.0561,3.018,21755.379999999997,224.0561_3.018,224.0561_3.018,1
181.0504_3.017,181.0504,3.017,46746.359,181.0504_3.017,181.0504_3.017,1
741.1857_3.018,741.1857,3.018,501.243,Cluster_741.1857_3.018,1117.2561_3.018;1123.2728_3.021;1131.2716_3.026;1137.288_3.026;741.1856_3.019;741.1857_3.018;755.2012_3.03;800.2743_3.027;814.2904_3.028,9
359.0958_2.977,359.0958,2.977,1952.64745,Cluster_359.0958_2.977,359.0958_2.977;487.0726_2.982;785.2097_2.974,3
479.0465_3.005,479.0465,3.005,1339.3532500000001,Cluster_479.0465_3.005,418.1842_3.015;479.0465_3.005,2
547.1102_3.005,547.1102,3.005,1155.1852,547.1102_3.005,547.1102_3.005,1
569.0928_2.988,569.0928,2.988,1331.37065,Cluster_569.0928_2.988,227.0628_2.987;569.0928_2.988,2
427.0844_2.991,427.0844,2.991,1327.4206,427.0844_2.991,427.0844_2.991,1
951.181_3.008,951.181,3.008,501.24789999999996,Cluster_951.181_3.008,945.1645_3.008;951.181_3.008,2
364.0972_3.027,364.0972,3.027,501.15729999999996,364.0972_3.027,364.0972_3.027,1
189.0027_3.097,189.0027,3.097,49123.244999999995,189.0027_3.097,189.0027_3.097,1
605.1126_3.023,605.1126,3.023,1339.9288999999999,605.1126_3.023,605.1126_3.023,1
379.0338_3.038,379.0338,3.038,10739.0655,379.0338_3.038,379.0338_3.038,1
230.0128_3.042,230.0128,3.042,25915.9905,230.0128_3.042,230.0128_3.042,1
336.1214_3.081,336.1214,3.081,1897.65905,336.1214_3.081,336.1214_3.081,1
500.1902_3.066,500.1902,3.066,501.15729999999996,500.1902_3.066,500.1902_3.066,1
361.1499_3.066,361.1499,3.066,6873.502350000001,361.1499_3.066,361.1499_3.066,1
109.0294_3.11,109.0294,3.11,1125.2163,109.0294_3.11,109.0294_3.11,1
330.0287_3.095,330.0287,3.095,12327.9515,330.0287_3.095,330.0287_3.095,1
337.056_3.104,337.056,3.104,2868.4964,337.056_3.104,337.056_3.104,1
197.0442_3.134,197.0442,3.134,2009.4724999999999,Cluster_197.0442_3.134,197.0442_3.134;373.0764_3.153;471.0817_3.145;493.0653_3.147;583.1092_3.147;747.2342_3.15;769.2171_3.155;883.1498_3.145;889.1651_3.147;979.2124_3.136,10
375.1278_3.109,375.1278,3.109,9196.405999999999,375.1278_3.109,375.1278_3.109,1
1108.0095_3.117,1108.0095,3.117,45504.025,1108.0095_3.117,1108.0095_3.117,1
397.0032_3.133,397.0032,3.133,53127.219,Cluster_397.0032_3.133,397.0032_3.133;397.0032_3.134,2
187.0075_3.121,187.0075,3.121,1043640.775,Cluster_187.0075_3.121,187.0075_3.121;187.0383_3.122;188.0103_3.118;189.0026_3.12,4
973.198_3.133,973.198,3.133,501.1363,973.198_3.133,973.198_3.133,1
313.0569_3.13,313.0569,3.13,1564.9582,313.0569_3.13,313.0569_3.13,1
209.0452_3.159,209.0452,3.159,1026.7687,209.0452_3.159,209.0452_3.159,1
254.9941_3.14,254.9941,3.14,30236.8135,254.9941_3.14,254.9941_3.14,1
211.0611_3.158,211.0611,3.158,8877.771499999999,211.0611_3.158,211.0611_3.158,1
413.1436_3.2,413.1436,3.2,1666.61115,413.1436_3.2,413.1436_3.2,1
276.0009_3.151,276.0009,3.151,502.16134999999997,276.0009_3.151,276.0009_3.151,1
218.9964_3.175,218.9964,3.175,26710.8145,218.9964_3.175,218.9964_3.175,1
175.0611_3.177,175.0611,3.177,10102.729,175.0611_3.177,175.0611_3.177,1
230.9968_3.178,230.9968,3.178,23767.8875,230.9968_3.178,230.9968_3.178,1
311.0752_3.182,311.0752,3.182,2211.194,311.0752_3.182,311.0752_3.182,1
441.1026_3.212,441.1026,3.212,1239.9795,441.1026_3.212,441.1026_3.212,1
493.0642_3.179,493.0642,3.179,1631.1003,Cluster_493.0642_3.179,373.1513_3.174;493.0642_3.179;785.1841_3.18,3
203.0048_3.202,203.0048,3.202,38709.459,203.0048_3.202,203.0048_3.202,1
412.9977_3.204,412.9977,3.204,10327.0415,412.9977_3.204,412.9977_3.204,1
203.002_3.205,203.002,3.205,49890.735,Cluster_203.002_3.205,1124.0041_3.197;203.002_3.205;204.9979_3.197;373.114_3.2;428.9933_3.184;599.1056_3.199,6
303.0178_3.212,303.0178,3.212,15250.6785,303.0178_3.212,303.0178_3.212,1
370.097_3.208,370.097,3.208,7323.2762,370.097_3.208,370.097_3.208,1
1108.0095_3.194,1108.0095,3.194,41598.645000000004,1108.0095_3.194,1108.0095_3.194,1
429.083_3.201,429.083,3.201,1855.23405,Cluster_429.083_3.201,429.083_3.201;429.0831_3.189,2
403.1971_3.26,403.1971,3.26,4559.199,403.1971_3.26,403.1971_3.26,1
261.0071_3.241,261.0071,3.241,9825.923999999999,261.0071_3.241,261.0071_3.241,1
209.0452_3.24,209.0452,3.24,503.56690000000003,Cluster_209.0452_3.24,209.0452_3.24;448.1959_3.232;593.1477_3.228;605.1462_3.238,4
368.0971_3.297,368.0971,3.297,1333.86375,368.0971_3.297,368.0971_3.297,1
509.0409_3.291,509.0409,3.291,3089.1084,Cluster_509.0409_3.291,459.0926_3.306;509.0409_3.291,2
608.1059_3.3,608.1059,3.3,1323.67555,Cluster_608.1059_3.3,1004.2068_3.286;608.1059_3.3,2
1133.0047_3.302,1133.0047,3.302,17834.509,1133.0047_3.302,1133.0047_3.302,1
258.9926_3.301,258.9926,3.301,11204.4635,258.9926_3.301,258.9926_3.301,1
421.9984_3.301,421.9984,3.301,69452.05,Cluster_421.9984_3.301,421.9984_3.301;423.9954_3.299,2
279.9896_3.301,279.9896,3.301,45220.012,279.9896_3.301,279.9896_3.301,1
336.0718_3.292,336.0718,3.292,8075.1885,336.0718_3.292,336.0718_3.292,1
212.0027_3.304,212.0027,3.304,1020720.675,Cluster_212.0027_3.304,212.0027_3.304;212.0109_3.298;212.0348_3.301;213.9981_3.303;446.9937_3.304;448.9914_3.302;675.9686_3.302;681.985_3.302,8
572.1094_3.326,572.1094,3.326,761.94515,572.1094_3.326,572.1094_3.326,1
429.0423_3.352,429.0423,3.352,2425.7937,429.0423_3.352,429.0423_3.352,1
215.0021_3.307,215.0021,3.307,18056.441,215.0021_3.307,215.0021_3.307,1
594.0962_3.363,594.0962,3.363,3315.5156500000003,Cluster_594.0962_3.363,457.0651_3.354;594.0962_3.363,2
283.0822_3.328,283.0822,3.328,54360.633,Cluster_283.0822_3.328,283.0822_3.328;283.0822_3.343,2
569.0956_3.38,569.0956,3.38,1429.00605,Cluster_569.0956_3.38,569.0956_3.38;755.1981_3.389,2
245.0124_3.342,245.0124,3.342,27929.055,245.0124_3.342,245.0124_3.342,1
273.0074_3.349,273.0074,3.349,47905.433000000005,273.0074_3.349,273.0074_3.349,1
347.0881_3.328,347.0881,3.328,1275.1401,347.0881_3.328,347.0881_3.328,1
243.1349_3.353,243.1349,3.353,22387.9435,243.1349_3.353,243.1349_3.353,1
237.0356_3.369,237.0356,3.369,1124.3472000000002,237.0356_3.369,237.0356_3.369,1
404.0395_3.379,404.0395,3.379,2353.1714,404.0395_3.379,404.0395_3.379,1
350.088_3.366,350.088,3.366,32104.752500000002,350.088_3.366,350.088_3.366,1
388.047_3.398,388.047,3.398,26894.934,388.047_3.398,388.047_3.398,1
308.0774_3.378,308.0774,3.378,10936.927,308.0774_3.378,308.0774_3.378,1
345.1554_3.382,345.1554,3.382,13381.6485,345.1554_3.382,345.1554_3.382,1
357.0825_3.399,357.0825,3.399,6933.96675,357.0825_3.399,357.0825_3.399,1
381.0802_3.385,381.0802,3.385,1469.6874,Cluster_381.0802_3.385,381.0802_3.385;574.1534_3.396,2
347.17_3.394,347.17,3.394,2859.0648,347.17_3.394,347.17_3.394,1
645.1896_3.451,645.1896,3.451,2879.9211999999998,Cluster_645.1896_3.451,645.1896_3.451;659.2057_3.452;692.1776_3.461,3
372.1099_3.404,372.1099,3.404,10841.9175,372.1099_3.404,372.1099_3.404,1
359.1347_3.481,359.1347,3.481,13928.2395,359.1347_3.481,359.1347_3.481,1
178.0557_3.444,178.0557,3.444,39852.898499999996,178.0557_3.444,178.0557_3.444,1
240.9816_3.419,240.9816,3.419,4639.444600000001,240.9816_3.419,240.9816_3.419,1
275.0224_3.427,275.0224,3.427,4806.38385,Cluster_275.0224_3.427,275.0224_3.427;297.0036_3.423,2
331.091_3.433,331.091,3.433,51853.81,Cluster_331.091_3.433,331.091_3.433;393.0614_3.427,2
336.0706_3.376,336.0706,3.376,1516.18185,336.0706_3.376,336.0706_3.376,1
361.1502_3.49,361.1502,3.49,8128.0475,361.1502_3.49,361.1502_3.49,1
569.1751_3.441,569.1751,3.441,8599.837,569.1751_3.441,569.1751_3.441,1
338.0632_3.433,338.0632,3.433,501.87244999999996,338.0632_3.433,338.0632_3.433,1
246.0383_3.487,246.0383,3.487,78102.0195,Cluster_246.0383_3.487,236.0095_3.482;246.0383_3.487;246.0383_3.488,3
321.0622_3.448,321.0622,3.448,28570.8595,321.0622_3.448,321.0622_3.448,1
636.1806_3.455,636.1806,3.455,6080.38835,636.1806_3.455,636.1806_3.455,1
264.1168_3.46,264.1168,3.46,19797.9435,264.1168_3.46,264.1168_3.46,1
611.1667_3.462,611.1667,3.462,9981.795999999998,611.1667_3.462,611.1667_3.462,1
526.114_3.463,526.114,3.463,19477.8115,526.114_3.463,526.114_3.463,1
473.0995_3.464,473.0995,3.464,37389.8635,Cluster_473.0995_3.464,473.0995_3.464;759.1899_3.464,2
263.141_3.465,263.141,3.465,105186.77,263.141_3.465,263.141_3.465,1
361.0713_3.465,361.0713,3.465,28182.385000000002,361.0713_3.465,361.0713_3.465,1
263.1046_3.466,263.1046,3.466,2915386.6,Cluster_263.1046_3.466,1115.3646_3.466;1121.3811_3.466;1257.2949_3.465;145.0619_3.467;263.1046_3.466;527.2139_3.467;549.1965_3.467;565.1701_3.465;663.1291_3.465;669.1453_3.465;813.2953_3.466;829.2722_3.466;835.2891_3.466;949.2215_3.466;971.2036_3.465,15
383.053_3.466,383.053,3.466,89020.992,383.053_3.466,383.053_3.466,1
744.2195_3.468,744.2195,3.468,27408.962,Cluster_744.2195_3.468,728.2422_3.466;744.2195_3.468,2
1030.3123_3.466,1030.3123,3.466,10660.7485,1030.3123_3.466,1030.3123_3.466,1
750.2363_3.468,750.2363,3.468,24729.6895,Cluster_750.2363_3.468,750.2363_3.468;945.2595_3.469,2
480.1372_3.468,480.1372,3.468,2994.40665,Cluster_480.1372_3.468,480.1372_3.468;675.1598_3.47,2
674.1395_3.477,674.1395,3.477,5013.03615,Cluster_674.1395_3.477,666.2108_3.475;674.1395_3.477,2
230.9969_3.457,230.9969,3.457,8095.5585,230.9969_3.457,230.9969_3.457,1
464.1438_3.474,464.1438,3.474,180720.82,Cluster_464.1438_3.474,464.1438_3.474;643.1894_3.473;659.1667_3.474;665.1835_3.474;860.2066_3.476,5
369.0829_3.476,369.0829,3.476,9878.373,369.0829_3.476,369.0829_3.476,1
388.047_3.472,388.047,3.472,30704.735,388.047_3.472,388.047_3.472,1
178.0515_3.479,178.0515,3.479,1949757.1,Cluster_178.0515_3.479,134.0612_3.478;178.0515_3.479;178.0818_3.476;357.1107_3.472,4
379.091_3.484,379.091,3.484,139601.085,Cluster_379.091_3.484,379.091_3.484;380.0942_3.483;558.136_3.478;574.1139_3.482;580.1303_3.48;775.1556_3.475,6
590.1068_3.469,590.1068,3.469,1551.6386,590.1068_3.469,590.1068_3.469,1
607.1267_3.483,607.1267,3.483,1266.9674,607.1267_3.483,607.1267_3.483,1
371.0978_3.481,371.0978,3.481,9853.008000000002,371.0978_3.481,371.0978_3.481,1
437.0497_3.488,437.0497,3.488,6684.7975,437.0497_3.488,437.0497_3.488,1
393.0776_3.464,393.0776,3.464,3313.5073,393.0776_3.464,393.0776_3.464,1
298.0002_3.49,298.0002,3.49,43043.6975,Cluster_298.0002_3.49,298.0002_3.49;441.0613_3.482,2
395.091_3.521,395.091,3.521,3960.2975,Cluster_395.091_3.521,395.091_3.521;622.0984_3.522,2
178.0526_3.481,178.0526,3.481,1935897.9,178.0526_3.481,178.0526_3.481,1
299.0779_3.509,299.0779,3.509,5159.70365,Cluster_299.0779_3.509,299.0779_3.509;412.1044_3.523;432.1631_3.52;640.1347_3.515;913.214_3.531,5
359.1345_3.504,359.1345,3.504,13764.705,359.1345_3.504,359.1345_3.504,1
396.1297_3.506,396.1297,3.506,1086.25,396.1297_3.506,396.1297_3.506,1
242.0128_3.535,242.0128,3.535,5072.1955,242.0128_3.535,242.0128_3.535,1
399.1658_3.513,399.1658,3.513,15872.757000000001,399.1658_3.513,399.1658_3.513,1
251.0128_3.524,251.0128,3.524,1605.9682,251.0128_3.524,251.0128_3.524,1
404.0405_3.511,404.0405,3.511,2250.5073,404.0405_3.511,404.0405_3.511,1
241.1189_3.536,241.1189,3.536,57377.268,241.1189_3.536,241.1189_3.536,1
287.0227_3.548,287.0227,3.548,54997.795,287.0227_3.548,287.0227_3.548,1
489.2111_3.578,489.2111,3.578,1093.7665499999998,489.2111_3.578,489.2111_3.578,1
337.1469_3.591,337.1469,3.591,1217.58025,337.1469_3.591,337.1469_3.591,1
194.0459_3.542,194.0459,3.542,16122.0065,Cluster_194.0459_3.542,150.0562_3.542;194.0459_3.542;411.0792_3.55,3
338.0879_3.557,338.0879,3.557,3819.2688,338.0879_3.557,338.0879_3.557,1
230.0128_3.569,230.0128,3.569,19712.209000000003,230.0128_3.569,230.0128_3.569,1
331.0121_3.56,331.0121,3.56,1484.7121499999998,Cluster_331.0121_3.56,279.0487_3.569;331.0121_3.56,2
428.0976_3.601,428.0976,3.601,502.25125,428.0976_3.601,428.0976_3.601,1
461.0863_3.571,461.0863,3.571,1317.61575,Cluster_461.0863_3.571,461.0863_3.571;507.0806_3.582;559.0435_3.584;565.0578_3.576,4
364.0958_3.594,364.0958,3.594,501.15729999999996,364.0958_3.594,364.0958_3.594,1
680.165_3.608,680.165,3.608,501.7504,Cluster_680.165_3.608,1141.2436_3.619;322.1105_3.605;680.165_3.608,3
255.1349_3.614,255.1349,3.614,26726.715,255.1349_3.614,255.1349_3.614,1
495.2229_3.594,495.2229,3.594,1198.9574,495.2229_3.594,495.2229_3.594,1
571.1469_3.618,571.1469,3.618,1540.98225,571.1469_3.618,571.1469_3.618,1
525.0334_3.606,525.0334,3.606,1621.1766499999999,525.0334_3.606,525.0334_3.606,1
393.0495_3.605,393.0495,3.605,4447.7495,393.0495_3.605,393.0495_3.605,1
427.197_3.64,427.197,3.64,3222.0686,427.197_3.64,427.197_3.64,1
383.0464_3.601,383.0464,3.601,3502.3867,383.0464_3.601,383.0464_3.601,1
295.1298_3.641,295.1298,3.641,16559.571,295.1298_3.641,295.1298_3.641,1
585.0184_3.643,585.0184,3.643,5751.8477,Cluster_585.0184_3.643,583.0211_3.647;585.0184_3.643,2
611.069_3.647,611.069,3.647,1196.17295,Cluster_611.069_3.647,607.0749_3.657;609.0726_3.66;611.069_3.647,3
250.0718_3.655,250.0718,3.655,17343.970999999998,250.0718_3.655,250.0718_3.655,1
379.1607_3.652,379.1607,3.652,20418.0895,379.1607_3.652,379.1607_3.652,1
336.1323_3.647,336.1323,3.647,1114.8372,Cluster_336.1323_3.647,336.1323_3.647;556.1624_3.635;891.2154_3.643,3
203.0017_3.661,203.0017,3.661,105062.225,203.0017_3.661,203.0017_3.661,1
279.049_3.659,279.049,3.659,1367.0194,Cluster_279.049_3.659,269.0163_3.668;279.049_3.659,2
413.144_3.692,413.144,3.692,1777.01945,413.144_3.692,413.144_3.692,1
222.0406_3.686,222.0406,3.686,6490.9733,222.0406_3.686,222.0406_3.686,1
302.1145_3.69,302.1145,3.69,28923.972999999998,302.1145_3.69,302.1145_3.69,1
194.0458_3.657,194.0458,3.657,13268.275000000001,194.0458_3.657,194.0458_3.657,1
334.0517_3.708,334.0517,3.708,501.14445,334.0517_3.708,334.0517_3.708,1
295.0806_3.721,295.0806,3.721,2530.0080500000004,295.0806_3.721,295.0806_3.721,1
432.1213_3.706,432.1213,3.706,502.77365,432.1213_3.706,432.1213_3.706,1
569.1307_3.754,569.1307,3.754,1891.1747500000001,569.1307_3.754,569.1307_3.754,1
373.1141_3.685,373.1141,3.685,11839.128,373.1141_3.685,373.1141_3.685,1
246.0753_3.721,246.0753,3.721,7044.5703,246.0753_3.721,246.0753_3.721,1
471.0822_3.708,471.0822,3.708,1518.8017,Cluster_471.0822_3.708,1069.2473_3.702;1303.2955_3.702;374.1587_3.706;443.0945_3.705;471.0822_3.708;607.1628_3.711;819.2194_3.7,7
493.0631_3.69,493.0631,3.69,2070.8477000000003,Cluster_493.0631_3.69,493.0631_3.69;841.2146_3.693,2
373.1514_3.715,373.1514,3.715,1984.1823,Cluster_373.1514_3.715,1003.2655_3.721;1003.2656_3.716;1159.3041_3.727;1165.3189_3.729;1279.2478_3.734;277.0353_3.723;373.1514_3.715;417.0951_3.717;638.0934_3.724;747.2354_3.721;769.2167_3.733;785.1891_3.723;800.1466_3.728;835.1973_3.718;997.2507_3.723,15
439.1608_3.725,439.1608,3.725,6056.10185,439.1608_3.725,439.1608_3.725,1
259.129_3.733,259.129,3.733,4891.08715,259.129_3.733,259.129_3.733,1
245.0489_3.748,245.0489,3.748,5609.06025,245.0489_3.748,245.0489_3.748,1
209.0532_3.773,209.0532,3.773,2141.1334500000003,Cluster_209.0532_3.773,209.0532_3.773;883.1453_3.774,2
197.0471_3.745,197.0471,3.745,1066.6652,197.0471_3.745,197.0471_3.745,1
209.0455_3.749,209.0455,3.749,1589.4737,Cluster_209.0455_3.749,209.0455_3.749;431.1141_3.739;593.1471_3.747;605.1484_3.739;607.1633_3.738;801.154_3.74,6
583.1089_3.742,583.1089,3.742,1856.42695,Cluster_583.1089_3.742,583.1089_3.742;979.2122_3.736,2
370.0981_3.747,370.0981,3.747,12246.6025,370.0981_3.747,370.0981_3.747,1
447.0928_3.777,447.0928,3.777,2274.9899,447.0928_3.777,447.0928_3.777,1
889.161_3.783,889.161,3.783,501.15729999999996,889.161_3.783,889.161_3.783,1
197.0453_3.76,197.0453,3.76,1145.5696,Cluster_197.0453_3.76,109.0288_3.757;197.0453_3.76,2
429.082_3.756,429.082,3.756,1690.28695,429.082_3.756,429.082_3.756,1
336.072_3.762,336.072,3.762,19110.206,Cluster_336.072_3.762,336.0719_3.763;336.072_3.762,2
639.0783_3.758,639.0783,3.758,1334.0855,639.0783_3.758,639.0783_3.758,1
497.0695_3.785,497.0695,3.785,1810.0136499999999,497.0695_3.785,497.0695_3.785,1
370.0972_3.765,370.0972,3.765,14124.8815,370.0972_3.765,370.0972_3.765,1
243.1344_3.787,243.1344,3.787,46497.387,243.1344_3.787,243.1344_3.787,1
279.0984_3.799,279.0984,3.799,3503.4004999999997,279.0984_3.799,279.0984_3.799,1
1108.0095_3.804,1108.0095,3.804,56394.623999999996,1108.0095_3.804,1108.0095_3.804,1
618.1838_3.802,618.1838,3.802,501.27315,618.1838_3.802,618.1838_3.802,1
649.0893_3.836,649.0893,3.836,1031.78015,649.0893_3.836,649.0893_3.836,1
606.9991_3.815,606.9991,3.815,23977.929,Cluster_606.9991_3.815,585.0051_3.809;600.982_3.815;606.9991_3.815;810.9784_3.814;816.9958_3.812,5
458.9733_3.815,458.9733,3.815,16767.372,458.9733_3.815,458.9733_3.815,1
421.0558_3.818,421.0558,3.818,1558.5683,Cluster_421.0558_3.818,421.0558_3.818;631.0532_3.815;633.1142_3.808;655.1071_3.826;883.1412_3.819,5
625.0354_3.814,625.0354,3.814,1285.55575,Cluster_625.0354_3.814,625.0354_3.814;859.0857_3.824,2
397.0034_3.815,397.0034,3.815,293898.675,Cluster_397.0034_3.815,397.0034_3.815;399.0007_3.816;412.977_3.815,3
306.9561_3.814,306.9561,3.814,38197.0115,306.9561_3.814,306.9561_3.814,1
187.0079_3.815,187.0079,3.815,4209992.85,Cluster_187.0079_3.815,107.0502_3.816;187.0079_3.815;189.0027_3.815,3
459.093_3.801,459.093,3.801,1825.0816,459.093_3.801,459.093_3.801,1
187.0387_3.806,187.0387,3.806,111738.79,187.0387_3.806,187.0387_3.806,1
108.0216_3.832,108.0216,3.832,501.24789999999996,108.0216_3.832,108.0216_3.832,1
208.0615_3.836,208.0615,3.836,8988.825499999999,208.0615_3.836,208.0615_3.836,1
230.9963_3.838,230.9963,3.838,7759.3057,230.9963_3.838,230.9963_3.838,1
211.0613_3.866,211.0613,3.866,6513.9283,Cluster_211.0613_3.866,123.0452_3.87;211.0613_3.866;446.1142_3.879;657.1659_3.876;907.1941_3.871,5
212.0937_3.815,212.0937,3.815,1661.0606,212.0937_3.815,212.0937_3.815,1
211.0971_3.846,211.0971,3.846,1650.7898,211.0971_3.846,211.0971_3.846,1
187.0101_3.824,187.0101,3.824,3941451.75,187.0101_3.824,187.0101_3.824,1
403.066_3.865,403.066,3.865,1220.8323500000001,403.066_3.865,403.066_3.865,1
333.0066_3.893,333.0066,3.893,1989.0055499999999,Cluster_333.0066_3.893,333.0066_3.893;335.0215_3.886,2
476.0359_3.919,476.0359,3.919,1897.11535,Cluster_476.0359_3.919,167.0349_3.921;476.0359_3.919,2
679.1625_3.856,679.1625,3.856,1021.6003,Cluster_679.1625_3.856,124.0486_3.843;673.1446_3.853;679.1625_3.856,3
913.2118_3.895,913.2118,3.895,501.1363,913.2118_3.895,913.2118_3.895,1
295.0252_3.897,295.0252,3.897,1280.1466999999998,295.0252_3.897,295.0252_3.897,1
264.0876_3.875,264.0876,3.875,24176.809,264.0876_3.875,264.0876_3.875,1
445.1072_3.893,445.1072,3.893,1761.8510500000002,Cluster_445.1072_3.893,445.1072_3.893;461.0857_3.898;517.1331_3.892;745.1653_3.9;751.1822_3.898,5
217.0173_3.88,217.0173,3.88,15514.769,217.0173_3.88,217.0173_3.88,1
351.07_3.888,351.07,3.888,20024.675,351.07_3.888,351.07_3.888,1
431.0979_3.907,431.0979,3.907,1846.0807,431.0979_3.907,431.0979_3.907,1
363.021_3.933,363.021,3.933,2279.7805,363.021_3.933,363.021_3.933,1
283.0822_3.893,283.0822,3.893,163014.78000000003,Cluster_283.0822_3.893,283.0822_3.893;283.093_3.891,2
368.0804_3.895,368.0804,3.895,7001.64035,368.0804_3.895,368.0804_3.895,1
513.0964_3.899,513.0964,3.899,1684.19295,513.0964_3.899,513.0964_3.899,1
217.1081_3.912,217.1081,3.912,25743.9715,217.1081_3.912,217.1081_3.912,1
372.1116_3.914,372.1116,3.914,25244.504,372.1116_3.914,372.1116_3.914,1
434.1396_3.922,434.1396,3.922,1083.0228,Cluster_434.1396_3.922,432.1447_3.927;434.1396_3.922,2
331.1218_3.932,331.1218,3.932,2517.19545,331.1218_3.932,331.1218_3.932,1
237.0359_3.933,237.0359,3.933,1140.1205,237.0359_3.933,237.0359_3.933,1
279.0491_3.95,279.0491,3.95,1499.4569000000001,279.0491_3.95,279.0491_3.95,1
350.088_3.952,350.088,3.952,79695.755,350.088_3.952,350.088_3.952,1
584.1374_3.972,584.1374,3.972,1099.2923999999998,584.1374_3.972,584.1374_3.972,1
210.0419_3.959,210.0419,3.959,501.24789999999996,210.0419_3.959,210.0419_3.959,1
396.1279_4.011,396.1279,4.011,1577.9616,396.1279_4.011,396.1279_4.011,1
1122.0249_4.032,1122.0249,4.032,1297.9948,1122.0249_4.032,1122.0249_4.032,1
337.1446_4.025,337.1446,4.025,1487.54245,Cluster_337.1446_4.025,337.1446_4.025;351.1236_4.04,2
427.197_4.049,427.197,4.049,5658.172500000001,427.197_4.049,427.197_4.049,1
194.0491_4.031,194.0491,4.031,22226.3125,194.0491_4.031,194.0491_4.031,1
514.136_3.993,514.136,3.993,2147.37365,514.136_3.993,514.136_3.993,1
428.0955_4.037,428.0955,4.037,502.2009,Cluster_428.0955_4.037,428.0955_4.037;656.1287_4.025;662.1454_4.018;678.1113_4.032,4
194.0459_4.033,194.0459,4.033,39680.868,Cluster_194.0459_4.033,150.056_4.032;194.0459_4.033,2
313.995_4.031,313.995,4.031,3500.0442000000003,Cluster_313.995_4.031,216.0277_4.034;313.995_4.031,2
411.0759_4.059,411.0759,4.059,3392.41995,Cluster_411.0759_4.059,411.0759_4.059;606.1191_4.053,2
281.1142_4.039,281.1142,4.039,13652.371500000001,281.1142_4.039,281.1142_4.039,1
429.0815_4.032,429.0815,4.032,1794.5068999999999,429.0815_4.032,429.0815_4.032,1
433.0646_4.045,433.0646,4.045,1691.06155,433.0646_4.045,433.0646_4.045,1
373.1139_4.04,373.1139,4.04,15151.192500000001,373.1139_4.04,373.1139_4.04,1
495.223_4.067,495.223,4.067,2420.5540499999997,495.223_4.067,495.223_4.067,1
255.1349_4.042,255.1349,4.042,64123.5745,255.1349_4.042,255.1349_4.042,1
379.1607_4.047,379.1607,4.047,38476.795,Cluster_379.1607_4.047,379.1607_4.047;401.1434_4.052,2
184.0979_4.054,184.0979,4.054,20277.786999999997,184.0979_4.054,184.0979_4.054,1
571.1476_4.081,571.1476,4.081,1331.7844,571.1476_4.081,571.1476_4.081,1
201.0227_4.086,201.0227,4.086,6006.5586,Cluster_201.0227_4.086,201.0227_4.086;201.0227_4.09,2
417.1173_4.046,417.1173,4.046,1454.52645,417.1173_4.046,417.1173_4.046,1
562.1922_4.035,562.1922,4.035,1182.3063000000002,Cluster_562.1922_4.035,562.1922_4.035;614.1849_4.02,2
397.1911_4.067,397.1911,4.067,505.0516,397.1911_4.067,397.1911_4.067,1
367.2236_4.071,367.2236,4.071,21313.0835,367.2236_4.071,367.2236_4.071,1
447.0921_4.067,447.0921,4.067,6185.180200000001,447.0921_4.067,447.0921_4.067,1
375.1294_4.074,375.1294,4.074,16297.8965,375.1294_4.074,375.1294_4.074,1
181.0507_4.062,181.0507,4.062,1364.13555,181.0507_4.062,181.0507_4.062,1
297.0975_4.072,297.0975,4.072,2460.65135,297.0975_4.072,297.0975_4.072,1
489.2123_4.076,489.2123,4.076,1773.3951,489.2123_4.076,489.2123_4.076,1
365.0863_4.095,365.0863,4.095,1797.8510500000002,365.0863_4.095,365.0863_4.095,1
680.2306_4.136,680.2306,4.136,501.09375,680.2306_4.136,680.2306_4.136,1
151.04_4.082,151.04,4.082,4948.1945,151.04_4.082,151.04_4.082,1
853.2516_4.121,853.2516,4.121,501.5238,853.2516_4.121,853.2516_4.121,1
165.0557_4.102,165.0557,4.102,12342.360499999999,165.0557_4.102,165.0557_4.102,1
204.0666_4.129,204.0666,4.129,14262.261,204.0666_4.129,204.0666_4.129,1
681.2357_4.115,681.2357,4.115,502.25125,681.2357_4.115,681.2357_4.115,1
247.0798_4.12,247.0798,4.12,2807.0637500000003,247.0798_4.12,247.0798_4.12,1
908.2639_4.165,908.2639,4.165,501.1363,908.2639_4.165,908.2639_4.165,1
185.0819_4.129,185.0819,4.129,41884.5095,185.0819_4.129,185.0819_4.129,1
246.0752_4.139,246.0752,4.139,9130.931499999999,246.0752_4.139,246.0752_4.139,1
531.1447_4.141,531.1447,4.141,1319.59425,Cluster_531.1447_4.141,531.1447_4.141;765.197_4.127,2
497.2379_4.163,497.2379,4.163,1655.96945,497.2379_4.163,497.2379_4.163,1
1122.0248_4.125,1122.0248,4.125,1288.08935,1122.0248_4.125,1122.0248_4.125,1
845.2477_4.186,845.2477,4.186,501.7504,845.2477_4.186,845.2477_4.186,1
363.1658_4.172,363.1658,4.172,16526.108,363.1658_4.172,363.1658_4.172,1
418.1327_4.164,418.1327,4.164,502.16134999999997,418.1327_4.164,418.1327_4.164,1
569.1299_4.178,569.1299,4.178,1398.9202500000001,569.1299_4.178,569.1299_4.178,1
245.0488_4.187,245.0488,4.187,16931.6355,245.0488_4.187,245.0488_4.187,1
691.3179_4.171,691.3179,4.171,1857.931,691.3179_4.171,691.3179_4.171,1
345.1933_4.201,345.1933,4.201,2496.7739,Cluster_345.1933_4.201,345.1933_4.201;714.3024_4.193,2
579.2066_4.211,579.2066,4.211,1253.7190500000002,Cluster_579.2066_4.211,1041.2898_4.199;579.2066_4.211;807.2393_4.206;813.255_4.198,4
211.0967_4.185,211.0967,4.185,1802.2678999999998,Cluster_211.0967_4.185,211.0967_4.185;431.1146_4.185;461.0817_4.193;565.0619_4.188;675.1511_4.19,5
485.0499_4.198,485.0499,4.198,1225.62965,485.0499_4.198,485.0499_4.198,1
413.1426_4.219,413.1426,4.219,16594.903,413.1426_4.219,413.1426_4.219,1
137.0244_4.225,137.02440000000001,4.225,2730.3935,137.0244_4.225,137.0244_4.225,1
465.0845_4.208,465.0845,4.208,2638.3615,Cluster_465.0845_4.208,1132.0633_4.207;1135.2278_4.215;1141.2441_4.201;465.0845_4.208;466.0888_4.204;657.1681_4.216;673.1455_4.198;679.1604_4.197;689.1166_4.213;815.077_4.202;891.2172_4.205;892.2207_4.211;907.1956_4.201;913.2113_4.211,14
123.0452_4.211,123.0452,4.211,1736.9276,Cluster_123.0452_4.211,108.0218_4.217;123.0452_4.211;212.0968_4.21;285.0968_4.206;476.0415_4.203;488.0429_4.206;710.0906_4.208,7
447.092_4.187,447.092,4.187,6378.7322,447.092_4.187,447.092_4.187,1
347.1678_4.233,347.1678,4.233,7930.8678,347.1678_4.233,347.1678_4.233,1
361.1501_4.225,361.1501,4.225,27752.146500000003,361.1501_4.225,361.1501_4.225,1
439.1607_4.307,439.1607,4.307,40404.8965,439.1607_4.307,439.1607_4.307,1
401.1094_4.24,401.1094,4.24,1360.14025,401.1094_4.24,401.1094_4.24,1
211.0615_4.235,211.0615,4.235,15189.4345,Cluster_211.0615_4.235,211.0615_4.235;445.1115_4.233;503.2011_4.23;559.0453_4.234,4
295.0815_4.242,295.0815,4.242,3948.1325500000003,295.0815_4.242,295.0815_4.242,1
363.0692_4.266,363.0692,4.266,2172.4879,Cluster_363.0692_4.266,363.0692_4.266;745.1266_4.269,2
269.1506_4.275,269.1506,4.275,87971.035,269.1506_4.275,269.1506_4.275,1
481.0163_4.286,481.0163,4.286,1317.9524999999999,Cluster_481.0163_4.286,361.0666_4.291;429.0571_4.306;459.0361_4.296;481.0163_4.286,4
265.1192_4.316,265.1192,4.316,19186.835,265.1192_4.316,265.1192_4.316,1
449.1074_4.301,449.1074,4.301,2072.42175,449.1074_4.301,449.1074_4.301,1
199.0068_4.328,199.0068,4.328,30964.303,199.0068_4.328,199.0068_4.328,1
333.0047_4.33,333.0047,4.33,3444.45045,333.0047_4.33,333.0047_4.33,1
459.1504_4.33,459.1504,4.33,21447.178,459.1504_4.33,459.1504_4.33,1
492.1884_4.319,492.1884,4.319,1094.908,Cluster_492.1884_4.319,252.0891_4.335;492.1884_4.319,2
572.2528_4.339,572.2528,4.339,8270.622,572.2528_4.339,572.2528_4.339,1
197.0819_4.344,197.0819,4.344,49941.8205,197.0819_4.344,197.0819_4.344,1
363.1657_4.345,363.1657,4.345,11315.5715,363.1657_4.345,363.1657_4.345,1
359.1344_4.351,359.1344,4.351,8483.775000000001,359.1344_4.351,359.1344_4.351,1
229.017_4.354,229.017,4.354,12833.3685,229.017_4.354,229.017_4.354,1
385.1685_4.355,385.1685,4.355,28529.281000000003,385.1685_4.355,385.1685_4.355,1
295.0242_4.354,295.0242,4.354,1379.0211,295.0242_4.354,295.0242_4.354,1
335.0244_4.36,335.0244,4.36,1899.21515,335.0244_4.36,335.0244_4.36,1
640.3332_4.371,640.3332,4.371,7704.62565,640.3332_4.371,640.3332_4.371,1
243.0329_4.371,243.0329,4.371,7911.073200000001,243.0329_4.371,243.0329_4.371,1
446.1831_4.341,446.1831,4.341,1664.76315,446.1831_4.341,446.1831_4.341,1
425.145_4.374,425.145,4.374,17064.178,425.145_4.374,425.145_4.374,1
514.1681_4.367,514.1681,4.367,1062.2613000000001,514.1681_4.367,514.1681_4.367,1
343.0855_4.396,343.0855,4.396,11422.560000000001,343.0855_4.396,343.0855_4.396,1
495.1174_4.369,495.1174,4.369,2608.7635499999997,495.1174_4.369,495.1174_4.369,1
217.0172_4.4,217.0172,4.4,22519.8505,217.0172_4.4,217.0172_4.4,1
363.0234_4.453,363.0234,4.453,6724.134050000001,363.0234_4.453,363.0234_4.453,1
517.0977_4.399,517.0977,4.399,1618.267,Cluster_517.0977_4.399,455.1062_4.407;517.0977_4.399,2
397.1496_4.415,397.1496,4.415,2806.3428000000004,Cluster_397.1496_4.415,397.1496_4.415;397.1895_4.429;465.1366_4.417;527.1086_4.425;533.1257_4.426,5
817.2886_4.438,817.2886,4.438,502.37005,817.2886_4.438,817.2886_4.438,1
485.1661_4.43,485.1661,4.43,27824.896,485.1661_4.43,485.1661_4.43,1
363.0701_4.451,363.0701,4.451,1869.5946,Cluster_363.0701_4.451,361.0646_4.442;363.0701_4.451;429.0565_4.442,3
459.0924_4.452,459.0924,4.452,1454.5187,459.0924_4.452,459.0924_4.452,1
391.0993_4.492,391.0993,4.492,2055.34085,391.0993_4.492,391.0993_4.492,1
445.0782_4.484,445.0782,4.484,4053.7058,445.0782_4.484,445.0782_4.484,1
396.1124_4.459,396.1124,4.459,7375.838250000001,396.1124_4.459,396.1124_4.459,1
405.1764_4.467,405.1764,4.467,81986.6575,Cluster_405.1764_4.467,405.1764_4.467;427.1588_4.465,2
565.1557_4.485,565.1557,4.485,1899.7103,565.1557_4.485,565.1557_4.485,1
243.0779_4.486,243.0779,4.486,47649.589,243.0779_4.486,243.0779_4.486,1
245.0937_4.487,245.0937,4.487,10416.2965,245.0937_4.487,245.0937_4.487,1
417.1192_4.5,417.1192,4.5,1314.4257499999999,417.1192_4.5,417.1192_4.5,1
212.0065_4.503,212.0065,4.503,1030.42035,212.0065_4.503,212.0065_4.503,1
297.0975_4.498,297.0975,4.498,3050.3737499999997,Cluster_297.0975_4.498,297.0975_4.498;297.1062_4.504;365.0866_4.514,3
617.1836_4.515,617.1836,4.515,1244.03465,617.1836_4.515,617.1836_4.515,1
501.1339_4.505,501.1339,4.505,1381.56675,501.1339_4.505,501.1339_4.505,1
447.0919_4.504,447.0919,4.504,7327.2997,447.0919_4.504,447.0919_4.504,1
181.0503_4.495,181.0503,4.495,1085.5190499999999,181.0503_4.495,181.0503_4.495,1
801.2549_4.519,801.2549,4.519,1042.2116999999998,Cluster_801.2549_4.519,580.1557_4.511;779.2721_4.515;795.2377_4.518;801.2549_4.519,4
549.1948_4.514,549.1948,4.514,1195.0027,Cluster_549.1948_4.514,549.1948_4.514;792.3445_4.502;814.3239_4.509,3
521.1082_4.508,521.1082,4.508,1431.007,521.1082_4.508,521.1082_4.508,1
411.1279_4.49,411.1279,4.49,2766.4878,Cluster_411.1279_4.49,411.1279_4.49;509.0959_4.5,2
411.1654_4.559,411.1654,4.559,3135.1877999999997,411.1654_4.559,411.1654_4.559,1
403.1133_4.514,403.1133,4.514,8280.249,403.1133_4.514,403.1133_4.514,1
345.1554_4.506,345.1554,4.506,147864.135,Cluster_345.1554_4.506,345.1554_4.506;345.1556_4.509;345.1938_4.506;443.1248_4.497;691.3175_4.507;692.32_4.516;713.2993_4.51;714.3028_4.511;833.2468_4.513,9
433.1136_4.519,433.1136,4.519,4980.5738,433.1136_4.519,433.1136_4.519,1
413.1426_4.51,413.1426,4.51,24447.919,Cluster_413.1426_4.51,413.1426_4.51;465.1045_4.511;475.1137_4.509;481.1298_4.503,4
446.1795_4.499,446.1795,4.499,1404.1039,Cluster_446.1795_4.499,446.1795_4.499;544.1472_4.514,2
572.2105_4.512,572.2105,4.512,1274.16965,572.2105_4.512,572.2105_4.512,1
491.191_4.507,491.191,4.507,1377.5376,491.191_4.507,491.191_4.507,1
514.1698_4.543,514.1698,4.543,1174.7322,514.1698_4.543,514.1698_4.543,1
341.1234_4.519,341.1234,4.519,4027.76245,341.1234_4.519,341.1234_4.519,1
531.0773_4.532,531.0773,4.532,1898.3132,531.0773_4.532,531.0773_4.532,1
389.0919_4.531,389.0919,4.531,24643.2155,389.0919_4.531,389.0919_4.531,1
541.2651_4.526,541.2651,4.526,39294.9025,541.2651_4.526,541.2651_4.526,1
385.1861_4.524,385.1861,4.524,8796.5155,385.1861_4.524,385.1861_4.524,1
204.0666_4.532,204.0666,4.532,47848.888000000006,Cluster_204.0666_4.532,204.0666_4.532;272.0538_4.533,2
224.062_4.537,224.062,4.537,15485.822,224.062_4.537,224.062_4.537,1
383.1529_4.559,383.1529,4.559,19219.936999999998,383.1529_4.559,383.1529_4.559,1
201.0228_4.555,201.0228,4.555,10748.2335,Cluster_201.0228_4.555,1122.0244_4.55;201.0228_4.555;203.0172_4.555;425.0363_4.553,4
493.1666_4.573,493.1666,4.573,4074.76235,493.1666_4.573,493.1666_4.573,1
366.0851_4.55,366.0851,4.55,1714.667,366.0851_4.55,366.0851_4.55,1
269.1505_4.575,269.1505,4.575,229617.04,Cluster_269.1505_4.575,269.1505_4.575;269.1614_4.571;270.1538_4.572;561.29_4.571,4
389.0981_4.564,389.0981,4.564,16596.461499999998,389.0981_4.564,389.0981_4.564,1
151.04_4.576,151.04,4.576,7985.108,151.04_4.576,151.04_4.576,1
536.1898_4.583,536.1898,4.583,501.79814999999996,536.1898_4.583,536.1898_4.583,1
355.1037_4.621,355.1037,4.621,3691.01965,355.1037_4.621,355.1037_4.621,1
238.0776_4.607,238.0776,4.607,11236.682,238.0776_4.607,238.0776_4.607,1
507.2078_4.607,507.2078,4.607,6735.07565,507.2078_4.607,507.2078_4.607,1
237.1243_4.614,237.1243,4.614,19496.411500000002,237.1243_4.614,237.1243_4.614,1
482.2186_4.626,482.2186,4.626,502.21389999999997,Cluster_482.2186_4.626,482.2186_4.626;550.2061_4.628;602.1667_4.638,3
618.1913_4.649,618.1913,4.649,501.7504,618.1913_4.649,618.1913_4.649,1
400.1429_4.669,400.1429,4.669,3935.2785000000003,400.1429_4.669,400.1429_4.669,1
439.1608_4.66,439.1608,4.66,99234.17499999999,Cluster_439.1608_4.66,439.1608_4.66;440.1641_4.66;461.1426_4.66,3
539.2494_4.677,539.2494,4.677,37410.835999999996,539.2494_4.677,539.2494_4.677,1
477.1039_4.686,477.1039,4.686,1610.7808,477.1039_4.686,477.1039_4.686,1
245.0485_4.677,245.0485,4.677,18480.65075,245.0485_4.677,245.0485_4.677,1
395.1144_4.677,395.1144,4.677,1083.0992500000002,395.1144_4.677,395.1144_4.677,1
354.1007_4.717,354.1007,4.717,4185.59825,354.1007_4.717,354.1007_4.717,1
473.1448_4.73,473.1448,4.73,13686.681499999999,473.1448_4.73,473.1448_4.73,1
600.2843_4.732,600.2843,4.732,42579.3685,600.2843_4.732,600.2843_4.732,1
339.1082_4.74,339.1082,4.74,8055.03585,339.1082_4.74,339.1082_4.74,1
690.3154_4.751,690.3154,4.751,2067.90005,690.3154_4.751,690.3154_4.751,1
243.1236_4.74,243.1236,4.74,26052.9415,243.1236_4.74,243.1236_4.74,1
175.0975_4.743,175.0975,4.743,1870.17965,Cluster_175.0975_4.743,175.0975_4.743;305.0561_4.737,2
343.0855_4.765,343.0855,4.765,28757.964500000002,343.0855_4.765,343.0855_4.765,1
220.0979_4.733,220.0979,4.733,2109.6438,220.0979_4.733,220.0979_4.733,1
347.0774_4.782,347.0774,4.782,1084.01905,Cluster_347.0774_4.782,347.0774_4.782;415.0625_4.788,2
171.0487_4.824,171.0487,4.824,501.8809,171.0487_4.824,171.0487_4.824,1
541.2651_4.807,541.2651,4.807,80988.075,541.2651_4.807,541.2651_4.807,1
137.0243_4.815,137.0243,4.815,4168.8396,137.0243_4.815,137.0243_4.815,1
495.2227_4.812,495.2227,4.812,1503.6947,Cluster_495.2227_4.812,495.2227_4.812;517.2049_4.804,2
565.1563_4.799,565.1563,4.799,2104.057,565.1563_4.799,565.1563_4.799,1
366.1016_4.846,366.1016,4.846,6205.290499999999,366.1016_4.846,366.1016_4.846,1
411.2021_4.884,411.2021,4.884,23956.508,411.2021_4.884,411.2021_4.884,1
383.153_4.885,383.153,4.885,33356.3915,383.153_4.885,383.153_4.885,1
507.2079_4.889,507.2079,4.889,12827.3475,507.2079_4.889,507.2079_4.889,1
433.113_4.886,433.113,4.886,1617.15355,Cluster_433.113_4.886,433.113_4.886;553.0631_4.891,2
427.1967_4.894,427.1967,4.894,4333.7293,427.1967_4.894,427.1967_4.894,1
448.1966_4.911,448.1966,4.911,502.16134999999997,448.1966_4.911,448.1966_4.911,1
541.265_4.928,541.265,4.928,86307.23000000001,541.265_4.928,541.265_4.928,1
493.228_4.95,493.228,4.95,3910.5969999999998,493.228_4.95,493.228_4.95,1
357.1009_4.96,357.1009,4.96,11021.681,357.1009_4.96,357.1009_4.96,1
433.2077_4.995,433.2077,4.995,67275.58499999999,433.2077_4.995,433.2077_4.995,1
462.1766_4.998,462.1766,4.998,31256.2025,462.1766_4.998,462.1766_4.998,1
407.0405_4.991,407.0405,4.991,1454.30145,407.0405_4.991,407.0405_4.991,1
591.3184_5.021,591.3184,5.021,1921.04905,591.3184_5.021,591.3184_5.021,1
199.0975_5.017,199.0975,5.017,31895.797,199.0975_5.017,199.0975_5.017,1
198.1135_5.021,198.1135,5.021,40297.0705,198.1135_5.021,198.1135_5.021,1
403.1019_5.042,403.1019,5.042,3456.61535,403.1019_5.042,403.1019_5.042,1
374.1378_5.008,374.1378,5.008,501.321,Cluster_374.1378_5.008,374.1378_5.008;436.1064_5.004;442.1246_5.012,3
236.1018_5.033,236.1018,5.033,1206.9559,Cluster_236.1018_5.033,236.1018_5.033;294.149_5.025,2
354.1009_5.03,354.1009,5.03,13541.8145,354.1009_5.03,354.1009_5.03,1
589.3024_5.037,589.3024,5.037,1520.72225,589.3024_5.037,589.3024_5.037,1
253.0503_5.048,253.0503,5.048,793.0253,253.0503_5.048,253.0503_5.048,1
593.3333_5.048,593.3333,5.048,1846.02215,593.3333_5.048,593.3333_5.048,1
539.1147_5.072,539.1147,5.072,1213.33665,539.1147_5.072,539.1147_5.072,1
377.1019_5.09,377.1019,5.09,1357.7185,377.1019_5.09,377.1019_5.09,1
255.0674_5.078,255.0674,5.078,1161.1671999999999,255.0674_5.078,255.0674_5.078,1
509.2751_5.084,509.2751,5.084,11777.027,509.2751_5.084,509.2751_5.084,1
525.27_5.101,525.27,5.101,16378.6205,525.27_5.101,525.27_5.101,1
387.1658_5.117,387.1658,5.117,37021.5925,387.1658_5.117,387.1658_5.117,1
544.2886_5.154,544.2886,5.154,503.56690000000003,544.2886_5.154,544.2886_5.154,1
366.1015_5.18,366.1015,5.18,19606.6905,366.1015_5.18,366.1015_5.18,1
221.1178_5.185,221.1178,5.185,761.71865,221.1178_5.185,221.1178_5.185,1
177.1283_5.202,177.1283,5.202,501.79814999999996,177.1283_5.202,177.1283_5.202,1
213.1132_5.201,213.1132,5.201,34082.637,213.1132_5.201,213.1132_5.201,1
511.2544_5.206,511.2544,5.206,7665.3805,511.2544_5.206,511.2544_5.206,1
502.1148_5.219,502.1148,5.219,501.87244999999996,502.1148_5.219,502.1148_5.219,1
352.0859_5.224,352.0859,5.224,207564.925,352.0859_5.224,352.0859_5.224,1
218.0821_5.22,218.0821,5.22,8452.2785,218.0821_5.22,218.0821_5.22,1
317.1602_5.227,317.1602,5.227,3026.281,317.1602_5.227,317.1602_5.227,1
385.1498_5.181,385.1498,5.181,3724.50265,385.1498_5.181,385.1498_5.181,1
235.0957_5.223,235.0957,5.223,8803.868999999999,Cluster_235.0957_5.223,235.0957_5.223;355.0445_5.237,2
492.1871_5.243,492.1871,5.243,501.15729999999996,492.1871_5.243,492.1871_5.243,1
283.1657_5.239,283.1657,5.239,14460.329000000002,283.1657_5.239,283.1657_5.239,1
481.2439_5.242,481.2439,5.242,64876.426999999996,Cluster_481.2439_5.242,481.2439_5.242;549.2312_5.243,2
601.2255_5.243,601.2255,5.243,1570.44605,601.2255_5.243,601.2255_5.243,1
651.3856_5.28,651.3856,5.28,6486.1903,651.3856_5.28,651.3856_5.28,1
191.1105_5.283,191.1105,5.283,2419.32265,191.1105_5.283,191.1105_5.283,1
223.0969_5.259,223.0969,5.259,5893.5285,Cluster_223.0969_5.259,223.0969_5.259;471.199_5.262,2
515.1648_5.296,515.1648,5.296,1132.9717,Cluster_515.1648_5.296,515.1648_5.296;536.3209_5.3,2
191.1076_5.282,191.1076,5.282,2419.32265,Cluster_191.1076_5.282,191.1076_5.282;257.0801_5.284;493.1858_5.275;509.1453_5.277;531.1311_5.287;537.1508_5.278;73.0294_5.277,7
433.2076_5.283,433.2076,5.283,24663.8255,433.2076_5.283,433.2076_5.283,1
223.0982_5.267,223.0982,5.267,5180.28465,223.0982_5.267,223.0982_5.267,1
389.1814_5.311,389.1814,5.311,20501.6885,389.1814_5.311,389.1814_5.311,1
442.19_5.313,442.19,5.313,11470.853,442.19_5.313,442.19_5.313,1
325.1288_5.321,325.1288,5.321,10773.938750000001,325.1288_5.321,325.1288_5.321,1
369.1737_5.331,369.1737,5.331,9285.146,369.1737_5.331,369.1737_5.331,1
413.1993_5.357,413.1993,5.357,9987.838,413.1993_5.357,413.1993_5.357,1
329.1602_5.369,329.1602,5.369,20561.432,329.1602_5.369,329.1602_5.369,1
629.3537_5.37,629.3537,5.37,6626.656,629.3537_5.37,629.3537_5.37,1
343.1396_5.368,343.1396,5.368,41856.735,Cluster_343.1396_5.368,343.1396_5.368;344.143_5.362,2
200.1291_5.38,200.1291,5.38,63190.105500000005,200.1291_5.38,200.1291_5.38,1
479.2283_5.383,479.2283,5.383,35339.9685,479.2283_5.383,479.2283_5.383,1
229.0539_5.383,229.0539,5.383,26337.8435,229.0539_5.383,229.0539_5.383,1
640.3334_5.395,640.3334,5.395,9277.9198,Cluster_640.3334_5.395,640.3334_5.395;662.3153_5.383,2
411.2021_5.398,411.2021,5.398,17967.881500000003,411.2021_5.398,411.2021_5.398,1
553.1926_5.396,553.1926,5.396,1029.03255,Cluster_553.1926_5.396,553.1926_5.396;621.1797_5.389,2
246.1531_5.399,246.1531,5.399,12374.5545,246.1531_5.399,246.1531_5.399,1
407.2799_5.411,407.2799,5.411,2725.2334,407.2799_5.411,407.2799_5.411,1
543.2074_5.421,543.2074,5.421,1118.9045,543.2074_5.421,543.2074_5.421,1
391.1968_5.431,391.1968,5.431,3985.20655,391.1968_5.431,391.1968_5.431,1
463.0831_5.418,463.0831,5.418,2401.3175,Cluster_463.0831_5.418,463.0831_5.418;474.1054_5.422;603.0611_5.431,3
467.1919_5.446,467.1919,5.446,15963.78925,467.1919_5.446,467.1919_5.446,1
193.0353_5.465,193.0353,5.465,4999.976049999999,Cluster_193.0353_5.465,193.0353_5.465;405.1707_5.449;407.129_5.446;535.0762_5.453,4
528.2617_5.454,528.2617,5.454,4192.0537,528.2617_5.454,528.2617_5.454,1
405.118_5.456,405.118,5.456,1717.6696499999998,405.118_5.456,405.118_5.456,1
421.0582_5.463,421.0582,5.463,1251.6127999999999,421.0582_5.463,421.0582_5.463,1
319.1396_5.493,319.1396,5.493,36057.529,319.1396_5.493,319.1396_5.493,1
305.1604_5.512,305.1604,5.512,11337.945,305.1604_5.512,305.1604_5.512,1
367.2123_5.512,367.2123,5.512,3372.6304,367.2123_5.512,367.2123_5.512,1
526.2476_5.551,526.2476,5.551,16390.1005,526.2476_5.551,526.2476_5.551,1
379.1955_5.602,379.1955,5.602,1353.6779000000001,379.1955_5.602,379.1955_5.602,1
435.2232_5.611,435.2232,5.611,33463.9645,435.2232_5.611,435.2232_5.611,1
416.1536_5.683,416.1536,5.683,3051.2682999999997,416.1536_5.683,416.1536_5.683,1
461.1337_5.706,461.1337,5.706,10570.365000000002,461.1337_5.706,461.1337_5.706,1
481.2073_5.68,481.2073,5.68,18590.3935,481.2073_5.68,481.2073_5.68,1
501.2122_5.698,501.2122,5.698,1823.0653499999999,Cluster_501.2122_5.698,491.1861_5.71;501.2122_5.698,2
583.3118_5.69,583.3118,5.69,7167.6411499999995,583.3118_5.69,583.3118_5.69,1
486.1199_5.689,486.1199,5.689,501.21005,486.1199_5.689,486.1199_5.689,1
477.2332_5.701,477.2332,5.701,1786.7595000000001,477.2332_5.701,477.2332_5.701,1
500.282_5.708,500.282,5.708,501.14445,500.282_5.708,500.282_5.708,1
529.121_5.76,529.121,5.76,7225.007,529.121_5.76,529.121_5.76,1
594.3642_5.768,594.3642,5.768,15024.972,594.3642_5.768,594.3642_5.768,1
448.1961_5.778,448.1961,5.778,501.14445,448.1961_5.778,448.1961_5.778,1
467.1506_5.777,467.1506,5.777,11730.8135,Cluster_467.1506_5.777,445.1587_5.793;467.1506_5.777,2
685.341_5.775,685.341,5.775,4336.0573,Cluster_685.341_5.775,663.3572_5.772;685.341_5.775,2
331.1763_5.775,331.1763,5.775,218660.41499999998,Cluster_331.1763_5.775,331.1763_5.775;331.2144_5.765;399.1634_5.776;451.125_5.775;461.1338_5.769;747.3107_5.769;753.328_5.771,7
387.1489_5.77,387.1489,5.77,1002.7340999999999,387.1489_5.77,387.1489_5.77,1
367.1578_5.796,367.1578,5.796,44137.3535,367.1578_5.796,367.1578_5.796,1
429.1762_5.798,429.1762,5.798,13677.5095,429.1762_5.798,429.1762_5.798,1
407.2799_5.805,407.2799,5.805,4459.38125,407.2799_5.805,407.2799_5.805,1
222.1134_5.811,222.1134,5.811,34398.477,222.1134_5.811,222.1134_5.811,1
509.2752_5.821,509.2752,5.821,10548.857,509.2752_5.821,509.2752_5.821,1
437.0526_5.832,437.0526,5.832,1563.2105999999999,437.0526_5.832,437.0526_5.832,1
511.2181_5.843,511.2181,5.843,7927.3081,511.2181_5.843,511.2181_5.843,1
461.2388_5.842,461.2388,5.842,21687.4655,461.2388_5.842,461.2388_5.842,1
495.2232_5.846,495.2232,5.846,12269.7785,495.2232_5.846,495.2232_5.846,1
529.162_5.829,529.162,5.829,1243.6329500000002,529.162_5.829,529.162_5.829,1
345.1553_5.874,345.1553,5.874,32608.7805,345.1553_5.874,345.1553_5.874,1
467.2645_5.878,467.2645,5.878,11430.497,467.2645_5.878,467.2645_5.878,1
497.2751_5.86,497.2751,5.86,2993.93675,497.2751_5.86,497.2751_5.86,1
613.3589_5.89,613.3589,5.89,33335.456000000006,613.3589_5.89,613.3589_5.89,1
379.1393_5.891,379.1393,5.891,1458.33965,379.1393_5.891,379.1393_5.891,1
463.2334_5.897,463.2334,5.897,12428.409,463.2334_5.897,463.2334_5.897,1
475.2184_5.932,475.2184,5.932,2050.8936,475.2184_5.932,475.2184_5.932,1
565.3012_5.907,565.3012,5.907,12267.6845,565.3012_5.907,565.3012_5.907,1
583.3118_5.932,583.3118,5.932,8214.541,583.3118_5.932,583.3118_5.932,1
491.228_5.918,491.228,5.918,3104.37205,491.228_5.918,491.228_5.918,1
567.3168_5.938,567.3168,5.938,14622.3435,567.3168_5.938,567.3168_5.938,1
528.2633_5.962,528.2633,5.962,42194.1835,Cluster_528.2633_5.962,528.2633_5.962;550.2453_5.959,2
509.2379_5.991,509.2379,5.991,3496.61525,509.2379_5.991,509.2379_5.991,1
443.1557_5.98,443.1557,5.98,85813.70000000001,Cluster_443.1557_5.98,443.1557_5.98;465.1373_5.985,2
446.2908_6.024,446.2908,6.024,4735.59765,446.2908_6.024,446.2908_6.024,1
369.1552_5.993,369.1552,5.993,12184.878499999999,369.1552_5.993,369.1552_5.993,1
345.1552_6.009,345.1552,6.009,30019.9345,345.1552_6.009,345.1552_6.009,1
511.2909_6.014,511.2909,6.014,50422.122,Cluster_511.2909_6.014,511.2909_6.014;579.2778_6.011,2
512.1916_6.018,512.1916,6.018,501.7504,512.1916_6.018,512.1916_6.018,1
624.3385_6.01,624.3385,6.01,12235.355,624.3385_6.01,624.3385_6.01,1
417.2126_6.021,417.2126,6.021,26743.510000000002,417.2126_6.021,417.2126_6.021,1
544.1789_6.025,544.1789,6.025,501.56165,Cluster_544.1789_6.025,476.1913_6.018;544.1789_6.025,2
496.198_6.048,496.198,6.048,501.321,496.198_6.048,496.198_6.048,1
257.0816_6.056,257.0816,6.056,502.932,257.0816_6.056,257.0816_6.056,1
369.1737_6.099,369.1737,6.099,51925.384,Cluster_369.1737_6.099,369.1737_6.099;437.1608_6.099,2
566.3329_6.114,566.3329,6.114,3727.0141999999996,566.3329_6.114,566.3329_6.114,1
446.2907_6.081,446.2907,6.081,4758.38,446.2907_6.081,446.2907_6.081,1
465.2493_6.146,465.2493,6.146,195705.47499999998,Cluster_465.2493_6.146,465.2493_6.146;523.2077_6.148;533.2364_6.145;585.1981_6.148;601.2235_6.147,5
869.3936_6.15,869.3936,6.15,501.15729999999996,869.3936_6.15,869.3936_6.15,1
510.2524_6.169,510.2524,6.169,19714.677,Cluster_510.2524_6.169,254.6229_6.168;510.2524_6.169,2
627.3743_6.176,627.3743,6.176,7584.7035,627.3743_6.176,627.3743_6.176,1
457.2207_6.206,457.2207,6.206,1178.3339999999998,457.2207_6.206,457.2207_6.206,1
521.239_6.221,521.239,6.221,1189.2220499999999,521.239_6.221,521.239_6.221,1
393.2643_6.229,393.2643,6.229,9057.154999999999,393.2643_6.229,393.2643_6.229,1
381.1551_6.237,381.1551,6.237,2915.7158,Cluster_381.1551_6.237,193.0354_6.242;381.1551_6.237;381.1937_6.247;449.142_6.234;501.1047_6.238;511.1128_6.237;517.1295_6.231;579.0995_6.236,8
439.1146_6.219,439.1146,6.219,503.56690000000003,439.1146_6.219,439.1146_6.219,1
405.2644_6.291,405.2644,6.291,2280.2599499999997,405.2644_6.291,405.2644_6.291,1
573.2395_6.305,573.2395,6.305,1073.4547499999999,573.2395_6.305,573.2395_6.305,1
471.2417_6.297,471.2417,6.297,20999.014,471.2417_6.297,471.2417_6.297,1
307.1184_6.294,307.1184,6.294,4535.25925,307.1184_6.294,307.1184_6.294,1
509.2751_6.332,509.2751,6.332,11178.606,509.2751_6.332,509.2751_6.332,1
419.2281_6.362,419.2281,6.362,15754.978749999998,Cluster_419.2281_6.362,419.2281_6.362;441.2108_6.348,2
324.0682_6.363,324.0682,6.363,501.14445,Cluster_324.0682_6.363,280.0779_6.362;324.0682_6.363,2
489.27_6.391,489.27,6.391,19888.7325,489.27_6.391,489.27_6.391,1
448.3058_6.47,448.3058,6.47,17762.8615,448.3058_6.47,448.3058_6.47,1
495.296_6.494,495.296,6.494,20540.696,495.296_6.494,495.296_6.494,1
493.2439_6.516,493.2439,6.516,22331.5235,Cluster_493.2439_6.516,493.2439_6.516;493.2869_6.516;551.2033_6.504;561.231_6.512;591.2109_6.51;613.1932_6.507;623.2016_6.501;629.2176_6.511;691.188_6.507,9
489.27_6.555,489.27,6.555,16676.585,489.27_6.555,489.27_6.555,1
446.2909_6.562,446.2909,6.562,38252.826,Cluster_446.2909_6.562,446.2909_6.562;514.2774_6.559,2
512.2682_6.624,512.2682,6.624,20692.2465,Cluster_512.2682_6.624,512.2682_6.624;513.2714_6.619;534.2499_6.614,3
567.317_6.697,567.317,6.697,7230.3105,567.317_6.697,567.317_6.697,1
491.2855_6.773,491.2855,6.773,6868.066500000001,491.2855_6.773,491.2855_6.773,1
407.2801_6.791,407.2801,6.791,3805.6167,407.2801_6.791,407.2801_6.791,1
507.2231_6.98,507.2231,6.98,13683.2935,507.2231_6.98,507.2231_6.98,1
505.2452_7.002,505.2452,7.002,502.25125,505.2452_7.002,505.2452_7.002,1
267.1235_7.063,267.1235,7.063,34350.455,267.1235_7.063,267.1235_7.063,1
437.18_7.078,437.18,7.078,1223.8940499999999,437.18_7.078,437.18_7.078,1
573.2393_7.26,573.2393,7.26,505.0516,573.2393_7.26,573.2393_7.26,1
673.2558_7.365,673.2558,7.365,502.08344999999997,673.2558_7.365,673.2558_7.365,1
519.223_7.484,519.223,7.484,501.87244999999996,519.223_7.484,519.223_7.484,1
557.2465_7.479,557.2465,7.479,502.37225,557.2465_7.479,557.2465_7.479,1
449.254_8.044,449.254,8.044,33539.875,Cluster_449.254_8.044,449.254_8.044;517.2413_8.045,2
