m.z,r.t,p.value,t.score,mode
1030.3123,3.466,0.616,0.518192116,negative
108.0216,3.832,0.542,-0.631667843,negative
109.0294,3.11,0.598,0.544359417,negative
1093.9937,2.988,0.747,0.33230921,negative
1108.0095,3.117,0.636,0.48855785,negative
1108.0095,3.194,0.68,0.424405805,negative
1108.0095,3.804,0.628,0.499356153,negative
111.0085,0.703,0.829,0.221816091,negative
1122.0248,4.125,1.34E-08,16.5680405,negative
1122.0249,4.032,6.21E-09,17.93527437,negative
1133.0047,3.302,0.445,-0.794435014,negative
123.0452,4.211,0.76,-0.313853535,negative
124.0072,0.616,0.574,0.580445227,negative
131.0349,0.8,0.858,0.183484402,negative
133.0504,0.696,0.212,-1.331752715,negative
135.0295,0.64,0.421,0.83935663,negative
137.0243,4.815,0.495,-0.708594923,negative
137.0244,4.225,0.522,-0.663260789,negative
137.0248,0.733,0.151,-1.55463139,negative
144.03,0.697,0.22,1.307079556,negative
144.0665,0.781,0.317,1.05418883,negative
145.0141,0.693,0.974,0.033841107,negative
146.0456,0.708,0.266,1.177831802,negative
147.0298,0.76,0.348,-0.984824536,negative
149.0089,0.649,0.964,-0.046338868,negative
149.0452,0.654,0.595,-0.549233641,negative
151.04,4.082,0.113,1.736241208,negative
151.04,4.576,0.242,1.242863256,negative
154.0621,0.609,0.289,1.120260623,negative
154.9984,0.703,0.26,1.19367602,negative
157.0506,2.959,0.271,1.16444717,negative
161.0454,0.768,0.769,-0.301957842,negative
161.9866,2.133,0.144,1.584625529,negative
161.988,0.685,0.102,1.797936717,negative
165.0405,0.634,0.513,0.677554637,negative
165.0409,0.76,0.699,-0.397348497,negative
165.0417,2.342,0.811,0.245626183,negative
165.0557,4.102,0.321,1.043390964,negative
167.0208,0.657,0.725,0.36163044,negative
167.0211,1.15,0.869,-0.169751892,negative
168.0301,0.797,0.435,0.813286562,negative
168.0302,2.597,0.139,1.607750053,negative
168.0777,0.606,0.315,1.058067178,negative
171.0487,4.824,0.972,0.035626916,negative
172.9915,3.001,0.55,0.618031366,negative
173.0001,2.997,0.691,0.408679559,negative
173.0089,0.672,0.857,0.18535467,negative
173.0091,1.231,0.515,-0.674916708,negative
173.9923,0.799,0.28,1.141868356,negative
174.0405,0.655,0.806,-0.251809687,negative
175.0241,0.753,0.0356,-2.426976578,negative
175.0611,3.177,0.868,-0.170728513,negative
175.0975,4.743,0.992,-0.010336584,negative
177.0225,0.776,0.465,0.759898308,negative
177.1283,5.202,0.803,-0.256485262,negative
178.0513,2.879,0.406,-0.867077876,negative
178.0515,2.811,0.798,-0.262586612,negative
178.0515,3.479,0.512,-0.68013236,negative
178.0524,2.721,0.0263,-2.604367209,negative
178.0526,3.481,0.981,-0.024715666,negative
178.0557,3.444,0.308,-1.07510933,negative
179.0556,0.643,0.287,-1.125573802,negative
181.0503,4.495,0.0732,-2.001250629,negative
181.0504,3.017,0.735,-0.347986247,negative
181.0505,0.817,0.8,-0.26041282,negative
181.0507,4.062,0.0583,-2.137329969,negative
181.9916,0.803,0.843,0.203393101,negative
181.9917,2.823,0.885,0.148532778,negative
182.0076,0.788,0.82,0.23390728,negative
182.0282,0.77,0.7,-0.396996919,negative
182.0458,0.803,0.115,1.724005225,negative
182.0458,2.174,0.301,1.089676975,negative
184.0979,4.054,0.262,-1.188083347,negative
185.0819,4.129,0.231,1.275911874,negative
187.0075,3.121,0.787,0.278087002,negative
187.0079,3.815,0.731,0.353807409,negative
187.0101,3.824,0.491,0.71575555,negative
187.0383,0.634,0.496,-0.706162657,negative
187.0387,3.806,0.768,0.30264088,negative
188.0021,0.665,0.0521,2.203965783,negative
188.9863,1.166,0.557,-0.608086754,negative
188.9864,0.815,0.761,-0.313006787,negative
188.9864,2.765,0.779,-0.288004449,negative
189.0027,3.097,0.765,0.306970439,negative
191.0201,1.159,0.248,-1.227924806,negative
191.0203,0.697,0.853,0.190700968,negative
191.0212,0.699,0.488,-0.720481334,negative
191.0267,0.755,0.359,0.960451288,negative
191.0276,1.165,0.433,0.816697387,negative
191.0523,0.699,0.351,0.978430291,negative
191.0524,0.713,0.578,0.5757281,negative
191.1076,5.282,0.526,-0.65679055,negative
191.1105,5.283,0.911,-0.114468007,negative
193.0351,0.617,0.313,1.061723459,negative
193.0353,5.465,0.0985,1.821656427,negative
194.0458,3.657,0.942,-0.074325214,negative
194.0459,0.799,0.622,-0.507985115,negative
194.0459,2.735,0.744,-0.335719869,negative
194.0459,2.921,0.694,-0.405480413,negative
194.0459,3.542,0.747,-0.331514216,negative
194.0459,4.033,0.76,-0.313677961,negative
194.046,0.798,0.622,-0.507985115,negative
194.0491,4.031,0.0977,-1.826457337,negative
194.0495,2.735,0.817,-0.237691485,negative
194.0546,0.797,0.796,-0.265484784,negative
195.0512,0.787,0.913,0.112150849,negative
195.0514,2.765,0.917,-0.106440724,negative
195.051,0.627,0.422,0.836910448,negative
197.0442,3.134,0.334,-1.014723798,negative
197.0453,3.76,0.256,-1.205021285,negative
197.0471,3.745,0.405,-0.868754399,negative
197.0819,4.344,0.469,0.752232421,negative
198.1135,5.021,0.545,0.625985576,negative
199.0068,4.328,0.111,1.747508339,negative
199.0975,5.017,0.883,-0.150510133,negative
200.1291,5.38,0.54,0.63424576,negative
201.0227,4.086,4.02E-09,18.75227793,negative
201.0228,4.555,1.63E-09,20.57600608,negative
203.0017,3.661,0.651,0.466198773,negative
203.0021,0.801,0.0646,-2.076658067,negative
203.0021,2.888,0.868,0.169894048,negative
203.002,3.205,0.373,-0.932080313,negative
203.0048,3.202,0.82,0.23367395,negative
204.0666,4.129,0.45,-0.786775411,negative
204.0666,4.532,0.298,-1.097659104,negative
204.9812,0.795,0.488,0.720172401,negative
204.9812,2.586,0.618,0.514499235,negative
205.0352,0.76,0.522,0.663849799,negative
206.9961,0.7,0.596,-0.548319767,negative
206.9967,2.418,0.0306,-2.516754912,negative
208.0615,3.836,0.0569,-2.151359637,negative
208.0646,0.766,0.349,0.981766149,negative
209.0452,3.159,0.551,-0.61670804,negative
209.0452,3.24,0.329,-1.026413891,negative
209.0455,3.749,0.583,-0.567030182,negative
209.0532,3.773,0.0926,-1.859337603,negative
210.0419,3.959,0.844,0.202510454,negative
211.0611,3.158,0.0912,-1.868747204,negative
211.0613,3.866,0.948,-0.066606719,negative
211.0615,4.235,0.748,-0.330566869,negative
211.0967,4.185,0.506,-0.689211135,negative
211.0971,3.846,0.148,-1.566351919,negative
212.0023,0.825,0.848,0.196389803,negative
212.0027,3.304,0.57,0.587092303,negative
212.0065,4.503,0.926,0.095726058,negative
212.0937,3.815,0.912,0.113568039,negative
213.1132,5.201,0.112,1.741647659,negative
213.9981,2.254,0.61,0.526811858,negative
215.0021,3.307,0.0799,1.948677756,negative
215.0326,0.629,0.508,0.686156241,negative
216.9808,0.715,0.218,-1.313963057,negative
216.9812,2.65,0.412,-0.855267741,negative
216.981,0.709,0.752,-0.325512195,negative
217.0161,1.159,0.649,-0.469570639,negative
217.0162,0.671,0.967,-0.042279243,negative
217.0172,4.4,8.68E-04,4.679863635,negative
217.0173,3.88,0.0449,2.29167466,negative
217.0486,0.63,0.383,0.913122617,negative
217.1081,3.912,0.17,1.479185011,negative
218.0492,0.684,0.65,0.467943864,negative
218.0821,5.22,0.122,-1.689867929,negative
218.1032,0.748,0.941,-0.076031275,negative
218.1033,2.56,0.448,-0.789214685,negative
218.9961,0.686,0.369,-0.94109258,negative
218.9964,3.175,0.949,0.065233521,negative
219.0457,0.629,0.394,0.890015987,negative
219.0508,0.792,0.303,-1.085159123,negative
219.0509,2.854,0.265,-1.179524526,negative
219.0524,2.85,0.316,-1.054858912,negative
220.0979,4.733,0.0978,1.825848312,negative
221.1178,5.185,0.315,-1.058572487,negative
222.0406,3.686,0.924,-0.097563232,negative
222.1134,5.811,0.309,1.072742711,negative
223.0623,0.802,0.0558,-2.162975714,negative
223.0969,5.259,0.319,-1.047646204,negative
223.0982,5.267,0.955,-0.058015372,negative
224.0561,3.018,0.276,1.151372945,negative
224.0563,0.81,0.198,1.377206073,negative
224.062,4.537,0.841,0.206098721,negative
225.0623,0.658,0.412,-0.855268299,negative
227.0554,2.1,0.821,-0.231911625,negative
227.0559,0.8,0.096,-1.837385006,negative
227.06,0.796,0.0989,-1.819120533,negative
227.9967,0.668,0.493,0.711900105,negative
227.9971,0.795,0.656,0.459428628,negative
227.9972,2.377,0.905,0.122643926,negative
229.017,4.354,0.209,-1.342021746,negative
229.0539,5.383,0.979,-0.027148984,negative
230.0128,3.042,0.289,1.119069146,negative
230.0128,3.569,0.807,0.250930191,negative
230.0129,2.513,0.757,-0.318464551,negative
230.0135,0.791,0.905,-0.122988996,negative
230.0139,0.763,0.855,-0.187994929,negative
230.0156,0.793,0.113,-1.737914877,negative
230.0159,2.501,0.789,-0.274607854,negative
230.0493,0.666,0.816,-0.238452122,negative
230.9963,3.838,0.651,-0.466369983,negative
230.9967,0.757,0.522,0.662788244,negative
230.9968,3.178,0.718,-0.370895516,negative
230.9969,3.457,0.33,-1.024452658,negative
231.0308,0.666,0.886,0.146913633,negative
231.9926,0.79,0.827,0.224551243,negative
232.005,0.705,0.974,0.033607511,negative
232.9759,0.708,0.734,0.349340299,negative
233.0124,2.47,0.0827,1.92819501,negative
235.057,0.641,0.694,0.404610961,negative
235.0957,5.223,0.627,-0.501480766,negative
236.1018,5.033,0.772,-0.297492484,negative
237.0356,3.369,0.544,-0.627654414,negative
237.0359,3.933,0.878,-0.15759915,negative
237.1243,4.614,0.542,-0.631952555,negative
238.0776,4.607,0.9,0.128743978,negative
239.1144,0.622,0.207,1.348957907,negative
240.9816,3.419,0.646,-0.472918661,negative
241.1189,3.536,0.04,2.359263551,negative
241.1193,2.896,0.0696,2.031990926,negative
242.0115,0.695,0.556,0.609725657,negative
242.0128,2.785,0.764,0.308699504,negative
242.0128,3.535,0.734,-0.348942599,negative
243.0329,4.371,0.351,-0.977813323,negative
243.0617,0.662,0.986,0.018485538,negative
243.0779,4.486,0.463,-0.76386929,negative
243.1236,4.74,0.555,0.610722243,negative
243.1344,3.787,0.0807,1.94314945,negative
243.1349,3.353,0.0445,2.29645811,negative
245.0124,3.342,0.637,-0.486284044,negative
245.0433,0.63,0.534,-0.64340529,negative
245.0485,4.677,0.71,0.382155618,negative
245.0488,4.187,0.839,0.208489051,negative
245.0489,3.748,0.847,0.197812995,negative
245.0937,4.487,0.499,-0.701982802,negative
245.1137,0.783,0.325,1.035177686,negative
246.0109,2.385,0.59,-0.557183523,negative
246.0383,2.873,0.506,-0.689924489,negative
246.0383,3.487,0.813,-0.243045435,negative
246.0433,0.669,0.123,-1.682713492,negative
246.0752,4.139,0.946,0.069903939,negative
246.0753,3.721,0.864,-0.17590917,negative
246.1531,5.399,0.088,1.890591919,negative
246.9913,0.705,0.156,1.533449535,negative
246.9917,2.802,0.207,1.349041924,negative
247.0277,0.755,0.963,-0.04730142,negative
247.062,0.659,0.678,0.428135422,negative
247.0798,4.12,0.153,-1.547076705,negative
248.0596,0.808,0.923,0.098803218,negative
250.0718,3.655,0.391,-0.896965262,negative
251.0128,3.524,0.108,-1.763123562,negative
253.0503,5.048,9.00E-07,10.6367442,negative
253.9903,0.661,0.111,1.748763864,negative
254.9816,0.664,0.476,0.739990512,negative
254.9941,3.14,0.597,0.545587149,negative
255.0674,5.078,0.00339,3.816934318,negative
255.1349,3.614,0.0839,1.919229908,negative
255.1349,4.042,0.0929,1.857172161,negative
257.0816,6.056,3.36E-05,7.084908476,negative
258.0424,0.699,0.233,1.268251528,negative
258.044,2.007,0.277,-1.148603997,negative
258.9916,0.797,0.516,-0.674068492,negative
258.9926,3.301,0.568,-0.591141624,negative
259.057,0.712,0.238,1.256249733,negative
259.129,3.733,0.968,-0.040992823,negative
260.0239,2.686,0.774,-0.295545544,negative
260.0254,0.667,0.58,0.572607425,negative
261.0071,3.241,0.453,0.781570821,negative
261.0072,0.769,0.81,-0.246457309,negative
261.0232,0.668,0.785,-0.280717309,negative
261.039,0.66,0.044,2.304028637,negative
262.0286,0.664,0.307,1.077524456,negative
262.0364,0.654,0.485,0.725032629,negative
262.9863,0.693,0.996,-0.004862074,negative
263.0249,0.69,0.448,-0.790281657,negative
263.0272,2.81,0.165,-1.499876145,negative
263.0573,0.662,0.761,-0.312694555,negative
263.1041,2.759,0.801,0.259354594,negative
263.1041,2.796,0.631,0.496074853,negative
263.1046,3.466,0.607,0.530653654,negative
263.1054,2.91,0.262,-1.188006488,negative
263.1397,2.777,0.759,0.315663127,negative
263.141,3.465,0.589,0.558066647,negative
264.0876,3.875,0.609,0.528214248,negative
264.1168,3.46,0.322,1.041081293,negative
264.9884,0.68,0.458,0.771188015,negative
265.0184,2.828,0.0677,-2.048118277,negative
265.1192,4.316,0.859,-0.181817162,negative
267.1235,7.063,0.565,-0.59584776,negative
269.1505,4.575,0.217,1.317006385,negative
269.1506,4.275,0.226,1.290944647,negative
273.0073,0.807,0.116,-1.720773867,negative
273.0074,3.349,0.182,-1.434428573,negative
274.0026,0.671,0.885,-0.148851458,negative
274.0027,2.51,0.669,-0.441006729,negative
274.0396,0.676,0.402,0.875796559,negative
274.039,0.769,0.428,0.825305779,negative
275.0216,0.69,0.753,-0.323051613,negative
275.0221,0.754,0.902,-0.12607477,negative
275.0224,3.427,0.165,-1.499251724,negative
275.0569,0.663,0.119,-1.706778615,negative
276.0009,3.151,0.262,-1.187711218,negative
276.0018,0.763,0.313,-1.062653308,negative
277.0021,0.707,0.728,0.358193017,negative
277.0349,0.667,0.826,0.225035299,negative
277.052,0.659,0.0742,1.993031981,negative
277.0852,0.658,0.321,-1.044249771,negative
278.0698,0.683,0.224,1.296537579,negative
279.0491,3.95,0.596,-0.547758431,negative
279.049,3.659,0.363,-0.954013002,negative
279.0984,3.799,0.107,1.772104093,negative
279.9896,3.301,0.459,0.769775661,negative
281.1142,4.039,0.218,1.314617425,negative
282.0473,0.802,0.668,-0.44218047,negative
283.0822,3.328,0.867,0.171331929,negative
283.0822,3.893,0.864,0.17569559,negative
283.1657,5.239,0.19,1.407347828,negative
287.0195,0.66,0.0962,1.836304922,negative
287.0227,3.548,0.826,-0.225297736,negative
287.0526,0.66,0.568,0.590032683,negative
289.0363,0.688,0.281,-1.140704506,negative
289.0528,0.664,0.227,-1.286149089,negative
289.0702,0.663,0.225,-1.292367484,negative
290.0877,0.662,0.834,0.214957706,negative
291.0345,0.717,0.995,-0.00648291,negative
291.0683,0.654,0.624,-0.506221068,negative
293.0301,0.685,0.853,-0.190684021,negative
293.0331,2.576,0.132,-1.64098537,negative
293.0676,0.65,0.241,-1.247178766,negative
293.0743,2.543,0.763,0.309616791,negative
295.0242,4.354,0.608,0.52935403,negative
295.0252,3.897,0.773,0.296378074,negative
295.0806,3.721,0.359,0.961780461,negative
295.0815,4.242,0.216,1.321746669,negative
295.1298,3.641,0.42,-0.840417431,negative
296.0197,0.697,0.895,0.13517431,negative
296.9824,0.699,0.634,0.491086942,negative
297.0975,4.072,1.17E-06,10.34340338,negative
297.0975,4.498,7.15E-08,13.92122564,negative
298.0002,3.49,0.606,-0.532986784,negative
299.0779,3.509,0.229,1.282251801,negative
299.1247,0.784,0.18,1.442748254,negative
300.0195,0.687,0.327,-1.030579252,negative
300.039,0.661,0.503,0.694764284,negative
301.0547,0.665,0.534,-0.644869705,negative
301.0563,0.774,0.903,0.12466523,negative
302.0532,0.694,0.169,1.483825029,negative
302.1145,3.69,0.934,-0.085027723,negative
303.0177,0.795,0.0568,-2.153008826,negative
303.0178,3.212,0.0517,-2.20796495,negative
303.0365,0.684,0.637,0.486912972,negative
303.0532,0.705,0.165,-1.499540557,negative
303.0712,0.728,0.502,-0.697051605,negative
303.072,2.684,0.201,-1.36767789,negative
305.1604,5.512,0.916,0.10822382,negative
306.9561,3.814,0.719,0.370300684,negative
307.0326,0.669,0.99,-0.013192452,negative
307.1184,6.294,0.379,0.921152112,negative
308.0774,3.378,0.675,0.43216134,negative
308.0983,0.658,0.783,0.283461791,negative
310.9691,1.162,0.443,-0.798573952,negative
310.9761,0.719,0.941,-0.076078531,negative
311.0752,3.182,0.464,-0.761417918,negative
313.0567,0.793,0.611,-0.524487526,negative
313.0569,3.13,0.75,-0.327783767,negative
313.9951,2.734,0.908,-0.118220544,negative
313.995,4.031,0.857,-0.184251197,negative
313.999,0.818,0.834,-0.21527354,negative
315.0338,0.673,0.687,-0.415095435,negative
315.0713,0.751,0.754,-0.322482566,negative
317.1602,5.227,0.52,0.66653955,negative
318.064,0.674,0.515,0.675677513,negative
319.0474,0.696,0.413,0.8541736,negative
319.1032,0.789,0.348,-0.984359108,negative
319.1396,5.493,0.143,1.589178602,negative
320.0597,0.683,0.368,0.942127125,negative
321.0622,3.448,0.33,1.023218315,negative
321.0625,0.656,0.284,-1.133238983,negative
324.0682,6.363,0.984,-0.020498923,negative
324.0723,0.776,0.674,0.433907855,negative
324.0723,2.134,0.885,0.148815868,negative
324.0723,2.857,0.909,0.117456524,negative
325.1288,5.321,0.991,-0.011512683,negative
326.0866,0.798,0.655,-0.459826122,negative
328.0474,0.665,0.231,1.274545129,negative
329.1602,5.369,0.461,-0.766195507,negative
330.0287,3.095,0.0917,-1.865203193,negative
330.0291,0.673,0.454,0.779789407,negative
331.0121,3.56,0.238,-1.256164302,negative
331.0274,0.668,0.141,1.596496466,negative
331.091,2.747,0.394,0.891282091,negative
331.091,3.433,0.489,0.717859754,negative
331.1218,3.932,0.0638,-2.083391037,negative
331.1763,5.775,0.511,0.682283443,negative
333.0047,4.33,1.84E-06,9.840711132,negative
333.0066,3.893,1.45E-06,10.10377884,negative
333.0634,0.694,0.322,-1.042326264,negative
334.0517,3.708,0.985,0.019345249,negative
335.0244,4.36,5.35E-07,11.24879999,negative
335.0468,0.663,0.492,-0.713444793,negative
336.0493,0.662,0.14,-1.601095314,negative
336.0706,3.376,0.585,0.564704186,negative
336.0708,0.807,0.749,-0.329322068,negative
336.0718,3.292,0.476,-0.741125104,negative
336.072,3.762,0.444,-0.797034642,negative
336.1214,3.081,0.176,1.457169103,negative
336.1218,3.046,0.67,0.438958895,negative
336.1323,3.647,0.0516,-2.209829989,negative
337.0556,0.777,0.777,-0.291138865,negative
337.056,3.104,0.876,-0.160724645,negative
337.1446,4.025,0.615,0.518915634,negative
337.1469,3.591,0.512,-0.679621284,negative
338.0632,3.433,0.773,-0.296187195,negative
338.0879,3.557,0.979,-0.026830154,negative
338.1178,2.307,0.186,-1.420751439,negative
339.1082,4.74,0.279,-1.144970349,negative
341.1234,4.519,0.961,-0.049989119,negative
343.0666,0.756,0.2,1.373380655,negative
343.0669,2.881,0.211,1.336399282,negative
343.0855,4.396,0.528,0.654453466,negative
343.0855,4.765,0.471,0.748747495,negative
343.1396,5.368,0.135,-1.627315945,negative
344.0448,0.677,0.476,0.740732185,negative
345.0438,0.668,0.429,0.825134288,negative
345.1552,6.009,0.197,1.380615727,negative
345.1553,5.874,0.367,0.944747429,negative
345.1554,3.382,0.104,-1.789436214,negative
345.1554,4.506,0.0325,-2.481437902,negative
345.1933,4.201,0.0321,-2.488524211,negative
347.0424,0.697,0.28,-1.141174487,negative
347.059,0.674,0.0702,-2.026361096,negative
347.0774,4.782,0.719,0.369510362,negative
347.079,0.706,0.875,-0.161273389,negative
347.0881,3.328,0.58,-0.572592078,negative
347.1678,4.233,0.233,-1.268604797,negative
347.17,3.394,0.542,0.631078442,negative
348.0769,2.315,0.558,-0.605428365,negative
349.0207,0.696,0.742,-0.338279393,negative
349.059,0.669,0.398,-0.883081676,negative
350.088,3.366,0.283,1.135641962,negative
350.088,3.952,0.143,1.590390142,negative
351.0199,0.667,0.559,-0.604181176,negative
351.0566,0.663,0.686,-0.416805312,negative
351.07,3.888,0.862,0.178330606,negative
352.0859,5.224,0.907,-0.119568898,negative
354.1007,4.717,0.923,0.099445554,negative
354.1009,5.03,0.931,-0.088957742,negative
355.1037,4.621,0.259,-1.197380147,negative
356.031,0.667,0.188,1.411912168,negative
356.0987,0.796,0.2,-1.372138825,negative
356.1002,2.592,0.44,-0.803766104,negative
357.0823,0.779,0.948,0.067129993,negative
357.0825,3.399,0.603,0.536961065,negative
357.0826,2.931,0.779,0.287743674,negative
357.1009,4.96,0.103,1.795222396,negative
359.0566,0.67,0.325,-1.035704889,negative
359.0958,2.977,0.462,-0.764371791,negative
359.0975,2.524,0.517,-0.672396397,negative
359.1344,4.351,0.214,-1.327002629,negative
359.1345,3.504,0.428,-0.8261035,negative
359.1347,3.481,0.429,-0.823496708,negative
359.1353,0.806,0.0141,-2.967480237,negative
359.1353,3.002,0.17,-1.478669603,negative
360.0729,0.672,0.75,-0.327135249,negative
361.0218,2.595,0.404,-0.870952086,negative
361.0578,0.686,0.489,-0.718177752,negative
361.0713,3.465,0.679,0.426385181,negative
361.1499,3.066,0.0309,-2.509861998,negative
361.1501,4.225,0.206,1.352830377,negative
361.1502,3.49,0.109,-1.756788866,negative
363.021,3.933,0.00273,3.950894139,negative
363.0234,4.453,0.0113,3.098551155,negative
363.0692,4.266,0.928,-0.093297761,negative
363.0701,4.451,0.95,0.064277804,negative
363.0756,0.658,0.0952,-1.842301958,negative
363.1657,4.345,0.368,0.942627862,negative
363.1658,4.172,0.371,-0.937501142,negative
364.0954,0.768,0.586,-0.563072102,negative
364.0958,3.594,0.499,-0.702065261,negative
364.0972,3.027,0.186,-1.420751439,negative
365.0528,0.68,0.298,-1.098371547,negative
365.0863,4.095,4.62E-06,8.889568859,negative
366.0851,4.55,0.00251,4.001610688,negative
366.1015,5.18,0.872,-0.164853012,negative
366.1016,4.846,0.776,0.292363392,negative
367.0282,0.707,0.776,0.291824739,negative
367.1578,5.796,0.533,0.645654595,negative
367.2123,5.512,0.976,-0.031137869,negative
367.2236,4.071,0.289,1.118928424,negative
368.0804,3.895,0.932,0.087141372,negative
368.0971,3.297,0.226,1.289544865,negative
368.0998,0.802,0.147,1.571306566,negative
368.9723,3.004,0.693,0.406432561,negative
369.0829,3.476,0.0353,-2.431822136,negative
369.1552,5.993,0.38,0.91758349,negative
369.1737,5.331,0.729,0.356787385,negative
369.1737,6.099,0.693,0.406808547,negative
370.0781,2.895,0.792,-0.271001995,negative
370.0786,0.733,0.891,-0.140796655,negative
370.0972,3.765,0.573,-0.582179198,negative
370.097,3.208,0.577,-0.577032577,negative
370.0981,3.747,0.855,-0.18812698,negative
371.0241,0.671,0.811,0.245758663,negative
371.0976,0.801,0.165,-1.499976844,negative
371.0978,3.481,0.129,-1.655304353,negative
372.0951,0.795,0.0803,-1.945704733,negative
372.1099,3.404,0.89,0.142234809,negative
372.1116,3.914,0.875,0.161228126,negative
373.1067,2.937,0.339,-1.004284925,negative
373.1139,4.04,0.924,-0.097247228,negative
373.1141,3.685,0.015,-2.930087385,negative
373.1514,3.715,0.497,-0.705400808,negative
374.0316,2.965,0.892,0.139583595,negative
374.1378,5.008,0.86,0.181100921,negative
375.054,0.665,0.629,-0.498579562,negative
375.0931,2.077,0.186,-1.420751439,negative
375.1278,3.109,0.0699,-2.029206544,negative
375.1294,0.798,0.0765,-1.975112578,negative
375.1294,4.074,0.411,0.858754863,negative
377.0353,0.713,0.174,-1.464103849,negative
377.0526,0.697,0.165,-1.497257723,negative
377.1019,5.09,0.968,-0.040572263,negative
379.0336,0.708,0.576,0.578596178,negative
379.0338,3.038,0.6,0.540895864,negative
379.0686,0.661,0.732,-0.352554293,negative
379.0909,2.789,0.396,-0.887561458,negative
379.091,3.484,0.442,-0.801153935,negative
379.1393,5.891,0.652,-0.464838856,negative
379.1607,3.652,0.976,0.030958254,negative
379.1607,4.047,0.764,-0.309206491,negative
379.1955,5.602,0.803,0.256165943,negative
380.0301,1.155,0.956,-0.056379108,negative
381.0301,1.155,0.544,-0.627868567,negative
381.0802,3.385,0.987,-0.01635313,negative
381.1551,6.237,0.592,-0.553375888,negative
382.9875,3.002,0.756,0.318948441,negative
383.0324,2.787,0.0865,1.901184296,negative
383.0464,3.601,0.682,-0.422353876,negative
383.053,3.466,0.477,0.738523041,negative
383.0644,2.771,0.792,0.270858304,negative
383.1529,4.559,0.876,-0.159727561,negative
383.153,4.885,0.843,0.20321081,negative
384.0537,2.335,0.465,-0.76036511,negative
385.1498,5.181,0.206,1.352381386,negative
385.1685,4.355,0.757,-0.318165284,negative
385.1861,4.524,0.585,-0.564528564,negative
387.1489,5.77,0.0519,2.205787908,negative
387.1658,5.117,0.904,0.124146422,negative
388.047,2.937,0.808,-0.249482684,negative
388.047,3.398,0.803,0.256135483,negative
388.047,3.472,0.87,0.167483112,negative
389.0528,0.7,0.342,-0.997222769,negative
389.0919,4.531,0.233,1.270328941,negative
389.0981,4.564,0.551,0.616871785,negative
389.1038,0.786,0.46,-0.769026157,negative
389.1043,2.952,0.391,-0.895900113,negative
389.1814,5.311,0.913,-0.111605802,negative
391.0332,0.698,0.846,0.199476198,negative
391.0993,4.492,0.367,0.944190135,negative
391.1124,0.79,0.905,0.122056694,negative
391.1968,5.431,0.252,-1.214649893,negative
393.0495,3.605,1.19E-04,6.076525934,negative
393.0776,3.464,0.0929,-1.857185983,negative
393.2643,6.229,0.618,-0.514988172,negative
394.06,0.685,0.723,-0.36481407,negative
395.0628,0.675,0.662,-0.450237204,negative
395.0857,2.735,0.276,-1.152495459,negative
395.0857,2.92,0.466,-0.757939689,negative
395.091,3.521,0.511,-0.682181891,negative
395.1144,4.677,0.639,-0.483974125,negative
396.025,0.663,0.563,0.598712323,negative
396.0904,2.751,0.823,-0.229705756,negative
396.1124,4.459,0.266,-1.17796777,negative
396.1279,4.011,0.659,0.455062913,negative
396.1297,3.506,0.227,1.287108662,negative
397.0032,3.133,0.764,0.308533403,negative
397.0034,3.815,0.704,0.390377772,negative
397.0582,0.701,0.63,0.497140089,negative
397.1496,4.415,0.628,-0.499769597,negative
397.1911,4.067,0.286,-1.126880155,negative
398.0412,0.681,0.733,-0.350335938,negative
399.0203,0.683,0.383,0.911992764,negative
399.1658,3.513,0.452,-0.783041528,negative
400.1429,4.669,0.395,0.888728788,negative
401.1094,4.24,0.259,-1.197026272,negative
403.066,3.865,0.659,-0.455096769,negative
403.1019,5.042,0.188,1.413682109,negative
403.1133,4.514,0.0985,-1.821456159,negative
403.1971,3.26,0.478,-0.736904374,negative
403.197,0.807,0.307,-1.077305027,negative
404.0395,3.379,0.769,-0.302135875,negative
404.0405,3.511,0.851,-0.193288881,negative
405.0285,0.72,0.412,-0.855979879,negative
405.0469,0.697,0.0289,-2.549860314,negative
405.0648,0.668,0.657,-0.458318987,negative
405.118,5.456,0.243,-1.24203468,negative
405.1764,4.467,0.465,-0.76040823,negative
405.2644,6.291,0.76,-0.313309618,negative
407.0405,4.991,0.123,-1.682678771,negative
407.2799,5.411,0.952,-0.061282484,negative
407.2799,5.805,0.306,-1.079895193,negative
407.2801,6.791,0.518,-0.669966568,negative
409.0428,0.71,0.205,-1.356431653,negative
411.0759,4.059,0.822,-0.230631155,negative
411.0787,0.764,0.914,-0.110761225,negative
411.1279,4.49,0.44,-0.803619466,negative
411.1654,4.559,0.145,-1.581587309,negative
411.2021,4.884,0.269,-1.171077417,negative
411.2021,5.398,0.356,-0.968648159,negative
412.9977,3.204,0.733,-0.350227578,negative
413.1426,4.219,0.023,-2.683601424,negative
413.1426,4.51,0.0234,-2.673485208,negative
413.1436,3.2,0.0494,-2.235339825,negative
413.144,3.692,0.0762,-1.97709144,negative
413.1993,5.357,0.629,0.498875957,negative
415.1607,0.797,0.0676,-2.04898182,negative
416.1536,5.683,0.481,0.731956791,negative
417.1173,4.046,0.146,1.577428747,negative
417.1192,4.5,0.299,1.09506256,negative
417.2126,6.021,0.746,0.333418638,negative
418.1123,0.717,0.469,-0.752250133,negative
418.1149,0.722,0.764,0.308138844,negative
418.1327,4.164,0.472,0.747081205,negative
419.1134,0.748,0.827,-0.224701274,negative
419.1155,2.861,0.822,-0.230436288,negative
419.2281,6.362,0.99,-0.012210692,negative
421.0558,3.818,0.389,-0.900073844,negative
421.0582,5.463,0.725,0.36169553,negative
421.9984,3.301,0.692,0.408399565,negative
422.0501,0.727,0.366,-0.946966747,negative
422.1067,0.783,0.968,0.041682764,negative
422.1084,2.915,0.54,-0.634699666,negative
423.0571,0.703,0.165,-1.499045442,negative
424.0493,0.721,0.0964,1.834731401,negative
425.145,4.374,0.452,0.782624346,negative
427.0844,2.991,0.127,-1.662317849,negative
427.1967,4.894,0.0432,-2.313637962,negative
427.197,3.64,0.0256,-2.619251144,negative
427.197,4.049,0.0385,-2.38227928,negative
428.0941,2.98,0.462,-0.765283181,negative
428.0955,4.037,0.848,-0.197058718,negative
428.0976,3.601,0.212,-1.334173315,negative
429.0423,3.352,0.72,-0.368271655,negative
429.0815,4.032,5.53E-08,14.30093534,negative
429.082,3.756,8.14E-08,13.73217442,negative
429.083,3.201,3.23E-07,11.870765,negative
429.1762,5.798,0.191,1.4038747,negative
431.0534,0.666,0.402,-0.874749112,negative
431.0979,3.907,3.58E-06,9.146267899,negative
432.1213,3.706,0.729,-0.35571301,negative
433.0646,4.045,0.0288,2.550533598,negative
433.1136,4.519,0.00125,4.442152595,negative
433.113,4.886,5.82E-08,14.22305494,negative
433.2076,5.283,0.708,0.385319944,negative
433.2077,4.995,0.768,-0.303399207,negative
434.1396,3.922,0.537,-0.639827116,negative
435.2232,5.611,0.384,0.910212279,negative
437.0497,3.488,0.587,-0.56194282,negative
437.0526,5.832,0.235,1.262867082,negative
437.18,7.078,0.114,1.732571901,negative
439.056,0.753,0.234,1.26741391,negative
439.1146,6.219,0.434,-0.814807453,negative
439.1607,4.307,0.392,0.895070122,negative
439.1608,3.725,0.11,-1.751237961,negative
439.1608,4.66,0.384,0.911097572,negative
441.0612,2.876,0.51,-0.682751349,negative
441.1026,3.212,0.0783,-1.961082124,negative
442.19,5.313,0.689,0.41214736,negative
443.1557,5.98,0.18,1.442549197,negative
445.0782,4.484,4.57E-05,6.830647931,negative
445.0903,0.667,0.702,0.3934293,negative
445.1072,3.893,0.659,0.455156882,negative
446.1795,4.499,0.524,-0.660736799,negative
446.1831,4.341,0.404,0.872000928,negative
446.2907,6.081,0.579,0.573257985,negative
446.2908,6.024,0.829,0.221523382,negative
446.2909,6.562,0.793,-0.269427047,negative
447.0919,4.504,0.0663,2.060379333,negative
447.0921,4.067,0.0544,2.177899526,negative
447.0928,3.777,0.0032,3.852655179,negative
447.092,4.187,0.0305,2.51792448,negative
448.1961,5.778,0.953,-0.060754255,negative
448.1966,4.911,0.227,-1.285871037,negative
448.3058,6.47,0.765,-0.307030058,negative
449.0698,2.589,0.217,1.316345256,negative
449.1074,4.301,0.00289,3.91424944,negative
449.254,8.044,0.899,-0.130248135,negative
457.0689,0.726,0.225,-1.294395763,negative
457.0963,2.367,0.18,-1.441183017,negative
457.097,2.652,0.111,-1.748205987,negative
457.2207,6.206,0.52,-0.666192949,negative
458.9733,3.815,0.647,0.471944734,negative
459.0843,2.964,0.294,1.107017837,negative
459.0924,4.452,0.089,-1.88337371,negative
459.093,3.801,7.19E-09,17.66659084,negative
459.1504,4.33,0.176,1.456993269,negative
459.1629,2.778,0.782,0.284663628,negative
461.0863,3.571,0.229,-1.280837666,negative
461.1337,5.706,0.5,0.699878954,negative
461.2388,5.842,0.925,-0.096060122,negative
462.1766,4.998,0.961,-0.050358163,negative
463.0831,5.418,0.488,-0.720580546,negative
463.2334,5.897,0.656,-0.459487771,negative
464.0663,2.822,0.092,-1.863258617,negative
464.1436,2.856,0.787,-0.277823621,negative
464.1437,2.772,0.7,-0.396540432,negative
464.1437,2.808,0.817,-0.237230399,negative
464.1438,3.474,0.899,0.130613775,negative
465.0845,4.208,0.0698,-2.029774845,negative
465.2493,6.146,0.657,-0.457748836,negative
467.1506,5.777,0.66,0.453088724,negative
467.1919,5.446,0.568,0.590400965,negative
467.2645,5.878,0.897,0.133228782,negative
468.0451,0.696,0.632,-0.49466243,negative
471.0822,3.708,0.0973,-1.829179002,negative
471.2417,6.297,0.704,0.391240183,negative
473.0995,3.464,0.632,0.494108147,negative
473.0996,2.932,0.769,0.302389635,negative
473.1448,4.73,0.944,-0.071923011,negative
475.0782,0.667,0.689,-0.411449771,negative
475.2184,5.932,0.565,0.595507933,negative
476.0359,3.919,0.982,-0.022527284,negative
477.1039,2.949,0.821,-0.232414869,negative
477.1039,4.686,0.0631,-2.090525079,negative
477.2332,5.701,0.853,-0.189698119,negative
479.0459,2.443,0.279,-1.145090379,negative
479.0465,3.005,0.481,-0.732025494,negative
479.0506,0.791,0.326,-1.032127703,negative
479.2283,5.383,0.65,-0.467368503,negative
480.0818,0.682,0.685,0.417743447,negative
480.1372,3.468,0.893,-0.138277498,negative
481.0163,4.286,0.862,0.177832675,negative
481.2073,5.68,0.215,1.323092006,negative
481.2439,5.242,0.563,-0.59841101,negative
482.2186,4.626,0.885,-0.14803352,negative
484.0498,2.566,0.417,-0.846428289,negative
485.0499,4.198,0.17,1.478948248,negative
485.0955,0.681,0.76,-0.313318835,negative
485.1661,4.43,0.844,0.20148964,negative
486.1199,5.689,0.927,0.094419574,negative
487.0759,2.632,0.204,-1.359166749,negative
489.0926,0.758,0.288,-1.121897143,negative
489.2111,3.578,0.352,-0.97553622,negative
489.2123,4.076,0.218,-1.315453232,negative
489.27,6.391,0.674,0.433326409,negative
489.27,6.555,0.795,0.266790125,negative
491.191,4.507,0.249,-1.225231971,negative
491.228,5.918,0.559,0.604287733,negative
491.2855,6.773,0.296,1.102745324,negative
492.1871,5.243,0.334,-1.015865245,negative
492.1884,4.319,0.227,-1.286250222,negative
493.0631,3.69,0.0407,-2.349189019,negative
493.0642,3.179,0.477,-0.739460695,negative
493.1666,4.573,9.79E-05,6.227473803,negative
493.228,4.95,0.703,0.391828877,negative
493.2439,6.516,0.291,1.114765139,negative
494.1144,0.666,0.429,-0.82338716,negative
495.1174,4.369,0.307,-1.076040781,negative
495.2227,4.812,0.631,-0.494849869,negative
495.2229,3.594,0.74,0.341293529,negative
495.2232,5.846,0.0762,1.977490353,negative
495.223,4.067,0.697,-0.400175634,negative
495.296,6.494,0.826,0.22559907,negative
496.198,6.048,0.933,0.086310519,negative
497.0695,3.785,1.16E-07,13.23504604,negative
497.2379,4.163,0.862,-0.178392233,negative
497.2751,5.86,0.669,-0.440067948,negative
499.0756,0.705,0.0724,-2.008251334,negative
500.1902,3.066,0.545,-0.626627781,negative
500.282,5.708,0.325,-1.03589807,negative
501.1339,4.505,0.695,-0.403063253,negative
501.2122,5.698,0.0962,-1.835862194,negative
502.1148,5.219,0.888,0.144636421,negative
502.2071,0.806,0.947,-0.067544177,negative
505.2452,7.002,0.0621,2.099394757,negative
507.2078,4.607,0.862,0.178007548,negative
507.2079,4.889,0.609,0.527985113,negative
507.2231,6.98,0.0929,-1.857623377,negative
509.0384,0.699,8.19E-06,8.337022198,negative
509.0409,3.291,1.55E-06,10.02414972,negative
509.0519,2.681,0.329,-1.025516078,negative
509.2379,5.991,0.89,-0.141314799,negative
509.2751,5.084,0.941,-0.075982749,negative
509.2751,6.332,0.84,0.206609843,negative
509.2752,5.821,0.97,0.038263347,negative
510.2524,6.169,0.701,0.394822777,negative
511.2181,5.843,0.132,1.638843326,negative
511.2544,5.206,0.8,0.25959107,negative
511.2909,6.014,0.874,0.162195053,negative
512.1916,6.018,0.844,-0.201605176,negative
512.2682,6.624,0.764,0.308427239,negative
513.0964,3.899,0.267,1.175977243,negative
514.136,3.993,0.194,1.392108707,negative
514.1681,4.367,0.281,-1.13897065,negative
514.1698,4.543,0.153,-1.545553422,negative
515.1648,5.296,0.244,-1.236636065,negative
517.0977,4.399,0.241,-1.247365891,negative
519.223,7.484,0.509,0.684722106,negative
521.1082,4.508,4.51E-05,6.840536791,negative
521.239,6.221,0.291,1.115475927,negative
524.0845,0.705,0.853,0.189980987,negative
525.0334,3.606,1.49E-06,10.06744586,negative
525.27,5.101,0.958,0.053908203,negative
526.0995,0.675,0.495,-0.708980582,negative
526.114,3.463,0.426,0.830316215,negative
526.2476,5.551,0.667,0.443629693,negative
528.2617,5.454,0.8,0.260641283,negative
528.2633,5.962,0.701,0.395022278,negative
529.121,5.76,0.639,0.483508378,negative
529.162,5.829,0.98,0.025463689,negative
531.0773,4.532,0.0699,2.029595086,negative
531.1447,4.141,0.83,0.21973559,negative
536.1898,4.583,0.971,-0.037867453,negative
539.1147,5.072,0.711,-0.381009554,negative
539.2494,4.677,0.537,-0.638743479,negative
541.1207,0.663,0.973,-0.034685536,negative
541.2651,4.526,0.413,-0.854021133,negative
541.2651,4.807,0.623,-0.506958978,negative
541.265,4.928,0.775,-0.293745749,negative
543.0792,0.704,0.434,0.815287334,negative
543.2074,5.421,0.191,-1.403385224,negative
544.1789,6.025,0.259,-1.197701807,negative
544.2886,5.154,0.764,-0.308316929,negative
547.1102,3.005,0.753,-0.323863611,negative
547.1106,0.67,0.339,-1.004659,negative
549.1196,2.793,0.649,-0.468808528,negative
549.1948,4.514,0.617,0.515476889,negative
549.1963,2.777,0.618,0.514729731,negative
550.1307,0.664,0.616,-0.517187988,negative
553.1926,5.396,0.113,1.73551529,negative
555.0787,2.996,0.165,-1.499895085,negative
557.2465,7.479,0.39,0.897792118,negative
559.1102,0.68,0.418,-0.844407714,negative
562.1922,4.035,0.728,-0.357191767,negative
563.1044,2.949,0.268,-1.17206233,negative
565.1557,4.485,0.729,0.355728602,negative
565.1563,4.799,0.79,0.273646477,negative
565.3012,5.907,0.695,0.40308286,negative
566.3329,6.114,0.718,0.371952504,negative
567.3168,5.938,0.809,0.24847525,negative
567.317,6.697,0.951,0.06298043,negative
569.0928,2.988,0.064,-2.081396657,negative
569.0956,3.38,0.449,-0.787092418,negative
569.1299,4.178,0.835,-0.21444824,negative
569.1307,3.754,0.757,-0.317655325,negative
569.1751,3.441,0.657,0.457084126,negative
571.1469,3.618,0.865,-0.174590623,negative
571.1476,4.081,0.569,-0.588188718,negative
572.1094,3.326,0.452,0.781722938,negative
572.2105,4.512,0.0118,-3.073439066,negative
572.2528,4.339,0.807,-0.250242807,negative
573.2393,7.26,0.95,0.064799766,negative
573.2395,6.305,0.948,0.066713525,negative
576.1317,0.792,0.733,-0.350367557,negative
576.1384,0.705,0.0108,-3.123051707,negative
577.1184,2.969,0.341,-0.999101803,negative
579.0457,0.796,0.874,0.163214161,negative
579.2066,4.211,0.063,-2.091597849,negative
580.1297,2.848,0.613,-0.522296272,negative
583.1089,3.742,0.686,-0.416580104,negative
583.3118,5.69,0.768,0.30293966,negative
583.3118,5.932,0.861,-0.179784786,negative
584.1374,3.972,0.667,0.443890967,negative
585.0184,3.643,0.136,1.619609206,negative
589.3024,5.037,0.55,-0.618368216,negative
590.1068,3.469,0.559,-0.604783549,negative
591.3184,5.021,0.591,0.554716169,negative
593.3333,5.048,0.591,0.55477294,negative
594.0962,3.363,0.789,0.274995139,negative
594.3642,5.768,0.505,0.691538929,negative
596.1248,2.733,0.504,-0.692697271,negative
600.2843,4.732,0.789,0.274303289,negative
601.2255,5.243,0.685,0.417576218,negative
605.1126,3.023,3.13E-05,7.143169581,negative
606.9991,3.815,0.807,0.251162824,negative
607.1267,3.483,0.316,-1.055031211,negative
608.1059,3.3,0.912,-0.113404873,negative
610.164,2.859,0.582,0.568456443,negative
611.069,3.647,0.589,-0.55806141,negative
611.1667,3.462,0.352,0.976294078,negative
613.3589,5.89,0.674,0.433085941,negative
617.1836,4.515,0.00117,4.484883029,negative
618.1838,3.802,0.546,-0.624281615,negative
618.1913,4.649,0.727,0.359078357,negative
623.0319,2.6,0.486,-0.722712555,negative
624.3385,6.01,0.74,0.341106726,negative
625.0354,3.814,0.425,0.831867948,negative
627.3743,6.176,0.628,-0.499233219,negative
629.3537,5.37,0.782,0.284557385,negative
636.1806,3.455,0.21,1.338853648,negative
639.0783,3.758,8.38E-06,8.315119514,negative
640.3332,4.371,0.42,-0.841042738,negative
640.3334,5.395,0.886,0.147045304,negative
645.1893,2.881,0.105,-1.782450861,negative
645.1896,3.451,0.952,-0.062048549,negative
649.0893,3.836,0.394,0.889814169,negative
651.3856,5.28,0.908,-0.118061062,negative
653.1834,2.294,0.569,-0.589588734,negative
659.2045,2.918,0.286,-1.126663957,negative
665.1832,2.777,0.522,-0.662813012,negative
665.1833,2.829,0.454,-0.778823889,negative
669.1448,2.74,0.614,0.520144898,negative
673.2558,7.365,0.748,0.33070312,negative
674.1395,3.477,0.782,0.284318356,negative
675.1222,2.643,0.613,0.521617194,negative
679.1625,3.856,0.66,-0.453242576,negative
680.165,3.608,0.67,-0.439482445,negative
680.2306,4.136,0.352,0.975729993,negative
681.2357,4.115,0.0488,2.242284693,negative
685.341,5.775,0.375,0.927560456,negative
690.3154,4.751,0.37,0.939483245,negative
691.3179,4.171,0.0271,-2.587561874,negative
741.1857,3.018,0.173,-1.468971182,negative
744.2193,2.763,0.939,0.078889474,negative
744.2195,3.468,0.761,0.312902467,negative
750.2363,3.468,0.731,0.354253658,negative
78.9585,0.702,0.364,0.951943939,negative
801.2549,4.519,0.183,1.429380874,negative
817.2886,4.438,0.259,-1.19554208,negative
845.2477,4.186,0.0582,-2.138351248,negative
853.2516,4.121,0.164,-1.503547897,negative
869.3936,6.15,0.298,-1.097269299,negative
889.161,3.783,0.554,-0.61277793,negative
908.2639,4.165,0.333,-1.017176451,negative
913.2118,3.895,0.163,-1.505029106,negative
951.181,3.008,0.507,-0.688663279,negative
973.198,3.133,0.186,-1.420751439,negative
100.0756,0.774,0.83,0.220571902,positive
1106.5217,3.833,0.819,-0.234508358,positive
111.0439,0.81,0.772,0.297075344,positive
111.044,2.998,0.782,0.284166148,positive
114.0669,0.645,0.363,0.952174775,positive
121.0283,0.799,0.602,-0.538129198,positive
121.0284,2.736,0.756,-0.319744108,positive
121.0284,3.033,0.893,0.13790821,positive
121.0284,3.689,0.78,0.287602967,positive
121.0646,4.206,0.3,1.092768498,positive
125.0597,3.726,0.766,-0.306207374,positive
131.0494,4.532,0.357,-0.966582795,positive
132.0444,0.791,0.724,0.36316205,positive
132.0768,0.656,0.183,1.42917099,positive
134.0601,3.31,0.51,0.683084278,positive
134.0963,0.777,0.712,0.380452373,positive
134.0964,2.689,0.971,0.037154458,positive
135.0441,3.831,0.069,-2.036570962,positive
136.0482,0.633,0.221,-1.305825297,positive
137.0597,3.062,0.241,-1.245212432,positive
137.0598,4.484,0.782,-0.284602848,positive
137.071,0.636,0.816,-0.239523913,positive
138.0551,0.654,0.448,-0.789035039,positive
138.0639,0.655,0.818,0.235977245,positive
139.0387,3.143,0.683,-0.420233552,positive
141.0659,0.655,0.64,0.481744669,positive
142.0862,0.71,0.0283,2.561154236,positive
144.0655,0.707,0.137,-1.617285982,positive
144.1023,0.656,0.077,-1.971236162,positive
144.1103,0.66,0.667,0.443431343,positive
144.1283,0.662,0.13,-1.651774753,positive
145.0648,5.215,0.119,-1.707041555,positive
146.0609,0.789,0.318,-1.051235919,positive
146.0614,2.317,0.396,-0.886279009,positive
146.0812,0.71,0.982,0.022522183,positive
148.1122,0.753,0.921,0.101166643,positive
148.112,2.583,0.87,0.168253258,positive
149.0596,0.765,0.363,-0.953848876,positive
149.0598,4.188,0.33,-1.023713272,positive
149.0598,7.95,0.744,-0.335584455,positive
152.0699,2.312,0.537,-0.63865085,positive
152.0705,2.812,0.68,-0.425063299,positive
152.07,0.791,0.708,-0.386082058,positive
153.0658,0.769,0.325,1.035417586,positive
153.0659,2.108,0.546,0.624216092,positive
156.0769,0.621,0.173,1.466904769,positive
159.1492,0.608,0.0139,2.976789157,positive
160.0405,2.57,0.527,0.65539273,positive
160.0967,0.691,0.0486,-2.244399286,positive
160.1332,0.662,0.943,-0.073396135,positive
162.1126,0.642,0.75,0.327967712,positive
163.0755,3.225,0.821,-0.231820643,positive
163.0993,3.595,0.842,0.204953208,positive
163.123,1.223,0.831,-0.219513132,positive
163.1243,0.654,0.392,0.89381052,positive
166.0723,0.669,0.801,-0.25836015,positive
166.0862,0.727,0.885,-0.148327763,positive
166.0863,2.395,0.927,-0.09403203,positive
166.1216,0.797,0.855,0.187526662,positive
166.1226,2.55,0.988,0.014823109,positive
166.131,0.809,0.984,-0.019955018,positive
167.0562,0.774,0.856,0.186546978,positive
167.0563,2.234,0.895,0.135430099,positive
167.0564,2.346,0.778,0.289901556,positive
167.0795,4.248,0.27,-1.16650406,positive
169.0358,1.154,0.772,-0.297784883,positive
170.0447,0.81,0.283,1.135382397,positive
170.0448,2.599,0.231,1.27530563,positive
170.0602,4.487,0.843,-0.203874951,positive
170.0631,0.751,0.185,1.424377393,positive
170.0926,0.62,0.057,2.151091828,positive
174.0873,0.814,0.226,1.289590608,positive
174.1237,2.04,0.221,-1.304976966,positive
175.1442,0.616,0.664,0.448178767,positive
176.0707,4.755,0.585,-0.56353047,positive
177.0546,3.653,0.24,-1.24978773,positive
177.102,0.741,0.7,-0.396989551,positive
177.1123,4.741,0.963,-0.047371285,positive
180.0658,2.895,0.433,-0.816248525,positive
180.0658,3.481,0.394,-0.890345056,positive
180.0739,3.473,0.371,-0.935933153,positive
181.0609,3.097,0.939,-0.078641982,positive
181.0704,2.671,0.922,0.099982283,positive
181.0717,0.801,0.816,0.238267779,positive
182.0715,2.896,0.248,-1.226422639,positive
183.0644,2.192,0.935,0.084100701,positive
183.0645,2.074,0.878,-0.158022701,positive
183.0655,4.503,0.988,0.014993682,positive
185.0912,0.756,0.582,0.569587122,positive
185.1284,0.796,0.499,0.701829166,positive
185.1284,2.751,0.773,0.296295219,positive
186.1124,4.054,0.2,-1.370884818,positive
189.1684,0.616,0.0605,2.114972208,positive
189.16,0.615,0.308,1.073055839,positive
190.0499,3.133,0.63,0.49676243,positive
191.1066,5.298,0.33,-1.023788217,positive
192.0659,4.563,0.0638,-2.084159184,positive
192.1052,3.316,0.063,2.091298787,positive
193.0968,0.764,0.23,1.279685977,positive
193.1547,0.646,0.623,-0.507485401,positive
195.0647,0.814,0.0695,-2.032638391,positive
195.0874,3.353,0.584,0.56644603,positive
196.0604,3.589,0.828,-0.222873281,positive
196.0604,4.033,0.78,-0.287450555,positive
196.0605,2.921,0.638,-0.484700307,positive
196.0693,3.577,0.581,-0.570443535,positive
199.0965,3.235,0.667,-0.442748162,positive
199.0965,3.748,0.774,-0.294567196,positive
199.1068,3.168,0.389,-0.900949443,positive
199.1069,3.734,0.313,-1.061724935,positive
200.1281,5.02,0.525,0.657950879,positive
202.1437,5.378,0.489,0.718809419,positive
203.0814,0.73,0.994,0.008340897,positive
203.139,0.665,0.0963,1.83571502,positive
203.1502,0.654,0.827,0.224420208,positive
204.1231,0.665,0.621,0.510173936,positive
204.1231,1.146,0.841,0.206555197,positive
205.0971,2.931,0.957,0.055153209,positive
205.097,0.801,0.903,0.124444995,positive
210.0607,1.159,0.369,-0.94087966,positive
213.0757,3.832,0.512,-0.679629312,positive
213.076,4.23,0.561,-0.600643594,positive
213.1234,0.672,0.386,-0.90729438,positive
215.0163,0.719,0.12,-1.70177571,positive
217.118,0.7,0.833,0.21586441,positive
217.1547,0.664,0.733,0.350789459,positive
218.0426,0.785,0.448,-0.788946241,positive
218.1384,6.89,0.297,-1.10032252,positive
218.1386,2.048,0.913,0.112163749,positive
219.1705,0.65,0.0397,-2.36394909,positive
220.0637,0.707,0.816,0.238968845,positive
220.0638,2.227,0.937,-0.081191183,positive
220.1178,2.562,0.655,-0.460394602,positive
220.1179,0.735,0.519,-0.669124788,positive
220.1367,4.453,0.063,2.090957372,positive
222.1126,4.749,0.324,1.03762316,positive
224.056,3.685,0.858,0.183730805,positive
226.071,3.019,0.271,1.164196492,positive
226.9516,0.553,0.988,0.015319199,positive
227.1026,2.542,0.828,0.223398252,positive
229.0704,2.103,0.181,-1.43762408,positive
229.0982,5.024,0.247,1.229854854,positive
229.1182,0.667,0.726,0.360763056,positive
229.1547,1.206,0.0829,1.92653554,positive
229.1547,1.899,0.273,1.158911092,positive
229.1547,2.116,0.0904,1.87381859,positive
229.1549,0.669,0.215,1.324571585,positive
230.1106,4.213,0.247,-1.230112868,positive
230.9902,0.718,0.0286,-2.555970837,positive
231.1009,6.633,0.57,-0.587430699,positive
232.0264,2.519,0.694,-0.405042088,positive
232.1543,0.707,0.732,0.35243115,positive
232.1544,2.651,0.969,0.040485299,positive
234.1122,4.883,0.00105,-4.552660094,positive
235.0574,3.619,0.147,-1.572223107,positive
237.1232,2.723,0.404,-0.870758939,positive
239.1389,4.617,0.546,-0.624686602,positive
240.0954,4.039,0.974,-0.033886587,positive
240.1607,5.206,0.808,-0.248961898,positive
241.1546,1.985,0.596,0.54784108,positive
242.1115,4.496,0.839,0.208820227,positive
242.1325,4.563,0.896,0.133482649,positive
242.1417,4.559,0.886,0.147503746,positive
242.1504,4.993,0.703,0.392805834,positive
243.0877,4.57,0.417,-0.846971194,positive
243.1339,3.536,0.0593,2.127011773,positive
244.1269,4.537,0.982,0.023470038,positive
244.1542,0.804,0.208,1.34517675,positive
244.1542,3.098,0.714,0.377502336,positive
244.1711,3.868,0.0987,-1.820703619,positive
245.0798,4.776,0.424,0.832755818,positive
245.1494,3.787,0.0723,2.008767037,positive
245.1495,3.326,0.0908,1.871176915,positive
246.0972,2.12,0.21,-1.339386791,positive
246.1699,0.806,0.727,0.359678906,positive
246.17,3.238,0.867,0.171394657,positive
247.1076,4.297,0.891,-0.140824455,positive
247.1078,4.488,0.762,-0.311155807,positive
247.1288,0.789,0.414,0.853188083,positive
247.1424,0.808,0.92,-0.102818441,positive
247.1441,3.239,0.978,0.028354187,positive
248.1679,5.389,0.0956,1.83992604,positive
249.0966,4.117,0.513,-0.678893926,positive
250.1107,3.546,0.018,-2.823863624,positive
251.1276,5.991,0.0706,2.02280027,positive
254.1398,5.274,0.533,-0.64554839,positive
254.1765,6.358,0.309,-1.071272456,positive
255.0655,5.039,3.15E-06,9.275176035,positive
256.1666,4.784,0.61,-0.52594759,positive
257.1494,3.646,0.108,1.764535454,positive
257.1495,4.039,0.0887,1.885741842,positive
257.153,5.622,0.349,0.982566145,positive
257.2261,6.012,0.796,-0.265730807,positive
258.1241,0.69,0.476,0.740032332,positive
258.1269,3.305,0.326,-1.031923297,positive
258.128,4.17,0.849,-0.195804171,positive
258.1827,3.513,0.645,0.475503067,positive
258.1834,4.934,0.191,-1.40123848,positive
258.1848,3.943,0.441,-0.803187844,positive
258.1947,3.931,0.598,-0.544072403,positive
259.1651,4.324,0.184,1.427829382,positive
260.1492,2.107,0.753,0.324017143,positive
261.1442,0.8,0.508,0.686864634,positive
261.1443,3.263,0.689,-0.411468177,positive
261.1443,3.733,0.672,-0.436820993,positive
262.1648,2.169,0.961,0.049955127,positive
263.0816,7.148,0.918,-0.105779511,positive
263.1025,3.498,0.453,-0.781390071,positive
265.1191,2.889,0.781,0.286137145,positive
265.1195,3.466,0.714,0.377551474,positive
265.1278,3.383,0.0456,2.282353177,positive
265.1556,3.46,0.434,0.814759972,positive
266.1022,3.875,0.632,0.493620812,positive
266.1357,3.432,0.484,0.727093349,positive
266.1362,3.431,0.737,-0.344857177,positive
267.1329,3.967,0.832,-0.217927012,positive
267.1335,4.316,0.658,-0.456522146,positive
269.1244,0.667,0.626,0.502091556,positive
270.183,4.814,0.177,-1.451550566,positive
271.0596,4.449,4.08E-07,11.58009441,positive
271.0753,2.433,0.473,-0.746314488,positive
271.0761,0.756,0.564,-0.596719953,positive
271.1653,4.288,0.17,1.480368692,positive
271.1656,4.57,0.0488,2.242980831,positive
272.1663,5.352,0.665,-0.44665563,positive
272.1855,3.975,0.785,-0.280598036,positive
272.2044,4.93,0.279,-1.145298333,positive
272.2049,4.967,0.274,-1.157169013,positive
272.2382,4.968,0.338,-1.005720802,positive
273.2384,4.97,0.345,-0.991300064,positive
274.1181,0.778,0.572,0.583967034,positive
274.1778,4.235,0.441,-0.803098266,positive
274.1833,5.809,0.0548,2.17381953,positive
274.2013,4.449,0.483,0.729186848,positive
274.2138,4.28,0.937,-0.081548508,positive
276.1366,0.762,0.962,-0.049416531,positive
276.1375,2.825,0.949,0.066210505,positive
276.1442,0.669,0.555,0.610694124,positive
276.1442,2.061,0.89,0.141945254,positive
276.1991,6.202,0.538,0.637536502,positive
277.1173,0.79,0.503,0.695457476,positive
277.1432,7.079,0.00873,3.249539983,positive
278.1335,0.718,0.91,-0.11556511,positive
279.1317,4.044,0.804,0.254449449,positive
279.1332,3.64,0.375,-0.92865485,positive
280.1543,3.604,0.657,0.457755774,positive
281.1128,0.728,0.287,1.125727576,positive
281.1128,0.765,0.137,1.615037353,positive
281.1131,3.801,0.0734,1.999997767,positive
281.113,2.62,0.729,0.355803923,positive
281.113,3.046,0.148,1.565681919,positive
282.1196,1.153,0.187,-1.414854203,positive
283.1287,4.036,0.372,0.934964104,positive
284.092,3.463,0.444,0.797159403,positive
284.1855,4.179,0.731,0.352970469,positive
285.1441,0.774,0.542,0.630571105,positive
285.1804,5.23,0.33,1.023470119,positive
286.1284,2.172,0.36,0.959687107,positive
286.1445,2.886,0.963,0.047740273,positive
286.1792,4.126,0.422,0.836987381,positive
286.2019,4.654,0.59,0.556636673,positive
286.2113,4.609,0.374,-0.929645491,positive
287.1002,2.762,0.446,-0.793124913,positive
287.1003,2.867,0.53,-0.650140284,positive
287.1004,3.467,0.631,-0.495748864,positive
287.1598,0.805,0.234,1.26702503,positive
287.1967,0.655,0.0729,-2.004301962,positive
288.1616,4.254,0.333,1.018089868,positive
288.1937,3.464,0.618,0.514176482,positive
288.1983,5.173,0.792,0.270452998,positive
288.2168,4.83,0.504,0.692765752,positive
288.2295,5.182,0.163,1.506909027,positive
289.1393,3.497,0.509,0.68426758,positive
290.1419,5.181,0.405,-0.869561907,positive
290.1595,0.783,0.789,0.275158045,positive
290.1597,2.525,0.803,0.255798172,positive
290.1739,3.326,0.84,-0.207699029,positive
292.1575,3.656,0.0603,-2.116895631,positive
293.1465,4.573,0.1,-1.810371645,positive
295.048,2.58,0.442,-0.801308039,positive
295.1284,0.813,0.504,0.69280492,positive
295.1287,3.186,0.667,0.44331899,positive
296.1492,2.896,0.554,0.612151524,positive
296.1628,4.092,0.813,0.242984369,positive
297.1443,3.938,0.69,-0.410574045,positive
300.199,6.283,0.684,0.41885345,positive
300.2168,5.214,0.937,-0.081435227,positive
300.217,5.005,0.99,-0.013319167,positive
301.1221,3.855,0.701,-0.394600318,positive
301.1391,0.795,0.2,1.371261725,positive
302.1232,3.89,0.826,0.226136657,positive
302.1418,0.788,0.549,0.620812669,positive
302.1423,3.205,0.881,-0.154057022,positive
302.1728,6.009,0.545,-0.625920009,positive
302.1959,0.798,0.0153,2.921904058,positive
302.196,3.701,0.247,1.23030004,positive
302.2329,5.39,0.75,0.328220699,positive
302.2435,5.373,0.592,0.553568906,positive
302.2687,5.39,0.288,1.123165101,positive
303.0741,3.467,0.37,-0.938478369,positive
303.0862,4.684,0.0399,-2.360902102,positive
303.1704,6.179,0.772,-0.297463859,positive
304.129,3.192,1,1.16E-05,positive
304.129,3.69,0.922,0.100441981,positive
304.15,0.797,0.552,0.615510405,positive
304.1925,4.641,0.689,-0.412143365,positive
304.2117,4.122,0.484,0.726438252,positive
305.0863,2.684,0.327,-1.029619248,positive
305.0865,0.744,0.441,-0.802640926,positive
305.1857,4.623,0.809,0.247827383,positive
306.1703,4.74,0.154,-1.542258514,positive
307.1221,2.208,0.561,0.601624338,positive
307.2,5.592,0.597,-0.546331246,positive
308.168,5.004,0.995,-0.006880952,positive
308.1854,4.932,0.525,-0.657975367,positive
308.1987,4.967,0.675,-0.432518765,positive
308.2029,4.983,0.937,0.081332056,positive
309.1689,5.025,0.958,0.05452829,positive
310.1653,3.385,0.857,-0.18533774,positive
310.2375,5.158,0.981,0.024699442,positive
311.1488,4.505,0.0672,-2.052775421,positive
311.1563,5.057,0.858,0.182994955,positive
312.1299,0.786,0.907,0.12035703,positive
312.1301,2.601,0.671,-0.438154275,positive
312.2162,5.201,0.677,0.429700746,positive
312.2166,4.927,0.087,-1.897115909,positive
312.2168,5.505,0.75,0.326971652,positive
313.0848,2.276,0.713,-0.378171874,positive
313.0853,3.183,0.524,-0.659926587,positive
314.2327,5.619,0.216,1.319990085,positive
316.1385,4.504,4.61E-07,11.42889909,positive
316.1938,5.631,0.196,1.384056091,positive
316.248,5.914,0.567,0.592655127,positive
316.248,6.107,0.173,1.46839419,positive
317.0855,0.773,0.469,0.752772278,positive
318.1438,2.762,0.24,1.250301754,positive
318.1909,0.803,0.0769,1.971863357,positive
318.191,3.368,0.277,1.149965474,positive
318.2093,5.034,0.145,1.581173652,positive
319.1649,4.258,0.926,0.095724304,positive
319.165,3.812,0.572,0.583680255,positive
322.1811,5.096,0.968,0.04158136,positive
322.2005,4.899,0.103,-1.79238005,positive
324.1249,2.964,0.24,1.248792579,positive
324.1258,3.118,0.453,0.780383946,positive
325.1697,5.177,0.981,0.024113444,positive
325.1883,3.576,0.919,-0.104715486,positive
326.0869,2.134,0.913,0.111579064,positive
326.1962,5.293,0.869,-0.16884485,positive
327.0685,0.734,0.121,-1.696776255,positive
328.1026,3.567,0.875,0.161725692,positive
328.1873,2.778,0.651,-0.466823784,positive
328.2118,4.717,0.763,-0.309488051,positive
328.2482,6.065,0.254,1.209063664,positive
328.248,6.21,0.917,-0.106971378,positive
329.2074,3.337,0.475,-0.74298544,positive
330.1909,3.491,0.34,1.002543687,positive
330.2272,4.126,0.85,-0.193869759,positive
330.2275,4.829,0.0065,3.424396086,positive
331.2276,4.919,0.793,0.270160621,positive
331.2294,4.533,0.674,-0.433626332,positive
336.2167,5.325,0.421,0.839135248,positive
337.1754,3.847,0.972,0.035991232,positive
338.0825,3.449,0.829,0.221716427,positive
338.0863,0.805,0.543,-0.629795166,positive
338.0865,3.299,0.519,-0.669179311,positive
338.1399,3.076,0.628,-0.499343515,positive
338.1737,6.007,0.97,0.038239564,positive
338.1777,5.232,0.633,0.492458367,positive
338.2323,5.729,0.253,1.214125488,positive
338.2324,5.637,0.404,0.871639445,positive
340.1025,3.555,0.804,-0.255258597,positive
340.1026,3.009,0.656,-0.459099593,positive
340.1336,2.71,0.995,0.006059675,positive
340.2479,6.162,0.485,0.725465143,positive
341.1709,3.522,0.105,1.782992958,positive
341.183,2.936,0.687,-0.414720076,positive
341.1877,3.826,0.679,-0.426267197,positive
342.1686,3.782,0.919,-0.104790941,positive
342.173,5.69,0.0764,1.975552482,positive
342.2635,6.518,0.462,0.76444952,positive
343.1003,0.795,0.149,-1.564547785,positive
343.1674,2.639,0.741,-0.339508447,positive
343.2227,4.522,0.671,-0.436938254,positive
344.2066,4.021,0.228,1.285735815,positive
344.2431,4.284,0.273,1.159072165,positive
344.2542,4.012,0.995,0.007031865,positive
346.2221,2.636,0.183,-1.432376987,positive
349.0869,0.775,0.25,-1.221196318,positive
350.0854,0.775,0.738,-0.344222303,positive
350.2065,3.938,0.683,-0.420875107,positive
350.2322,5.809,0.468,-0.754598567,positive
354.1544,3.176,0.333,-1.01819339,positive
355.2625,6.784,0.698,-0.400011161,positive
356.1907,4.001,0.78,-0.28634147,positive
356.2429,4.821,0.731,0.353431045,positive
356.2429,5.382,0.393,0.892808387,positive
356.2429,5.634,0.592,0.553590281,positive
357.1179,3.698,0.00835,-3.275816674,positive
357.2786,5.926,0.594,0.550936918,positive
357.2787,6.664,0.954,0.059062465,positive
358.1496,4.728,0.464,-0.761102367,positive
358.2585,4.768,0.353,0.974225207,positive
358.2585,5.127,0.579,0.573797191,positive
358.2589,5.812,0.709,0.383828342,positive
363.1428,4.369,0.356,-0.967739821,positive
364.0426,0.774,0.844,-0.202232597,positive
364.1964,4.526,0.0679,-2.046515938,positive
364.196,3.31,0.201,-1.368629472,positive
366.1108,0.7,0.958,-0.054234865,positive
366.1127,3.577,0.884,-0.14971917,positive
366.1134,3.129,0.164,1.502135666,positive
366.2039,4.917,0.623,-0.50745554,positive
367.1497,0.741,0.707,-0.387096056,positive
367.1498,2.362,0.64,0.482074705,positive
369.1289,3.506,0.0477,2.255945535,positive
369.1292,3.953,0.0741,1.994565822,positive
369.129,3.414,0.224,1.295431935,positive
372.1861,3.381,0.443,-0.798290182,positive
373.1128,2.656,0.62,-0.512252473,positive
375.2614,3.928,0.417,-0.845715663,positive
377.1448,3.492,0.893,0.13809325,positive
378.1418,3.378,0.615,-0.519229595,positive
378.1755,4.358,0.418,-0.845567422,positive
378.1767,3.465,0.702,0.393376966,positive
380.1102,4.279,0.8,-0.260157758,positive
381.1534,4.397,0.21,-1.340514877,positive
383.0941,2.983,0.307,-1.075725776,positive
383.0946,0.768,0.273,-1.160232341,positive
383.133,0.792,0.16,-1.518922057,positive
384.1146,2.579,0.336,1.011736588,positive
384.1171,0.716,0.539,0.635738335,positive
384.1228,2.31,0.807,0.251423234,positive
385.1464,0.793,0.0402,-2.356237569,positive
385.3097,5.886,0.593,0.552748919,positive
389.1625,5.768,0.148,1.568860255,positive
390.1393,3.49,0.198,-1.378031419,positive
390.2632,6.892,0.611,-0.525046258,positive
392.1549,3.207,0.0611,-2.109266464,positive
392.1549,3.682,0.159,-1.521432914,positive
394.0744,0.764,0.699,-0.397405967,positive
394.1701,3.105,0.0487,-2.243519044,positive
394.1707,0.77,0.101,-1.80442372,positive
395.1334,4.462,0.462,-0.765087004,positive
398.1138,3.137,0.0807,-1.942616727,positive
398.1421,3.384,0.465,0.758910836,positive
398.1452,4.007,0.297,1.099144943,positive
398.1823,5.89,0.389,-0.900335187,positive
400.1973,6.231,0.51,-0.68306752,positive
400.2173,3.807,0.987,-0.016506896,positive
400.269,4.886,0.937,0.080950858,positive
402.2845,4.888,0.102,1.79755209,positive
402.2846,5.623,0.0742,1.993324355,positive
405.1518,6.25,0.285,-1.130761561,positive
406.1258,5.43,0.774,-0.295506778,positive
410.0483,0.757,0.709,-0.383819923,positive
410.1446,4.093,0.951,-0.062570155,positive
410.1459,4.445,0.277,-1.148582881,positive
412.2838,6.085,0.481,0.732417461,positive
412.284,6.004,0.796,0.266037611,positive
413.0425,3.484,0.409,-0.862612846,positive
413.1052,2.633,0.326,-1.032169569,positive
413.1411,0.782,0.248,1.227417027,positive
413.1413,2.988,0.824,0.228292037,positive
414.2998,5.934,0.704,0.39074891,positive
414.2998,5.974,0.649,0.469669596,positive
414.3361,5.556,0.751,0.326708905,positive
415.0333,3.007,0.653,-0.463232689,positive
416.1472,3.465,0.646,0.472870311,positive
416.1915,4.419,0.775,-0.294151572,positive
416.2124,3.558,0.504,-0.693125525,positive
416.3152,4.924,0.975,0.032210217,positive
416.3153,6.637,0.731,0.353514047,positive
416.3517,5.027,0.982,0.023464602,positive
418.1658,4.047,0.984,0.020791504,positive
420.1268,2.836,0.975,0.03182094,positive
420.1859,3.752,0.624,0.505398656,positive
420.1863,3.296,0.59,-0.557199326,positive
422.2054,3.013,0.753,-0.323723466,positive
424.1599,5.447,0.532,-0.646865611,positive
425.2145,9.778,0.595,-0.548702554,positive
429.1143,5.43,0.611,-0.524639622,positive
429.2112,4.041,0.0253,-2.626168301,positive
430.1728,4.485,0.431,-0.820231632,positive
430.2032,5.342,0.836,0.213056907,positive
430.2946,5.306,0.478,0.736292662,positive
431.0964,3.273,1.67E-07,12.7318993,positive
431.0966,3.757,6.61E-08,14.0362153,positive
431.0972,4.035,1.75E-08,16.11389519,positive
432.1859,3.705,0.834,-0.214919561,positive
432.2483,2.831,0.855,0.188128703,positive
432.3103,6.468,0.923,-0.099588947,positive
432.3465,4.852,0.943,-0.073121473,positive
433.1121,3.884,6.34E-07,11.04553027,positive
433.1123,3.32,2.07E-07,12.44558914,positive
433.2362,4.04,0.243,1.240524607,positive
434.1403,3.73,0.979,-0.026838897,positive
434.1523,3.477,0.803,-0.256071836,positive
434.1581,3.919,0.653,0.463337606,positive
435.1282,4.891,6.59E-09,17.82712829,positive
436.1558,2.94,0.871,0.166426008,positive
436.1558,3.898,0.343,0.995933157,positive
436.1596,4.464,0.138,1.611955983,positive
436.1964,4.096,0.511,0.681921546,positive
436.1971,4.541,0.755,0.32112592,positive
436.225,0.726,0.23,-1.277975255,positive
438.1601,0.745,0.723,-0.363972804,positive
438.1606,2.865,0.553,-0.613876355,positive
441.1613,0.696,0.844,-0.202059385,positive
444.1861,4.37,0.388,0.902592389,positive
444.2226,4.583,0.658,0.455911167,positive
444.3097,5.039,0.893,0.137496515,positive
446.2388,3.483,0.8,-0.25976339,positive
447.0916,4.229,3.89E-07,11.63889139,positive
447.113,3.587,0.72,0.369403288,positive
448.1364,3.004,0.873,-0.164498932,positive
448.1967,3.611,0.749,-0.32841457,positive
448.1978,4.334,0.307,-1.076162867,positive
448.2321,4.67,0.118,-1.70908534,positive
448.3052,5.404,0.754,0.321985208,positive
448.3055,6.562,0.79,-0.273414998,positive
449.1046,3.633,0.00314,3.864035829,positive
449.1059,4.17,0.00988,3.176540492,positive
449.1076,4.454,0.0726,2.006572985,positive
450.1364,0.798,0.761,0.312296072,positive
450.2125,4.913,0.623,-0.507938114,positive
450.2132,5.757,0.425,0.830867155,positive
450.213,5.045,0.99,-0.01263227,positive
452.1914,4.626,0.787,-0.277049689,positive
452.1914,4.683,0.71,-0.383088297,positive
452.2062,5.052,0.399,0.881762238,positive
455.7883,4.34,0.342,-0.996737206,positive
457.2213,5.699,0.215,-1.323557786,positive
457.2496,6.911,0.0812,1.938833984,positive
458.1454,0.678,0.893,-0.137882129,positive
458.202,4.658,0.281,1.140441057,positive
461.1074,3.814,3.49E-09,19.02935788,positive
461.1078,3.304,3.83E-09,18.84692465,positive
462.1965,5.965,0.113,1.738762123,positive
464.1911,4.995,0.944,-0.071678915,positive
464.2272,0.798,0.398,-0.882728053,positive
464.2281,3.182,0.593,-0.551582521,positive
465.0856,4.069,0.802,0.257607384,positive
466.2058,4.763,0.933,-0.086222692,positive
468.2225,4.941,0.653,0.462744136,positive
469.2077,2.929,0.626,0.503274379,positive
470.2865,6.552,0.743,0.337500542,positive
474.1718,0.703,0.521,-0.66493422,positive
475.2467,4.955,0.162,1.511393113,positive
478.2067,3.637,0.462,-0.765007578,positive
480.2037,3.652,0.72,0.368765668,positive
480.2234,4.382,0.462,-0.764025816,positive
482.1231,3.477,0.425,-0.831113164,positive
484.2903,6.142,0.948,-0.06694824,positive
486.2329,5.447,0.398,0.882161164,positive
487.2086,3.066,0.711,-0.381568922,positive
489.2311,4.429,0.753,0.323176484,positive
491.2279,4.076,0.489,-0.717604099,positive
498.0952,3.472,0.61,-0.526097363,positive
500.2812,6.002,0.506,-0.689029211,positive
500.2849,5.194,0.602,-0.537914613,positive
501.2038,4.801,0.948,0.066681803,positive
502.2964,5.697,0.528,-0.654432344,positive
503.1571,3.796,0.942,-0.073984817,positive
504.1824,0.676,0.461,-0.76745701,positive
504.2071,4.427,0.217,1.316773642,positive
504.2224,3.279,0.969,0.039999259,positive
504.2644,3.847,0.549,-0.620364486,positive
505.236,2.917,0.989,-0.014441266,positive
505.2371,0.816,0.8,0.260731887,positive
508.28,2.988,0.927,0.094292845,positive
512.2857,6.504,0.264,1.183691306,positive
514.2642,5.844,0.139,1.607460473,positive
523.0001,5.152,0.483,-0.729284277,positive
526.2647,6.979,0.15,-1.557496716,positive
530.2018,4.016,0.945,-0.070383947,positive
530.3214,4.045,0.368,-0.942533431,positive
532.1906,0.792,0.925,0.096018418,positive
532.3526,10.707,0.62,-0.511157882,positive
543.3195,5.303,0.956,0.056627521,positive
544.3373,4.266,0.796,0.265722407,positive
551.2103,2.591,0.916,-0.108143578,positive
552.3496,5.214,0.314,-1.059213667,positive
553.2943,6.108,0.66,0.453579309,positive
555.3098,6.452,0.623,0.507382397,positive
559.2603,7.463,0.512,0.679261815,positive
560.3058,5.064,0.955,0.057856327,positive
562.2489,5.434,0.283,-1.135771135,positive
565.2029,0.801,0.409,-0.860994033,positive
567.1757,2.786,0.828,0.222713554,positive
572.2333,5.399,0.169,-1.482329277,positive
574.2227,0.788,0.845,-0.20004602,positive
575.2542,6.292,0.97,-0.03847934,positive
575.384,5.148,0.807,0.250305331,positive
576.1819,0.788,0.981,-0.025017354,positive
579.2172,2.935,0.0862,-1.902842154,positive
579.3413,3.735,0.824,0.228554065,positive
583.1477,2.876,0.703,0.392874598,positive
586.2128,3.002,0.822,-0.231307321,positive
588.3229,4.257,0.333,-1.017130368,positive
591.3167,5.042,0.717,-0.373564338,positive
592.3019,3.483,0.98,-0.026283404,positive
593.3321,5.017,0.725,0.361748096,positive
595.3478,5.049,0.738,0.343299545,positive
603.4563,5.393,0.992,-0.01062509,positive
605.3265,2.998,0.319,-1.048591511,positive
606.1346,2.583,0.583,-0.567846129,positive
606.2801,3.463,0.886,0.146622854,positive
61.0395,0.663,0.964,0.045863433,positive
618.2905,3.277,0.809,0.248790674,positive
651.105,3.812,0.337,-1.008910545,positive
677.186,3.444,0.502,0.695979924,positive
685.2837,4.555,0.709,0.383775993,positive
693.1579,3.427,0.781,-0.286153792,positive
705.3808,3.85,0.807,0.250410718,positive
715.3756,3.922,0.473,0.745618558,positive
717.3914,3.919,0.852,0.192004587,positive
719.3713,3.228,0.812,0.244249137,positive
719.3715,3.54,0.811,0.24548688,positive
719.3726,3.874,0.43,-0.82267743,positive
723.3228,3.019,0.331,-1.021660767,positive
728.3715,3.305,0.839,-0.207982349,positive
731.4168,3.418,0.362,-0.955720091,positive
733.3859,3.912,0.283,-1.13490102,positive
755.1895,2.903,0.766,0.306134166,positive
755.19,3.465,0.664,0.447803677,positive
76.0757,0.642,0.142,-1.593179073,positive
912.3994,3.075,0.921,0.101771906,positive